🏗️  Setting up training environment...
[38;5;159m[Genesis] [21:12:19] [INFO] [38;5;121m╭───────────────────────────────────────────────╮[0m[38;5;159m[0m
[38;5;159m[Genesis] [21:12:19] [INFO] [38;5;121m│┈┉┈┉┈┉┈┉┈┉┈┉┈┉┈┉┈┉┈[0m[38;5;159m [38;5;121m[1m[3mGenesis[0m[38;5;159m [38;5;121m┈┉┈┉┈┉┈┉┈┉┈┉┈┉┈┉┈┉┈│[0m[38;5;159m[0m
[38;5;159m[Genesis] [21:12:19] [INFO] [38;5;121m╰───────────────────────────────────────────────╯[0m[38;5;159m[0m
[38;5;159m[Genesis] [21:12:19] [INFO] [38;5;121m╭───────────────────────────────────────────────╮[0m[38;5;159m[0m
[38;5;159m[Genesis] [21:12:19] [INFO] [38;5;121m│┈┉┈┉┈┉┈┉┈┉┈┉┈┉┈┉┈┉┈[0m[38;5;159m [38;5;121m[1m[3mGenesis[0m[38;5;159m [38;5;121m┈┉┈┉┈┉┈┉┈┉┈┉┈┉┈┉┈┉┈│[0m[38;5;159m[0m
[38;5;159m[Genesis] [21:12:19] [INFO] [38;5;121m╰───────────────────────────────────────────────╯[0m[38;5;159m[0m
[38;5;159m[Genesis] [21:12:19] [INFO] [38;5;121m╭───────────────────────────────────────────────╮[0m[38;5;159m[0m
[38;5;159m[Genesis] [21:12:19] [INFO] [38;5;121m│┈┉┈┉┈┉┈┉┈┉┈┉┈┉┈┉┈┉┈[0m[38;5;159m [38;5;121m[1m[3mGenesis[0m[38;5;159m [38;5;121m┈┉┈┉┈┉┈┉┈┉┈┉┈┉┈┉┈┉┈│[0m[38;5;159m[0m
[38;5;159m[Genesis] [21:12:19] [INFO] [38;5;121m╰───────────────────────────────────────────────╯[0m[38;5;159m[0m
[38;5;159m[Genesis] [21:12:19] [INFO] [38;5;121m╭───────────────────────────────────────────────╮[0m[38;5;159m[0m
[38;5;159m[Genesis] [21:12:19] [INFO] [38;5;121m│┈┉┈┉┈┉┈┉┈┉┈┉┈┉┈┉┈┉┈[0m[38;5;159m [38;5;121m[1m[3mGenesis[0m[38;5;159m [38;5;121m┈┉┈┉┈┉┈┉┈┉┈┉┈┉┈┉┈┉┈│[0m[38;5;159m[0m
[38;5;159m[Genesis] [21:12:19] [INFO] [38;5;121m╰───────────────────────────────────────────────╯[0m[38;5;159m[0m
[38;5;159m[Genesis] [21:12:19] [INFO] Running on [38;5;121m[4m[NVIDIA GeForce RTX 3060 Ti][0m[38;5;159m with backend [38;5;121m[4mgs.cuda[0m[38;5;159m. Device memory: [38;5;121m[4m7.63[0m[38;5;159m GB.[0m
[38;5;159m[Genesis] [21:12:19] [INFO] Running on [38;5;121m[4m[NVIDIA GeForce RTX 3060 Ti][0m[38;5;159m with backend [38;5;121m[4mgs.cuda[0m[38;5;159m. Device memory: [38;5;121m[4m7.63[0m[38;5;159m GB.[0m
[38;5;159m[Genesis] [21:12:19] [INFO] Running on [38;5;121m[4m[NVIDIA GeForce RTX 3060 Ti][0m[38;5;159m with backend [38;5;121m[4mgs.cuda[0m[38;5;159m. Device memory: [38;5;121m[4m7.63[0m[38;5;159m GB.[0m
[38;5;159m[Genesis] [21:12:19] [INFO] Running on [38;5;121m[4m[NVIDIA GeForce RTX 3060 Ti][0m[38;5;159m with backend [38;5;121m[4mgs.cuda[0m[38;5;159m. Device memory: [38;5;121m[4m7.63[0m[38;5;159m GB.[0m
[38;5;159m[Genesis] [21:12:20] [INFO] 🚀 Genesis initialized. 🔖 version: [38;5;121m[4m0.2.1[0m[38;5;159m, 🌱 seed: [38;5;121m[4mNone[0m[38;5;159m, 📏 precision: '[38;5;121m[4m32[0m[38;5;159m', 🐛 debug: [38;5;121m[4mFalse[0m[38;5;159m, 🎨 theme: '[38;5;121m[4mdark[0m[38;5;159m'.[0m
[38;5;159m[Genesis] [21:12:20] [INFO] 🚀 Genesis initialized. 🔖 version: [38;5;121m[4m0.2.1[0m[38;5;159m, 🌱 seed: [38;5;121m[4mNone[0m[38;5;159m, 📏 precision: '[38;5;121m[4m32[0m[38;5;159m', 🐛 debug: [38;5;121m[4mFalse[0m[38;5;159m, 🎨 theme: '[38;5;121m[4mdark[0m[38;5;159m'.[0m
[38;5;159m[Genesis] [21:12:20] [INFO] 🚀 Genesis initialized. 🔖 version: [38;5;121m[4m0.2.1[0m[38;5;159m, 🌱 seed: [38;5;121m[4mNone[0m[38;5;159m, 📏 precision: '[38;5;121m[4m32[0m[38;5;159m', 🐛 debug: [38;5;121m[4mFalse[0m[38;5;159m, 🎨 theme: '[38;5;121m[4mdark[0m[38;5;159m'.[0m
[38;5;159m[Genesis] [21:12:20] [INFO] 🚀 Genesis initialized. 🔖 version: [38;5;121m[4m0.2.1[0m[38;5;159m, 🌱 seed: [38;5;121m[4mNone[0m[38;5;159m, 📏 precision: '[38;5;121m[4m32[0m[38;5;159m', 🐛 debug: [38;5;121m[4mFalse[0m[38;5;159m, 🎨 theme: '[38;5;121m[4mdark[0m[38;5;159m'.[0m
[38;5;159m[Genesis] [21:12:20] [INFO] Scene [38;5;121m[3m<f71fa51>[0m[38;5;159m created.[0m
[38;5;159m[Genesis] [21:12:20] [INFO] Adding [38;5;121m<gs.RigidEntity>[0m[38;5;159m. idx: [38;5;121m0[0m[38;5;159m, uid: [38;5;121m[3m<2050f90>[0m[38;5;159m, morph: [38;5;121m<gs.morphs.Plane>[0m[38;5;159m, material: [38;5;121m<gs.materials.Rigid>[0m[38;5;159m.[0m
[38;5;159m[Genesis] [21:12:20] [INFO] Scene [38;5;121m[3m<debc089>[0m[38;5;159m created.[0m
[38;5;159m[Genesis] [21:12:20] [INFO] Adding [38;5;121m<gs.RigidEntity>[0m[38;5;159m. idx: [38;5;121m0[0m[38;5;159m, uid: [38;5;121m[3m<1b4938c>[0m[38;5;159m, morph: [38;5;121m<gs.morphs.Plane>[0m[38;5;159m, material: [38;5;121m<gs.materials.Rigid>[0m[38;5;159m.[0m
[38;5;159m[Genesis] [21:12:20] [INFO] Scene [38;5;121m[3m<b91e371>[0m[38;5;159m created.[0m
[38;5;159m[Genesis] [21:12:20] [INFO] Adding [38;5;121m<gs.RigidEntity>[0m[38;5;159m. idx: [38;5;121m0[0m[38;5;159m, uid: [38;5;121m[3m<14d2a02>[0m[38;5;159m, morph: [38;5;121m<gs.morphs.Plane>[0m[38;5;159m, material: [38;5;121m<gs.materials.Rigid>[0m[38;5;159m.[0m
[38;5;159m[Genesis] [21:12:20] [INFO] Scene [38;5;121m[3m<1c50f0c>[0m[38;5;159m created.[0m
[38;5;159m[Genesis] [21:12:20] [INFO] Adding [38;5;121m<gs.RigidEntity>[0m[38;5;159m. idx: [38;5;121m0[0m[38;5;159m, uid: [38;5;121m[3m<d73a7ad>[0m[38;5;159m, morph: [38;5;121m<gs.morphs.Plane>[0m[38;5;159m, material: [38;5;121m<gs.materials.Rigid>[0m[38;5;159m.[0m
[38;5;159m[Genesis] [21:12:20] [INFO] Adding [38;5;121m<gs.RigidEntity>[0m[38;5;159m. idx: [38;5;121m1[0m[38;5;159m, uid: [38;5;121m[3m<5b7c359>[0m[38;5;159m, morph: [38;5;121m<gs.morphs.URDF(file='/home/jkoba/SynologyDrive/genesis_humanoid_rl/assets/robots/g1/g1_29dof.urdf')>[0m[38;5;159m, material: [38;5;121m<gs.materials.Rigid>[0m[38;5;159m.[0m
[38;5;159m[Genesis] [21:12:20] [INFO] Adding [38;5;121m<gs.RigidEntity>[0m[38;5;159m. idx: [38;5;121m1[0m[38;5;159m, uid: [38;5;121m[3m<8474f71>[0m[38;5;159m, morph: [38;5;121m<gs.morphs.URDF(file='/home/jkoba/SynologyDrive/genesis_humanoid_rl/assets/robots/g1/g1_29dof.urdf')>[0m[38;5;159m, material: [38;5;121m<gs.materials.Rigid>[0m[38;5;159m.[0m
[38;5;159m[Genesis] [21:12:20] [INFO] Adding [38;5;121m<gs.RigidEntity>[0m[38;5;159m. idx: [38;5;121m1[0m[38;5;159m, uid: [38;5;121m[3m<3f3e452>[0m[38;5;159m, morph: [38;5;121m<gs.morphs.URDF(file='/home/jkoba/SynologyDrive/genesis_humanoid_rl/assets/robots/g1/g1_29dof.urdf')>[0m[38;5;159m, material: [38;5;121m<gs.materials.Rigid>[0m[38;5;159m.[0m
[38;5;159m[Genesis] [21:12:20] [INFO] Adding [38;5;121m<gs.RigidEntity>[0m[38;5;159m. idx: [38;5;121m1[0m[38;5;159m, uid: [38;5;121m[3m<ba76d7a>[0m[38;5;159m, morph: [38;5;121m<gs.morphs.URDF(file='/home/jkoba/SynologyDrive/genesis_humanoid_rl/assets/robots/g1/g1_29dof.urdf')>[0m[38;5;159m, material: [38;5;121m<gs.materials.Rigid>[0m[38;5;159m.[0m
[38;5;159m[Genesis] [21:12:23] [INFO] Building scene [38;5;121m[3m<debc089>[0m[38;5;159m...[0m
[38;5;159m[Genesis] [21:12:23] [INFO] Building scene [38;5;121m[3m<f71fa51>[0m[38;5;159m...[0m
[38;5;159m[Genesis] [21:12:23] [INFO] Building scene [38;5;121m[3m<b91e371>[0m[38;5;159m...[0m
[38;5;159m[Genesis] [21:12:24] [INFO] Building scene [38;5;121m[3m<1c50f0c>[0m[38;5;159m...[0m
[38;5;159m[Genesis] [21:12:36] [INFO] Compiling simulation kernels...[0m
[38;5;159m[Genesis] [21:12:36] [INFO] Compiling simulation kernels...[0m
[38;5;159m[Genesis] [21:12:36] [INFO] Compiling simulation kernels...[0m
[38;5;159m[Genesis] [21:12:36] [INFO] Compiling simulation kernels...[0m
[38;5;159m[Genesis] [21:12:42] [INFO] Building visualizer...[0m
[38;5;159m[Genesis] [21:12:43] [INFO] Building visualizer...[0m
[38;5;159m[Genesis] [21:12:43] [INFO] Building visualizer...[0m
[38;5;159m[Genesis] [21:12:43] [INFO] Building visualizer...[0m
[38;5;159m[Genesis] [21:12:43] [INFO] Running at [38;5;121m75.88[0m[38;5;159m FPS.[0m
[38;5;159m[Genesis] [21:12:43] [INFO] Running at [38;5;121m88.08[0m[38;5;159m FPS.[0m
[38;5;159m[Genesis] [21:12:43] [INFO] Running at [38;5;121m82.12[0m[38;5;159m FPS.[0m
[38;5;159m[Genesis] [21:12:43] [INFO] Running at [38;5;121m91.87[0m[38;5;159m FPS.[0m
[38;5;159m[Genesis] [21:12:43] [INFO] Running at [38;5;121m78.23[0m[38;5;159m FPS.[0m
[38;5;159m[Genesis] [21:12:43] [INFO] Running at [38;5;121m90.50[0m[38;5;159m FPS.[0m
[38;5;159m[Genesis] [21:12:43] [INFO] Running at [38;5;121m94.30[0m[38;5;159m FPS.[0m
[38;5;159m[Genesis] [21:12:43] [INFO] Running at [38;5;121m84.48[0m[38;5;159m FPS.[0m
[38;5;159m[Genesis] [21:12:43] [INFO] Running at [38;5;121m80.69[0m[38;5;159m FPS.[0m
[38;5;159m[Genesis] [21:12:43] [INFO] Running at [38;5;121m93.01[0m[38;5;159m FPS.[0m
[38;5;159m[Genesis] [21:12:43] [INFO] Running at [38;5;121m96.81[0m[38;5;159m FPS.[0m
[38;5;159m[Genesis] [21:12:43] [INFO] Running at [38;5;121m86.92[0m[38;5;159m FPS.[0m
[38;5;159m[Genesis] [21:12:43] [INFO] Running at [38;5;121m92.68[0m[38;5;159m FPS.[0m
[38;5;159m[Genesis] [21:12:43] [INFO] Running at [38;5;121m80.21[0m[38;5;159m FPS.[0m
[38;5;159m[Genesis] [21:12:43] [INFO] Running at [38;5;121m85.43[0m[38;5;159m FPS.[0m
[38;5;159m[Genesis] [21:12:43] [INFO] Running at [38;5;121m93.40[0m[38;5;159m FPS.[0m
[38;5;159m[Genesis] [21:12:43] [INFO] Running at [38;5;121m77.86[0m[38;5;159m FPS.[0m
[38;5;159m[Genesis] [21:12:43] [INFO] Running at [38;5;121m69.26[0m[38;5;159m FPS.[0m
[38;5;159m[Genesis] [21:12:43] [INFO] Running at [38;5;121m72.92[0m[38;5;159m FPS.[0m
[38;5;159m[Genesis] [21:12:43] [INFO] Running at [38;5;121m78.34[0m[38;5;159m FPS.[0m
[38;5;159m[Genesis] [21:12:43] [INFO] Running at [38;5;121m69.29[0m[38;5;159m FPS.[0m
[38;5;159m[Genesis] [21:12:43] [INFO] Running at [38;5;121m62.69[0m[38;5;159m FPS.[0m
[38;5;159m[Genesis] [21:12:43] [INFO] Running at [38;5;121m65.54[0m[38;5;159m FPS.[0m
[38;5;159m[Genesis] [21:12:43] [INFO] Running at [38;5;121m69.64[0m[38;5;159m FPS.[0m
[38;5;159m[Genesis] [21:12:43] [INFO] Running at [38;5;121m62.73[0m[38;5;159m FPS.[0m
[38;5;159m[Genesis] [21:12:43] [INFO] Running at [38;5;121m57.54[0m[38;5;159m FPS.[0m
[38;5;159m[Genesis] [21:12:43] [INFO] Running at [38;5;121m59.79[0m[38;5;159m FPS.[0m
[38;5;159m[Genesis] [21:12:43] [INFO] Running at [38;5;121m63.01[0m[38;5;159m FPS.[0m
[38;5;159m[Genesis] [21:12:44] [INFO] Running at [38;5;121m56.47[0m[38;5;159m FPS.[0m
[38;5;159m[Genesis] [21:12:44] [INFO] Running at [38;5;121m52.41[0m[38;5;159m FPS.[0m
[38;5;159m[Genesis] [21:12:44] [INFO] Running at [38;5;121m54.19[0m[38;5;159m FPS.[0m
[38;5;159m[Genesis] [21:12:44] [INFO] Running at [38;5;121m56.67[0m[38;5;159m FPS.[0m
[38;5;159m[Genesis] [21:12:44] [INFO] Running at [38;5;121m52.49[0m[38;5;159m FPS.[0m
[38;5;159m[Genesis] [21:12:44] [INFO] Running at [38;5;121m49.13[0m[38;5;159m FPS.[0m
[38;5;159m[Genesis] [21:12:44] [INFO] Running at [38;5;121m50.61[0m[38;5;159m FPS.[0m
[38;5;159m[Genesis] [21:12:44] [INFO] Running at [38;5;121m52.65[0m[38;5;159m FPS.[0m
[38;5;159m[Genesis] [21:12:44] [INFO] Running at [38;5;121m49.41[0m[38;5;159m FPS.[0m
[38;5;159m[Genesis] [21:12:44] [INFO] Running at [38;5;121m46.57[0m[38;5;159m FPS.[0m
[38;5;159m[Genesis] [21:12:44] [INFO] Running at [38;5;121m47.83[0m[38;5;159m FPS.[0m
[38;5;159m[Genesis] [21:12:44] [INFO] Running at [38;5;121m49.56[0m[38;5;159m FPS.[0m
[38;5;159m[Genesis] [21:12:44] [INFO] Scene [38;5;121m[3m<3371b2e>[0m[38;5;159m created.[0m
[38;5;159m[Genesis] [21:12:44] [INFO] Scene [38;5;121m[3m<cef2784>[0m[38;5;159m created.[0m
[38;5;159m[Genesis] [21:12:44] [INFO] Scene [38;5;121m[3m<92e14b5>[0m[38;5;159m created.[0m
[38;5;159m[Genesis] [21:12:44] [INFO] Adding [38;5;121m<gs.RigidEntity>[0m[38;5;159m. idx: [38;5;121m0[0m[38;5;159m, uid: [38;5;121m[3m<9fdfe51>[0m[38;5;159m, morph: [38;5;121m<gs.morphs.Plane>[0m[38;5;159m, material: [38;5;121m<gs.materials.Rigid>[0m[38;5;159m.[0m
[38;5;159m[Genesis] [21:12:44] [INFO] Adding [38;5;121m<gs.RigidEntity>[0m[38;5;159m. idx: [38;5;121m0[0m[38;5;159m, uid: [38;5;121m[3m<008f33b>[0m[38;5;159m, morph: [38;5;121m<gs.morphs.Plane>[0m[38;5;159m, material: [38;5;121m<gs.materials.Rigid>[0m[38;5;159m.[0m
[38;5;159m[Genesis] [21:12:44] [INFO] Adding [38;5;121m<gs.RigidEntity>[0m[38;5;159m. idx: [38;5;121m0[0m[38;5;159m, uid: [38;5;121m[3m<9a439a5>[0m[38;5;159m, morph: [38;5;121m<gs.morphs.Plane>[0m[38;5;159m, material: [38;5;121m<gs.materials.Rigid>[0m[38;5;159m.[0m
[38;5;159m[Genesis] [21:12:44] [INFO] Scene [38;5;121m[3m<af6f092>[0m[38;5;159m created.[0m
[38;5;159m[Genesis] [21:12:44] [INFO] Adding [38;5;121m<gs.RigidEntity>[0m[38;5;159m. idx: [38;5;121m0[0m[38;5;159m, uid: [38;5;121m[3m<90cc136>[0m[38;5;159m, morph: [38;5;121m<gs.morphs.Plane>[0m[38;5;159m, material: [38;5;121m<gs.materials.Rigid>[0m[38;5;159m.[0m
[38;5;159m[Genesis] [21:12:44] [INFO] Adding [38;5;121m<gs.RigidEntity>[0m[38;5;159m. idx: [38;5;121m1[0m[38;5;159m, uid: [38;5;121m[3m<aab87fb>[0m[38;5;159m, morph: [38;5;121m<gs.morphs.URDF(file='/home/jkoba/SynologyDrive/genesis_humanoid_rl/assets/robots/g1/g1_29dof.urdf')>[0m[38;5;159m, material: [38;5;121m<gs.materials.Rigid>[0m[38;5;159m.[0m
[38;5;159m[Genesis] [21:12:44] [INFO] Adding [38;5;121m<gs.RigidEntity>[0m[38;5;159m. idx: [38;5;121m1[0m[38;5;159m, uid: [38;5;121m[3m<46501ae>[0m[38;5;159m, morph: [38;5;121m<gs.morphs.URDF(file='/home/jkoba/SynologyDrive/genesis_humanoid_rl/assets/robots/g1/g1_29dof.urdf')>[0m[38;5;159m, material: [38;5;121m<gs.materials.Rigid>[0m[38;5;159m.[0m
[38;5;159m[Genesis] [21:12:44] [INFO] Adding [38;5;121m<gs.RigidEntity>[0m[38;5;159m. idx: [38;5;121m1[0m[38;5;159m, uid: [38;5;121m[3m<670db64>[0m[38;5;159m, morph: [38;5;121m<gs.morphs.URDF(file='/home/jkoba/SynologyDrive/genesis_humanoid_rl/assets/robots/g1/g1_29dof.urdf')>[0m[38;5;159m, material: [38;5;121m<gs.materials.Rigid>[0m[38;5;159m.[0m
[38;5;159m[Genesis] [21:12:44] [INFO] Adding [38;5;121m<gs.RigidEntity>[0m[38;5;159m. idx: [38;5;121m1[0m[38;5;159m, uid: [38;5;121m[3m<06c6546>[0m[38;5;159m, morph: [38;5;121m<gs.morphs.URDF(file='/home/jkoba/SynologyDrive/genesis_humanoid_rl/assets/robots/g1/g1_29dof.urdf')>[0m[38;5;159m, material: [38;5;121m<gs.materials.Rigid>[0m[38;5;159m.[0m
[38;5;159m[Genesis] [21:12:47] [INFO] Building scene [38;5;121m[3m<cef2784>[0m[38;5;159m...[0m
[38;5;159m[Genesis] [21:12:48] [INFO] Building scene [38;5;121m[3m<3371b2e>[0m[38;5;159m...[0m
[38;5;159m[Genesis] [21:12:48] [INFO] Building scene [38;5;121m[3m<af6f092>[0m[38;5;159m...[0m
[38;5;159m[Genesis] [21:12:48] [INFO] Building scene [38;5;121m[3m<92e14b5>[0m[38;5;159m...[0m
[38;5;159m[Genesis] [21:13:01] [INFO] Compiling simulation kernels...[0m
[38;5;159m[Genesis] [21:13:01] [INFO] Compiling simulation kernels...[0m
[38;5;159m[Genesis] [21:13:01] [INFO] Compiling simulation kernels...[0m
[38;5;159m[Genesis] [21:13:01] [INFO] Compiling simulation kernels...[0m
[38;5;159m[Genesis] [21:13:07] [INFO] Building visualizer...[0m
[38;5;159m[Genesis] [21:13:07] [INFO] Building visualizer...[0m
[38;5;159m[Genesis] [21:13:07] [INFO] Building visualizer...[0m
[38;5;159m[Genesis] [21:13:07] [INFO] Building visualizer...[0m
[38;5;159m[Genesis] [21:13:08] [INFO] Running at [38;5;121m185.60[0m[38;5;159m FPS.[0m
[38;5;159m[Genesis] [21:13:08] [INFO] Running at [38;5;121m185.89[0m[38;5;159m FPS.[0m
[38;5;159m[Genesis] [21:13:08] [INFO] Running at [38;5;121m184.78[0m[38;5;159m FPS.[0m
[38;5;159m[Genesis] [21:13:08] [INFO] Running at [38;5;121m183.96[0m[38;5;159m FPS.[0m
[38;5;159m[Genesis] [21:13:08] [INFO] Running at [38;5;121m183.34[0m[38;5;159m FPS.[0m
[38;5;159m[Genesis] [21:13:08] [INFO] Running at [38;5;121m184.22[0m[38;5;159m FPS.[0m
[38;5;159m[Genesis] [21:13:08] [INFO] Running at [38;5;121m183.14[0m[38;5;159m FPS.[0m
[38;5;159m[Genesis] [21:13:08] [INFO] Running at [38;5;121m183.40[0m[38;5;159m FPS.[0m
[38;5;159m[Genesis] [21:13:08] [INFO] Running at [38;5;121m182.55[0m[38;5;159m FPS.[0m
[38;5;159m[Genesis] [21:13:08] [INFO] Running at [38;5;121m193.83[0m[38;5;159m FPS.[0m
[38;5;159m[Genesis] [21:13:08] [INFO] Running at [38;5;121m182.49[0m[38;5;159m FPS.[0m
[38;5;159m[Genesis] [21:13:08] [INFO] Running at [38;5;121m181.71[0m[38;5;159m FPS.[0m
[38;5;159m[Genesis] [21:13:08] [INFO] Running at [38;5;121m191.81[0m[38;5;159m FPS.[0m
[38;5;159m[Genesis] [21:13:08] [INFO] Running at [38;5;121m177.29[0m[38;5;159m FPS.[0m
[38;5;159m[Genesis] [21:13:08] [INFO] Running at [38;5;121m190.26[0m[38;5;159m FPS.[0m
[38;5;159m[Genesis] [21:13:08] [INFO] Running at [38;5;121m173.74[0m[38;5;159m FPS.[0m
[38;5;159m[Genesis] [21:13:08] [INFO] Running at [38;5;121m129.35[0m[38;5;159m FPS.[0m
[38;5;159m[Genesis] [21:13:08] [INFO] Running at [38;5;121m127.74[0m[38;5;159m FPS.[0m
[38;5;159m[Genesis] [21:13:08] [INFO] Running at [38;5;121m125.65[0m[38;5;159m FPS.[0m
[38;5;159m[Genesis] [21:13:08] [INFO] Running at [38;5;121m123.96[0m[38;5;159m FPS.[0m
[38;5;159m[Genesis] [21:13:08] [INFO] Running at [38;5;121m104.50[0m[38;5;159m FPS.[0m
[38;5;159m[Genesis] [21:13:08] [INFO] Running at [38;5;121m103.50[0m[38;5;159m FPS.[0m
[38;5;159m[Genesis] [21:13:08] [INFO] Running at [38;5;121m102.18[0m[38;5;159m FPS.[0m
[38;5;159m[Genesis] [21:13:08] [INFO] Running at [38;5;121m101.11[0m[38;5;159m FPS.[0m
[38;5;159m[Genesis] [21:13:08] [INFO] Running at [38;5;121m88.29[0m[38;5;159m FPS.[0m
[38;5;159m[Genesis] [21:13:08] [INFO] Running at [38;5;121m87.61[0m[38;5;159m FPS.[0m
[38;5;159m[Genesis] [21:13:08] [INFO] Running at [38;5;121m86.73[0m[38;5;159m FPS.[0m
[38;5;159m[Genesis] [21:13:08] [INFO] Running at [38;5;121m86.00[0m[38;5;159m FPS.[0m
[38;5;159m[Genesis] [21:13:08] [INFO] Running at [38;5;121m75.07[0m[38;5;159m FPS.[0m
[38;5;159m[Genesis] [21:13:08] [INFO] Running at [38;5;121m74.60[0m[38;5;159m FPS.[0m
[38;5;159m[Genesis] [21:13:08] [INFO] Running at [38;5;121m73.99[0m[38;5;159m FPS.[0m
[38;5;159m[Genesis] [21:13:08] [INFO] Running at [38;5;121m73.48[0m[38;5;159m FPS.[0m
[38;5;159m[Genesis] [21:13:08] [INFO] Running at [38;5;121m67.18[0m[38;5;159m FPS.[0m
[38;5;159m[Genesis] [21:13:08] [INFO] Running at [38;5;121m66.83[0m[38;5;159m FPS.[0m
[38;5;159m[Genesis] [21:13:08] [INFO] Running at [38;5;121m66.41[0m[38;5;159m FPS.[0m
[38;5;159m[Genesis] [21:13:08] [INFO] Running at [38;5;121m66.20[0m[38;5;159m FPS.[0m
[38;5;159m[Genesis] [21:13:08] [INFO] Running at [38;5;121m61.43[0m[38;5;159m FPS.[0m
[38;5;159m[Genesis] [21:13:08] [INFO] Running at [38;5;121m61.16[0m[38;5;159m FPS.[0m
[38;5;159m[Genesis] [21:13:08] [INFO] Running at [38;5;121m60.85[0m[38;5;159m FPS.[0m
[38;5;159m[Genesis] [21:13:08] [INFO] Running at [38;5;121m61.93[0m[38;5;159m FPS.[0m
[38;5;159m[Genesis] [21:13:08] [INFO] Scene [38;5;121m[3m<c57d066>[0m[38;5;159m created.[0m
[38;5;159m[Genesis] [21:13:08] [INFO] Scene [38;5;121m[3m<ab4cd29>[0m[38;5;159m created.[0m
[38;5;159m[Genesis] [21:13:08] [INFO] Scene [38;5;121m[3m<2532b00>[0m[38;5;159m created.[0m
[38;5;159m[Genesis] [21:13:08] [INFO] Scene [38;5;121m[3m<f1d1097>[0m[38;5;159m created.[0m
[38;5;159m[Genesis] [21:13:08] [INFO] Adding [38;5;121m<gs.RigidEntity>[0m[38;5;159m. idx: [38;5;121m0[0m[38;5;159m, uid: [38;5;121m[3m<9dbbd79>[0m[38;5;159m, morph: [38;5;121m<gs.morphs.Plane>[0m[38;5;159m, material: [38;5;121m<gs.materials.Rigid>[0m[38;5;159m.[0m
[38;5;159m[Genesis] [21:13:08] [INFO] Adding [38;5;121m<gs.RigidEntity>[0m[38;5;159m. idx: [38;5;121m0[0m[38;5;159m, uid: [38;5;121m[3m<d293ef3>[0m[38;5;159m, morph: [38;5;121m<gs.morphs.Plane>[0m[38;5;159m, material: [38;5;121m<gs.materials.Rigid>[0m[38;5;159m.[0m
[38;5;159m[Genesis] [21:13:08] [INFO] Adding [38;5;121m<gs.RigidEntity>[0m[38;5;159m. idx: [38;5;121m0[0m[38;5;159m, uid: [38;5;121m[3m<46f04a4>[0m[38;5;159m, morph: [38;5;121m<gs.morphs.Plane>[0m[38;5;159m, material: [38;5;121m<gs.materials.Rigid>[0m[38;5;159m.[0m
[38;5;159m[Genesis] [21:13:08] [INFO] Adding [38;5;121m<gs.RigidEntity>[0m[38;5;159m. idx: [38;5;121m0[0m[38;5;159m, uid: [38;5;121m[3m<0d6916b>[0m[38;5;159m, morph: [38;5;121m<gs.morphs.Plane>[0m[38;5;159m, material: [38;5;121m<gs.materials.Rigid>[0m[38;5;159m.[0m
[38;5;159m[Genesis] [21:13:08] [INFO] Adding [38;5;121m<gs.RigidEntity>[0m[38;5;159m. idx: [38;5;121m1[0m[38;5;159m, uid: [38;5;121m[3m<ccf2271>[0m[38;5;159m, morph: [38;5;121m<gs.morphs.URDF(file='/home/jkoba/SynologyDrive/genesis_humanoid_rl/assets/robots/g1/g1_29dof.urdf')>[0m[38;5;159m, material: [38;5;121m<gs.materials.Rigid>[0m[38;5;159m.[0m
[38;5;159m[Genesis] [21:13:08] [INFO] Adding [38;5;121m<gs.RigidEntity>[0m[38;5;159m. idx: [38;5;121m1[0m[38;5;159m, uid: [38;5;121m[3m<7a6d635>[0m[38;5;159m, morph: [38;5;121m<gs.morphs.URDF(file='/home/jkoba/SynologyDrive/genesis_humanoid_rl/assets/robots/g1/g1_29dof.urdf')>[0m[38;5;159m, material: [38;5;121m<gs.materials.Rigid>[0m[38;5;159m.[0m
[38;5;159m[Genesis] [21:13:08] [INFO] Adding [38;5;121m<gs.RigidEntity>[0m[38;5;159m. idx: [38;5;121m1[0m[38;5;159m, uid: [38;5;121m[3m<ddf5d71>[0m[38;5;159m, morph: [38;5;121m<gs.morphs.URDF(file='/home/jkoba/SynologyDrive/genesis_humanoid_rl/assets/robots/g1/g1_29dof.urdf')>[0m[38;5;159m, material: [38;5;121m<gs.materials.Rigid>[0m[38;5;159m.[0m
[38;5;159m[Genesis] [21:13:08] [INFO] Adding [38;5;121m<gs.RigidEntity>[0m[38;5;159m. idx: [38;5;121m1[0m[38;5;159m, uid: [38;5;121m[3m<c24a75e>[0m[38;5;159m, morph: [38;5;121m<gs.morphs.URDF(file='/home/jkoba/SynologyDrive/genesis_humanoid_rl/assets/robots/g1/g1_29dof.urdf')>[0m[38;5;159m, material: [38;5;121m<gs.materials.Rigid>[0m[38;5;159m.[0m
[38;5;159m[Genesis] [21:13:12] [INFO] Building scene [38;5;121m[3m<f1d1097>[0m[38;5;159m...[0m
[38;5;159m[Genesis] [21:13:13] [INFO] Building scene [38;5;121m[3m<2532b00>[0m[38;5;159m...[0m
[38;5;159m[Genesis] [21:13:13] [INFO] Building scene [38;5;121m[3m<ab4cd29>[0m[38;5;159m...[0m
[38;5;159m[Genesis] [21:13:13] [INFO] Building scene [38;5;121m[3m<c57d066>[0m[38;5;159m...[0m
[38;5;159m[Genesis] [21:13:25] [INFO] Compiling simulation kernels...[0m
[38;5;159m[Genesis] [21:13:25] [INFO] Compiling simulation kernels...[0m
[38;5;159m[Genesis] [21:13:26] [INFO] Compiling simulation kernels...[0m
[38;5;159m[Genesis] [21:13:26] [INFO] Compiling simulation kernels...[0m
[38;5;159m[Genesis] [21:13:32] [INFO] Building visualizer...[0m
[38;5;159m[Genesis] [21:13:32] [INFO] Building visualizer...[0m
[38;5;159m[Genesis] [21:13:32] [INFO] Building visualizer...[0m
[38;5;159m[Genesis] [21:13:32] [INFO] Building visualizer...[0m
[38;5;159m[Genesis] [21:13:32] [INFO] Running at [38;5;121m181.75[0m[38;5;159m FPS.[0m
[38;5;159m[Genesis] [21:13:32] [INFO] Running at [38;5;121m182.75[0m[38;5;159m FPS.[0m
[38;5;159m[Genesis] [21:13:32] [INFO] Running at [38;5;121m180.59[0m[38;5;159m FPS.[0m
[38;5;159m[Genesis] [21:13:32] [INFO] Running at [38;5;121m181.48[0m[38;5;159m FPS.[0m
[38;5;159m[Genesis] [21:13:32] [INFO] Running at [38;5;121m179.95[0m[38;5;159m FPS.[0m
[38;5;159m[Genesis] [21:13:32] [INFO] Running at [38;5;121m180.73[0m[38;5;159m FPS.[0m
[38;5;159m[Genesis] [21:13:32] [INFO] Running at [38;5;121m179.44[0m[38;5;159m FPS.[0m
[38;5;159m[Genesis] [21:13:32] [INFO] Running at [38;5;121m180.19[0m[38;5;159m FPS.[0m
[38;5;159m[Genesis] [21:13:32] [INFO] Running at [38;5;121m164.88[0m[38;5;159m FPS.[0m
[38;5;159m[Genesis] [21:13:32] [INFO] Running at [38;5;121m164.13[0m[38;5;159m FPS.[0m
[38;5;159m[Genesis] [21:13:32] [INFO] Running at [38;5;121m144.72[0m[38;5;159m FPS.[0m
[38;5;159m[Genesis] [21:13:32] [INFO] Running at [38;5;121m143.02[0m[38;5;159m FPS.[0m
[38;5;159m[Genesis] [21:13:32] [INFO] Running at [38;5;121m129.99[0m[38;5;159m FPS.[0m
[38;5;159m[Genesis] [21:13:32] [INFO] Running at [38;5;121m128.58[0m[38;5;159m FPS.[0m
[38;5;159m[Genesis] [21:13:32] [INFO] Running at [38;5;121m148.27[0m[38;5;159m FPS.[0m
[38;5;159m[Genesis] [21:13:32] [INFO] Running at [38;5;121m148.87[0m[38;5;159m FPS.[0m
[38;5;159m[Genesis] [21:13:32] [INFO] Running at [38;5;121m115.35[0m[38;5;159m FPS.[0m
[38;5;159m[Genesis] [21:13:32] [INFO] Running at [38;5;121m114.36[0m[38;5;159m FPS.[0m
[38;5;159m[Genesis] [21:13:32] [INFO] Running at [38;5;121m149.59[0m[38;5;159m FPS.[0m
[38;5;159m[Genesis] [21:13:32] [INFO] Running at [38;5;121m142.61[0m[38;5;159m FPS.[0m
[38;5;159m[Genesis] [21:13:32] [INFO] Running at [38;5;121m147.57[0m[38;5;159m FPS.[0m
[38;5;159m[Genesis] [21:13:32] [INFO] Running at [38;5;121m143.53[0m[38;5;159m FPS.[0m
[38;5;159m[Genesis] [21:13:32] [INFO] Running at [38;5;121m144.60[0m[38;5;159m FPS.[0m
[38;5;159m[Genesis] [21:13:32] [INFO] Running at [38;5;121m136.44[0m[38;5;159m FPS.[0m
[38;5;159m[Genesis] [21:13:32] [INFO] Running at [38;5;121m93.49[0m[38;5;159m FPS.[0m
[38;5;159m[Genesis] [21:13:32] [INFO] Running at [38;5;121m92.04[0m[38;5;159m FPS.[0m
[38;5;159m[Genesis] [21:13:32] [INFO] Running at [38;5;121m110.69[0m[38;5;159m FPS.[0m
[38;5;159m[Genesis] [21:13:33] [INFO] Running at [38;5;121m104.59[0m[38;5;159m FPS.[0m
[38;5;159m[Genesis] [21:13:33] [INFO] Running at [38;5;121m80.69[0m[38;5;159m FPS.[0m
[38;5;159m[Genesis] [21:13:33] [INFO] Running at [38;5;121m79.64[0m[38;5;159m FPS.[0m
[38;5;159m[Genesis] [21:13:33] [INFO] Running at [38;5;121m92.48[0m[38;5;159m FPS.[0m
[38;5;159m[Genesis] [21:13:33] [INFO] Running at [38;5;121m88.39[0m[38;5;159m FPS.[0m
[38;5;159m[Genesis] [21:13:33] [INFO] Running at [38;5;121m80.13[0m[38;5;159m FPS.[0m
[38;5;159m[Genesis] [21:13:33] [INFO] Running at [38;5;121m77.47[0m[38;5;159m FPS.[0m
[38;5;159m[Genesis] [21:13:33] [INFO] Running at [38;5;121m71.48[0m[38;5;159m FPS.[0m
[38;5;159m[Genesis] [21:13:33] [INFO] Running at [38;5;121m71.10[0m[38;5;159m FPS.[0m
[38;5;159m[Genesis] [21:13:33] [INFO] Running at [38;5;121m66.25[0m[38;5;159m FPS.[0m
[38;5;159m[Genesis] [21:13:33] [INFO] Running at [38;5;121m64.95[0m[38;5;159m FPS.[0m
[38;5;159m[Genesis] [21:13:33] [INFO] Running at [38;5;121m63.13[0m[38;5;159m FPS.[0m
[38;5;159m[Genesis] [21:13:33] [INFO] Running at [38;5;121m63.72[0m[38;5;159m FPS.[0m
[38;5;159m[Genesis] [21:13:33] [INFO] Running at [38;5;121m37.69[0m[38;5;159m FPS.[0m
[38;5;159m[Genesis] [21:13:33] [INFO] Running at [38;5;121m37.76[0m[38;5;159m FPS.[0m
[38;5;159m[Genesis] [21:13:33] [INFO] Running at [38;5;121m39.20[0m[38;5;159m FPS.[0m
[38;5;159m[Genesis] [21:13:33] [INFO] Running at [38;5;121m39.27[0m[38;5;159m FPS.[0m
[38;5;159m[Genesis] [21:13:33] [INFO] Running at [38;5;121m40.79[0m[38;5;159m FPS.[0m
[38;5;159m[Genesis] [21:13:33] [INFO] Running at [38;5;121m40.85[0m[38;5;159m FPS.[0m
[38;5;159m[Genesis] [21:13:33] [INFO] Running at [38;5;121m42.41[0m[38;5;159m FPS.[0m
[38;5;159m[Genesis] [21:13:33] [INFO] Running at [38;5;121m42.46[0m[38;5;159m FPS.[0m
[38;5;159m[Genesis] [21:13:33] [INFO] Running at [38;5;121m44.07[0m[38;5;159m FPS.[0m
[38;5;159m[Genesis] [21:13:33] [INFO] Running at [38;5;121m44.12[0m[38;5;159m FPS.[0m
[38;5;159m[Genesis] [21:13:33] [INFO] Running at [38;5;121m39.94[0m[38;5;159m FPS.[0m
[38;5;159m[Genesis] [21:13:33] [INFO] Running at [38;5;121m40.84[0m[38;5;159m FPS.[0m
[38;5;159m[Genesis] [21:13:33] [INFO] Running at [38;5;121m41.52[0m[38;5;159m FPS.[0m
[38;5;159m[Genesis] [21:13:33] [INFO] Running at [38;5;121m42.45[0m[38;5;159m FPS.[0m
[38;5;159m[Genesis] [21:13:33] [INFO] Running at [38;5;121m43.17[0m[38;5;159m FPS.[0m
[38;5;159m[Genesis] [21:13:33] [INFO] Running at [38;5;121m44.13[0m[38;5;159m FPS.[0m
[38;5;159m[Genesis] [21:13:33] [INFO] Running at [38;5;121m44.86[0m[38;5;159m FPS.[0m
[38;5;159m[Genesis] [21:13:33] [INFO] Running at [38;5;121m45.85[0m[38;5;159m FPS.[0m
[38;5;159m[Genesis] [21:13:33] [INFO] Running at [38;5;121m44.00[0m[38;5;159m FPS.[0m
[38;5;159m[Genesis] [21:13:33] [INFO] Running at [38;5;121m44.87[0m[38;5;159m FPS.[0m
[38;5;159m[Genesis] [21:13:33] [INFO] Scene [38;5;121m[3m<1117602>[0m[38;5;159m created.[0m
[38;5;159m[Genesis] [21:13:33] [INFO] Scene [38;5;121m[3m<869834f>[0m[38;5;159m created.[0m
[38;5;159m[Genesis] [21:13:33] [INFO] Scene [38;5;121m[3m<91b87e8>[0m[38;5;159m created.[0m
[38;5;159m[Genesis] [21:13:33] [INFO] Scene [38;5;121m[3m<337181d>[0m[38;5;159m created.[0m
[38;5;159m[Genesis] [21:13:33] [INFO] Adding [38;5;121m<gs.RigidEntity>[0m[38;5;159m. idx: [38;5;121m0[0m[38;5;159m, uid: [38;5;121m[3m<8cbee44>[0m[38;5;159m, morph: [38;5;121m<gs.morphs.Plane>[0m[38;5;159m, material: [38;5;121m<gs.materials.Rigid>[0m[38;5;159m.[0m
[38;5;159m[Genesis] [21:13:33] [INFO] Adding [38;5;121m<gs.RigidEntity>[0m[38;5;159m. idx: [38;5;121m0[0m[38;5;159m, uid: [38;5;121m[3m<4dea008>[0m[38;5;159m, morph: [38;5;121m<gs.morphs.Plane>[0m[38;5;159m, material: [38;5;121m<gs.materials.Rigid>[0m[38;5;159m.[0m
[38;5;159m[Genesis] [21:13:33] [INFO] Adding [38;5;121m<gs.RigidEntity>[0m[38;5;159m. idx: [38;5;121m0[0m[38;5;159m, uid: [38;5;121m[3m<2b68e8c>[0m[38;5;159m, morph: [38;5;121m<gs.morphs.Plane>[0m[38;5;159m, material: [38;5;121m<gs.materials.Rigid>[0m[38;5;159m.[0m
[38;5;159m[Genesis] [21:13:33] [INFO] Adding [38;5;121m<gs.RigidEntity>[0m[38;5;159m. idx: [38;5;121m0[0m[38;5;159m, uid: [38;5;121m[3m<7b935b7>[0m[38;5;159m, morph: [38;5;121m<gs.morphs.Plane>[0m[38;5;159m, material: [38;5;121m<gs.materials.Rigid>[0m[38;5;159m.[0m
[38;5;159m[Genesis] [21:13:33] [INFO] Adding [38;5;121m<gs.RigidEntity>[0m[38;5;159m. idx: [38;5;121m1[0m[38;5;159m, uid: [38;5;121m[3m<c9a57fb>[0m[38;5;159m, morph: [38;5;121m<gs.morphs.URDF(file='/home/jkoba/SynologyDrive/genesis_humanoid_rl/assets/robots/g1/g1_29dof.urdf')>[0m[38;5;159m, material: [38;5;121m<gs.materials.Rigid>[0m[38;5;159m.[0m
[38;5;159m[Genesis] [21:13:33] [INFO] Adding [38;5;121m<gs.RigidEntity>[0m[38;5;159m. idx: [38;5;121m1[0m[38;5;159m, uid: [38;5;121m[3m<054e79f>[0m[38;5;159m, morph: [38;5;121m<gs.morphs.URDF(file='/home/jkoba/SynologyDrive/genesis_humanoid_rl/assets/robots/g1/g1_29dof.urdf')>[0m[38;5;159m, material: [38;5;121m<gs.materials.Rigid>[0m[38;5;159m.[0m
[38;5;159m[Genesis] [21:13:33] [INFO] Adding [38;5;121m<gs.RigidEntity>[0m[38;5;159m. idx: [38;5;121m1[0m[38;5;159m, uid: [38;5;121m[3m<51482b5>[0m[38;5;159m, morph: [38;5;121m<gs.morphs.URDF(file='/home/jkoba/SynologyDrive/genesis_humanoid_rl/assets/robots/g1/g1_29dof.urdf')>[0m[38;5;159m, material: [38;5;121m<gs.materials.Rigid>[0m[38;5;159m.[0m
[38;5;159m[Genesis] [21:13:33] [INFO] Adding [38;5;121m<gs.RigidEntity>[0m[38;5;159m. idx: [38;5;121m1[0m[38;5;159m, uid: [38;5;121m[3m<5e2143f>[0m[38;5;159m, morph: [38;5;121m<gs.morphs.URDF(file='/home/jkoba/SynologyDrive/genesis_humanoid_rl/assets/robots/g1/g1_29dof.urdf')>[0m[38;5;159m, material: [38;5;121m<gs.materials.Rigid>[0m[38;5;159m.[0m
[38;5;159m[Genesis] [21:13:37] [INFO] Building scene [38;5;121m[3m<869834f>[0m[38;5;159m...[0m
[38;5;159m[Genesis] [21:13:37] [INFO] Building scene [38;5;121m[3m<91b87e8>[0m[38;5;159m...[0m
[38;5;159m[Genesis] [21:13:38] [INFO] Building scene [38;5;121m[3m<1117602>[0m[38;5;159m...[0m
[38;5;159m[Genesis] [21:13:38] [INFO] Building scene [38;5;121m[3m<337181d>[0m[38;5;159m...[0m
[38;5;159m[Genesis] [21:13:51] [INFO] Compiling simulation kernels...[0m
[38;5;159m[Genesis] [21:13:51] [INFO] Compiling simulation kernels...[0m
[38;5;159m[Genesis] [21:13:51] [INFO] Compiling simulation kernels...[0m
[38;5;159m[Genesis] [21:13:51] [INFO] Compiling simulation kernels...[0m
[38;5;159m[Genesis] [21:13:57] [INFO] Building visualizer...[0m
[38;5;159m[Genesis] [21:13:57] [INFO] Building visualizer...[0m
[38;5;159m[Genesis] [21:13:57] [INFO] Building visualizer...[0m
[38;5;159m[Genesis] [21:13:57] [INFO] Building visualizer...[0m
[38;5;159m[Genesis] [21:13:57] [INFO] Running at [38;5;121m179.42[0m[38;5;159m FPS.[0m
[38;5;159m[Genesis] [21:13:57] [INFO] Running at [38;5;121m179.71[0m[38;5;159m FPS.[0m
[38;5;159m[Genesis] [21:13:57] [INFO] Running at [38;5;121m180.05[0m[38;5;159m FPS.[0m
[38;5;159m[Genesis] [21:13:57] [INFO] Running at [38;5;121m178.30[0m[38;5;159m FPS.[0m
[38;5;159m[Genesis] [21:13:57] [INFO] Running at [38;5;121m178.70[0m[38;5;159m FPS.[0m
[38;5;159m[Genesis] [21:13:57] [INFO] Running at [38;5;121m178.27[0m[38;5;159m FPS.[0m
[38;5;159m[Genesis] [21:13:57] [INFO] Running at [38;5;121m178.02[0m[38;5;159m FPS.[0m
[38;5;159m[Genesis] [21:13:57] [INFO] Running at [38;5;121m178.28[0m[38;5;159m FPS.[0m
[38;5;159m[Genesis] [21:13:57] [INFO] Running at [38;5;121m177.71[0m[38;5;159m FPS.[0m
[38;5;159m[Genesis] [21:13:57] [INFO] Running at [38;5;121m177.62[0m[38;5;159m FPS.[0m
[38;5;159m[Genesis] [21:13:57] [INFO] Running at [38;5;121m177.14[0m[38;5;159m FPS.[0m
[38;5;159m[Genesis] [21:13:57] [INFO] Running at [38;5;121m176.73[0m[38;5;159m FPS.[0m
[38;5;159m[Genesis] [21:13:57] [INFO] Running at [38;5;121m140.12[0m[38;5;159m FPS.[0m
[38;5;159m[Genesis] [21:13:57] [INFO] Running at [38;5;121m138.37[0m[38;5;159m FPS.[0m
[38;5;159m[Genesis] [21:13:57] [INFO] Running at [38;5;121m136.40[0m[38;5;159m FPS.[0m
[38;5;159m[Genesis] [21:13:57] [INFO] Running at [38;5;121m117.94[0m[38;5;159m FPS.[0m
[38;5;159m[Genesis] [21:13:57] [INFO] Running at [38;5;121m116.76[0m[38;5;159m FPS.[0m
[38;5;159m[Genesis] [21:13:57] [INFO] Running at [38;5;121m115.44[0m[38;5;159m FPS.[0m
[38;5;159m[Genesis] [21:13:57] [INFO] Running at [38;5;121m102.69[0m[38;5;159m FPS.[0m
[38;5;159m[Genesis] [21:13:57] [INFO] Running at [38;5;121m101.84[0m[38;5;159m FPS.[0m
[38;5;159m[Genesis] [21:13:57] [INFO] Running at [38;5;121m100.87[0m[38;5;159m FPS.[0m
[38;5;159m[Genesis] [21:13:58] [INFO] Running at [38;5;121m89.52[0m[38;5;159m FPS.[0m
[38;5;159m[Genesis] [21:13:58] [INFO] Running at [38;5;121m88.90[0m[38;5;159m FPS.[0m
[38;5;159m[Genesis] [21:13:58] [INFO] Running at [38;5;121m88.18[0m[38;5;159m FPS.[0m
[38;5;159m[Genesis] [21:13:58] [INFO] Running at [38;5;121m122.78[0m[38;5;159m FPS.[0m
[38;5;159m[Genesis] [21:13:58] [INFO] Running at [38;5;121m124.13[0m[38;5;159m FPS.[0m
[38;5;159m[Genesis] [21:13:58] [INFO] Running at [38;5;121m125.71[0m[38;5;159m FPS.[0m
[38;5;159m[Genesis] [21:13:58] [INFO] Running at [38;5;121m120.36[0m[38;5;159m FPS.[0m
[38;5;159m[Genesis] [21:13:58] [INFO] Running at [38;5;121m77.94[0m[38;5;159m FPS.[0m
[38;5;159m[Genesis] [21:13:58] [INFO] Running at [38;5;121m77.53[0m[38;5;159m FPS.[0m
[38;5;159m[Genesis] [21:13:58] [INFO] Running at [38;5;121m77.07[0m[38;5;159m FPS.[0m
[38;5;159m[Genesis] [21:13:58] [INFO] Running at [38;5;121m99.29[0m[38;5;159m FPS.[0m
[38;5;159m[Genesis] [21:13:58] [INFO] Running at [38;5;121m69.82[0m[38;5;159m FPS.[0m
[38;5;159m[Genesis] [21:13:58] [INFO] Running at [38;5;121m69.51[0m[38;5;159m FPS.[0m
[38;5;159m[Genesis] [21:13:58] [INFO] Running at [38;5;121m69.15[0m[38;5;159m FPS.[0m
[38;5;159m[Genesis] [21:13:58] [INFO] Running at [38;5;121m85.52[0m[38;5;159m FPS.[0m
[38;5;159m[Genesis] [21:13:58] [INFO] Running at [38;5;121m77.41[0m[38;5;159m FPS.[0m
[38;5;159m[Genesis] [21:13:58] [INFO] Running at [38;5;121m69.42[0m[38;5;159m FPS.[0m
[38;5;159m[Genesis] [21:13:58] [INFO] Running at [38;5;121m64.78[0m[38;5;159m FPS.[0m
[38;5;159m[Genesis] [21:13:58] [INFO] Running at [38;5;121m65.88[0m[38;5;159m FPS.[0m
[38;5;159m[Genesis] [21:13:58] [INFO] Running at [38;5;121m36.92[0m[38;5;159m FPS.[0m
[38;5;159m[Genesis] [21:13:58] [INFO] Running at [38;5;121m37.02[0m[38;5;159m FPS.[0m
[38;5;159m[Genesis] [21:13:58] [INFO] Running at [38;5;121m36.97[0m[38;5;159m FPS.[0m
[38;5;159m[Genesis] [21:13:58] [INFO] Running at [38;5;121m38.43[0m[38;5;159m FPS.[0m
[38;5;159m[Genesis] [21:13:58] [INFO] Running at [38;5;121m38.53[0m[38;5;159m FPS.[0m
[38;5;159m[Genesis] [21:13:58] [INFO] Running at [38;5;121m38.46[0m[38;5;159m FPS.[0m
[38;5;159m[Genesis] [21:13:58] [INFO] Running at [38;5;121m39.99[0m[38;5;159m FPS.[0m
[38;5;159m[Genesis] [21:13:58] [INFO] Running at [38;5;121m40.09[0m[38;5;159m FPS.[0m
[38;5;159m[Genesis] [21:13:58] [INFO] Running at [38;5;121m40.01[0m[38;5;159m FPS.[0m
[38;5;159m[Genesis] [21:13:58] [INFO] Running at [38;5;121m41.59[0m[38;5;159m FPS.[0m
[38;5;159m[Genesis] [21:13:58] [INFO] Running at [38;5;121m41.68[0m[38;5;159m FPS.[0m
[38;5;159m[Genesis] [21:13:58] [INFO] Running at [38;5;121m41.59[0m[38;5;159m FPS.[0m
[38;5;159m[Genesis] [21:13:58] [INFO] Running at [38;5;121m42.22[0m[38;5;159m FPS.[0m
[38;5;159m[Genesis] [21:13:58] [INFO] Running at [38;5;121m42.09[0m[38;5;159m FPS.[0m
[38;5;159m[Genesis] [21:13:58] [INFO] Running at [38;5;121m41.95[0m[38;5;159m FPS.[0m
[38;5;159m[Genesis] [21:13:58] [INFO] Running at [38;5;121m44.68[0m[38;5;159m FPS.[0m
[38;5;159m[Genesis] [21:13:58] [INFO] Running at [38;5;121m46.39[0m[38;5;159m FPS.[0m
[38;5;159m[Genesis] [21:13:58] [INFO] Running at [38;5;121m48.16[0m[38;5;159m FPS.[0m
[38;5;159m[Genesis] [21:13:58] [INFO] Running at [38;5;121m49.95[0m[38;5;159m FPS.[0m
[38;5;159m[Genesis] [21:13:58] [INFO] Running at [38;5;121m48.05[0m[38;5;159m FPS.[0m
[38;5;159m[Genesis] [21:13:58] [INFO] Running at [38;5;121m32.10[0m[38;5;159m FPS.[0m
[38;5;159m[Genesis] [21:13:58] [INFO] Running at [38;5;121m32.17[0m[38;5;159m FPS.[0m
[38;5;159m[Genesis] [21:13:58] [INFO] Running at [38;5;121m32.13[0m[38;5;159m FPS.[0m
[38;5;159m[Genesis] [21:13:58] [INFO] Running at [38;5;121m33.48[0m[38;5;159m FPS.[0m
[38;5;159m[Genesis] [21:13:58] [INFO] Running at [38;5;121m33.55[0m[38;5;159m FPS.[0m
[38;5;159m[Genesis] [21:13:58] [INFO] Running at [38;5;121m33.50[0m[38;5;159m FPS.[0m
[38;5;159m[Genesis] [21:13:58] [INFO] Running at [38;5;121m34.89[0m[38;5;159m FPS.[0m
[38;5;159m[Genesis] [21:13:58] [INFO] Running at [38;5;121m34.96[0m[38;5;159m FPS.[0m
[38;5;159m[Genesis] [21:13:58] [INFO] Running at [38;5;121m34.91[0m[38;5;159m FPS.[0m
[38;5;159m[Genesis] [21:13:58] [INFO] Running at [38;5;121m36.35[0m[38;5;159m FPS.[0m
[38;5;159m[Genesis] [21:13:58] [INFO] Running at [38;5;121m36.42[0m[38;5;159m FPS.[0m
[38;5;159m[Genesis] [21:13:58] [INFO] Running at [38;5;121m36.35[0m[38;5;159m FPS.[0m
[38;5;159m[Genesis] [21:13:58] [INFO] Running at [38;5;121m37.00[0m[38;5;159m FPS.[0m
[38;5;159m[Genesis] [21:13:58] [INFO] Running at [38;5;121m36.90[0m[38;5;159m FPS.[0m
[38;5;159m[Genesis] [21:13:58] [INFO] Running at [38;5;121m36.78[0m[38;5;159m FPS.[0m
[38;5;159m[Genesis] [21:13:58] [INFO] Running at [38;5;121m36.39[0m[38;5;159m FPS.[0m
[38;5;159m[Genesis] [21:13:58] [INFO] Running at [38;5;121m37.90[0m[38;5;159m FPS.[0m
[38;5;159m[Genesis] [21:13:58] [INFO] Running at [38;5;121m39.45[0m[38;5;159m FPS.[0m
[38;5;159m[Genesis] [21:13:58] [INFO] Running at [38;5;121m41.04[0m[38;5;159m FPS.[0m
[38;5;159m[Genesis] [21:13:58] [INFO] Running at [38;5;121m40.03[0m[38;5;159m FPS.[0m
[38;5;159m[Genesis] [21:13:58] [INFO] Running at [38;5;121m29.11[0m[38;5;159m FPS.[0m
[38;5;159m[Genesis] [21:13:58] [INFO] Running at [38;5;121m29.17[0m[38;5;159m FPS.[0m
[38;5;159m[Genesis] [21:13:58] [INFO] Running at [38;5;121m29.14[0m[38;5;159m FPS.[0m
[38;5;159m[Genesis] [21:13:58] [INFO] Running at [38;5;121m30.39[0m[38;5;159m FPS.[0m
[38;5;159m[Genesis] [21:13:58] [INFO] Running at [38;5;121m30.44[0m[38;5;159m FPS.[0m
[38;5;159m[Genesis] [21:13:58] [INFO] Running at [38;5;121m30.40[0m[38;5;159m FPS.[0m
[38;5;159m[Genesis] [21:13:58] [INFO] Running at [38;5;121m31.70[0m[38;5;159m FPS.[0m
[38;5;159m[Genesis] [21:13:58] [INFO] Running at [38;5;121m31.75[0m[38;5;159m FPS.[0m
[38;5;159m[Genesis] [21:13:58] [INFO] Running at [38;5;121m31.71[0m[38;5;159m FPS.[0m
[38;5;159m[Genesis] [21:13:58] [INFO] Running at [38;5;121m33.06[0m[38;5;159m FPS.[0m
[38;5;159m[Genesis] [21:13:58] [INFO] Running at [38;5;121m33.12[0m[38;5;159m FPS.[0m
[38;5;159m[Genesis] [21:13:58] [INFO] Running at [38;5;121m33.06[0m[38;5;159m FPS.[0m
[38;5;159m[Genesis] [21:13:58] [INFO] Running at [38;5;121m33.75[0m[38;5;159m FPS.[0m
[38;5;159m[Genesis] [21:13:58] [INFO] Running at [38;5;121m33.67[0m[38;5;159m FPS.[0m
[38;5;159m[Genesis] [21:13:58] [INFO] Running at [38;5;121m33.56[0m[38;5;159m FPS.[0m
[38;5;159m[Genesis] [21:13:58] [INFO] Running at [38;5;121m32.13[0m[38;5;159m FPS.[0m
[38;5;159m[Genesis] [21:13:58] [INFO] Running at [38;5;121m33.50[0m[38;5;159m FPS.[0m
[38;5;159m[Genesis] [21:13:58] [INFO] Running at [38;5;121m34.92[0m[38;5;159m FPS.[0m
[38;5;159m[Genesis] [21:13:58] [INFO] Running at [38;5;121m36.38[0m[38;5;159m FPS.[0m
[38;5;159m[Genesis] [21:13:58] [INFO] Running at [38;5;121m35.77[0m[38;5;159m FPS.[0m
[38;5;159m[Genesis] [21:13:59] [INFO] Running at [38;5;121m25.26[0m[38;5;159m FPS.[0m
[38;5;159m[Genesis] [21:13:59] [INFO] Running at [38;5;121m25.30[0m[38;5;159m FPS.[0m
[38;5;159m[Genesis] [21:13:59] [INFO] Running at [38;5;121m25.20[0m[38;5;159m FPS.[0m
[38;5;159m[Genesis] [21:13:59] [INFO] Running at [38;5;121m26.40[0m[38;5;159m FPS.[0m
[38;5;159m[Genesis] [21:13:59] [INFO] Running at [38;5;121m26.43[0m[38;5;159m FPS.[0m
[38;5;159m[Genesis] [21:13:59] [INFO] Running at [38;5;121m26.33[0m[38;5;159m FPS.[0m
[38;5;159m[Genesis] [21:13:59] [INFO] Running at [38;5;121m27.57[0m[38;5;159m FPS.[0m
[38;5;159m[Genesis] [21:13:59] [INFO] Running at [38;5;121m27.61[0m[38;5;159m FPS.[0m
[38;5;159m[Genesis] [21:13:59] [INFO] Running at [38;5;121m27.49[0m[38;5;159m FPS.[0m
[38;5;159m[Genesis] [21:13:59] [INFO] Running at [38;5;121m28.79[0m[38;5;159m FPS.[0m
[38;5;159m[Genesis] [21:13:59] [INFO] Running at [38;5;121m28.83[0m[38;5;159m FPS.[0m
[38;5;159m[Genesis] [21:13:59] [INFO] Running at [38;5;121m28.71[0m[38;5;159m FPS.[0m
[38;5;159m[Genesis] [21:13:59] [INFO] Running at [38;5;121m27.07[0m[38;5;159m FPS.[0m
[38;5;159m[Genesis] [21:13:59] [INFO] Running at [38;5;121m28.26[0m[38;5;159m FPS.[0m
[38;5;159m[Genesis] [21:13:59] [INFO] Running at [38;5;121m29.49[0m[38;5;159m FPS.[0m
[38;5;159m[Genesis] [21:13:59] [INFO] Running at [38;5;121m30.68[0m[38;5;159m FPS.[0m
[38;5;159m[Genesis] [21:13:59] [INFO] Running at [38;5;121m27.99[0m[38;5;159m FPS.[0m
[38;5;159m[Genesis] [21:13:59] [INFO] Running at [38;5;121m27.48[0m[38;5;159m FPS.[0m
[38;5;159m[Genesis] [21:13:59] [INFO] Running at [38;5;121m27.42[0m[38;5;159m FPS.[0m
[38;5;159m[Genesis] [21:13:59] [INFO] Running at [38;5;121m28.66[0m[38;5;159m FPS.[0m
[38;5;159m[Genesis] [21:13:59] [INFO] Running at [38;5;121m20.45[0m[38;5;159m FPS.[0m
[38;5;159m[Genesis] [21:13:59] [INFO] Running at [38;5;121m21.40[0m[38;5;159m FPS.[0m
[38;5;159m[Genesis] [21:13:59] [INFO] Running at [38;5;121m20.31[0m[38;5;159m FPS.[0m
[38;5;159m[Genesis] [21:13:59] [INFO] Running at [38;5;121m20.27[0m[38;5;159m FPS.[0m
[38;5;159m[Genesis] [21:13:59] [INFO] Running at [38;5;121m22.39[0m[38;5;159m FPS.[0m
[38;5;159m[Genesis] [21:13:59] [INFO] Running at [38;5;121m21.25[0m[38;5;159m FPS.[0m
[38;5;159m[Genesis] [21:13:59] [INFO] Running at [38;5;121m21.21[0m[38;5;159m FPS.[0m
[38;5;159m[Genesis] [21:13:59] [INFO] Running at [38;5;121m23.41[0m[38;5;159m FPS.[0m
[38;5;159m[Genesis] [21:13:59] [INFO] Running at [38;5;121m22.23[0m[38;5;159m FPS.[0m
[38;5;159m[Genesis] [21:13:59] [INFO] Running at [38;5;121m22.18[0m[38;5;159m FPS.[0m
[38;5;159m[Genesis] [21:13:59] [INFO] Running at [38;5;121m23.16[0m[38;5;159m FPS.[0m
[38;5;159m[Genesis] [21:13:59] [INFO] Running at [38;5;121m23.08[0m[38;5;159m FPS.[0m
[38;5;159m[Genesis] [21:13:59] [INFO] Running at [38;5;121m21.35[0m[38;5;159m FPS.[0m
[38;5;159m[Genesis] [21:13:59] [INFO] Running at [38;5;121m22.33[0m[38;5;159m FPS.[0m
[38;5;159m[Genesis] [21:13:59] [INFO] Running at [38;5;121m23.35[0m[38;5;159m FPS.[0m
[38;5;159m[Genesis] [21:13:59] [INFO] Running at [38;5;121m23.65[0m[38;5;159m FPS.[0m
[38;5;159m[Genesis] [21:13:59] [INFO] Running at [38;5;121m24.08[0m[38;5;159m FPS.[0m
[38;5;159m[Genesis] [21:13:59] [INFO] Running at [38;5;121m22.31[0m[38;5;159m FPS.[0m
[38;5;159m[Genesis] [21:13:59] [INFO] Running at [38;5;121m21.99[0m[38;5;159m FPS.[0m
[38;5;159m[Genesis] [21:13:59] [INFO] Running at [38;5;121m22.37[0m[38;5;159m FPS.[0m
[38;5;159m[Genesis] [21:13:59] [INFO] Running at [38;5;121m17.55[0m[38;5;159m FPS.[0m
[38;5;159m[Genesis] [21:13:59] [INFO] Running at [38;5;121m18.38[0m[38;5;159m FPS.[0m
[38;5;159m[Genesis] [21:13:59] [INFO] Running at [38;5;121m19.24[0m[38;5;159m FPS.[0m
[38;5;159m[Genesis] [21:13:59] [INFO] Running at [38;5;121m20.14[0m[38;5;159m FPS.[0m
[38;5;159m[Genesis] [21:13:59] [INFO] Running at [38;5;121m17.15[0m[38;5;159m FPS.[0m
[38;5;159m[Genesis] [21:13:59] [INFO] Running at [38;5;121m17.96[0m[38;5;159m FPS.[0m
[38;5;159m[Genesis] [21:13:59] [INFO] Running at [38;5;121m18.80[0m[38;5;159m FPS.[0m
[38;5;159m[Genesis] [21:13:59] [INFO] Running at [38;5;121m20.52[0m[38;5;159m FPS.[0m
[38;5;159m[Genesis] [21:13:59] [INFO] Running at [38;5;121m19.67[0m[38;5;159m FPS.[0m
[38;5;159m[Genesis] [21:13:59] [INFO] Running at [38;5;121m16.78[0m[38;5;159m FPS.[0m
[38;5;159m[Genesis] [21:13:59] [INFO] Running at [38;5;121m17.57[0m[38;5;159m FPS.[0m
[38;5;159m[Genesis] [21:13:59] [INFO] Running at [38;5;121m18.40[0m[38;5;159m FPS.[0m
[38;5;159m[Genesis] [21:13:59] [INFO] Running at [38;5;121m19.12[0m[38;5;159m FPS.[0m
[38;5;159m[Genesis] [21:13:59] [INFO] Running at [38;5;121m19.53[0m[38;5;159m FPS.[0m
[38;5;159m[Genesis] [21:13:59] [INFO] Running at [38;5;121m18.85[0m[38;5;159m FPS.[0m
[38;5;159m[Genesis] [21:13:59] [INFO] Running at [38;5;121m16.46[0m[38;5;159m FPS.[0m
[38;5;159m[Genesis] [21:13:59] [INFO] Running at [38;5;121m17.24[0m[38;5;159m FPS.[0m
[38;5;159m[Genesis] [21:13:59] [INFO] Running at [38;5;121m18.06[0m[38;5;159m FPS.[0m
[38;5;159m[Genesis] [21:14:00] [INFO] Running at [38;5;121m18.57[0m[38;5;159m FPS.[0m
[38;5;159m[Genesis] [21:14:00] [INFO] Running at [38;5;121m18.01[0m[38;5;159m FPS.[0m
[38;5;159m[Genesis] [21:14:00] [INFO] Running at [38;5;121m15.94[0m[38;5;159m FPS.[0m
[38;5;159m[Genesis] [21:14:00] [INFO] Running at [38;5;121m16.70[0m[38;5;159m FPS.[0m
[38;5;159m[Genesis] [21:14:00] [INFO] Running at [38;5;121m17.50[0m[38;5;159m FPS.[0m
[38;5;159m[Genesis] [21:14:00] [INFO] Running at [38;5;121m18.32[0m[38;5;159m FPS.[0m
[38;5;159m[Genesis] [21:14:00] [INFO] Running at [38;5;121m15.64[0m[38;5;159m FPS.[0m
[38;5;159m[Genesis] [21:14:00] [INFO] Running at [38;5;121m16.39[0m[38;5;159m FPS.[0m
[38;5;159m[Genesis] [21:14:00] [INFO] Running at [38;5;121m17.16[0m[38;5;159m FPS.[0m
[38;5;159m[Genesis] [21:14:00] [INFO] Running at [38;5;121m18.61[0m[38;5;159m FPS.[0m
[38;5;159m[Genesis] [21:14:00] [INFO] Running at [38;5;121m17.93[0m[38;5;159m FPS.[0m
[38;5;159m[Genesis] [21:14:00] [INFO] Running at [38;5;121m15.17[0m[38;5;159m FPS.[0m
[38;5;159m[Genesis] [21:14:00] [INFO] Running at [38;5;121m15.90[0m[38;5;159m FPS.[0m
[38;5;159m[Genesis] [21:14:00] [INFO] Running at [38;5;121m16.66[0m[38;5;159m FPS.[0m
[38;5;159m[Genesis] [21:14:00] [INFO] Running at [38;5;121m17.85[0m[38;5;159m FPS.[0m
[38;5;159m[Genesis] [21:14:00] [INFO] Running at [38;5;121m17.16[0m[38;5;159m FPS.[0m
[38;5;159m[Genesis] [21:14:00] [INFO] Running at [38;5;121m17.15[0m[38;5;159m FPS.[0m
[38;5;159m[Genesis] [21:14:00] [INFO] Running at [38;5;121m14.25[0m[38;5;159m FPS.[0m
[38;5;159m[Genesis] [21:14:00] [INFO] Running at [38;5;121m14.94[0m[38;5;159m FPS.[0m
[38;5;159m[Genesis] [21:14:00] [INFO] Running at [38;5;121m15.66[0m[38;5;159m FPS.[0m
[38;5;159m[Genesis] [21:14:00] [INFO] Running at [38;5;121m16.26[0m[38;5;159m FPS.[0m
[38;5;159m[Genesis] [21:14:00] [INFO] Running at [38;5;121m16.24[0m[38;5;159m FPS.[0m
[38;5;159m[Genesis] [21:14:00] [INFO] Running at [38;5;121m14.87[0m[38;5;159m FPS.[0m
[38;5;159m[Genesis] [21:14:00] [INFO] Running at [38;5;121m15.58[0m[38;5;159m FPS.[0m
[38;5;159m[Genesis] [21:14:00] [INFO] Running at [38;5;121m16.33[0m[38;5;159m FPS.[0m
[38;5;159m[Genesis] [21:14:00] [INFO] Running at [38;5;121m17.11[0m[38;5;159m FPS.[0m
[38;5;159m[Genesis] [21:14:00] [INFO] Running at [38;5;121m14.63[0m[38;5;159m FPS.[0m
[38;5;159m[Genesis] [21:14:00] [INFO] Running at [38;5;121m15.33[0m[38;5;159m FPS.[0m
[38;5;159m[Genesis] [21:14:00] [INFO] Running at [38;5;121m16.07[0m[38;5;159m FPS.[0m
[38;5;159m[Genesis] [21:14:00] [INFO] Running at [38;5;121m17.34[0m[38;5;159m FPS.[0m
[38;5;159m[Genesis] [21:14:00] [INFO] Running at [38;5;121m16.79[0m[38;5;159m FPS.[0m
[38;5;159m[Genesis] [21:14:00] [INFO] Running at [38;5;121m14.39[0m[38;5;159m FPS.[0m
[38;5;159m[Genesis] [21:14:00] [INFO] Running at [38;5;121m15.09[0m[38;5;159m FPS.[0m
[38;5;159m[Genesis] [21:14:00] [INFO] Running at [38;5;121m15.81[0m[38;5;159m FPS.[0m
[38;5;159m[Genesis] [21:14:00] [INFO] Running at [38;5;121m16.42[0m[38;5;159m FPS.[0m
[38;5;159m[Genesis] [21:14:00] [INFO] Running at [38;5;121m16.50[0m[38;5;159m FPS.[0m
[38;5;159m[Genesis] [21:14:00] [INFO] Running at [38;5;121m16.39[0m[38;5;159m FPS.[0m
[38;5;159m[Genesis] [21:14:00] [INFO] Running at [38;5;121m13.58[0m[38;5;159m FPS.[0m
[38;5;159m[Genesis] [21:14:00] [INFO] Running at [38;5;121m14.24[0m[38;5;159m FPS.[0m
[38;5;159m[Genesis] [21:14:00] [INFO] Running at [38;5;121m14.92[0m[38;5;159m FPS.[0m
[38;5;159m[Genesis] [21:14:00] [INFO] Running at [38;5;121m15.57[0m[38;5;159m FPS.[0m
[38;5;159m[Genesis] [21:14:00] [INFO] Running at [38;5;121m15.68[0m[38;5;159m FPS.[0m
[38;5;159m[Genesis] [21:14:00] [INFO] Running at [38;5;121m14.19[0m[38;5;159m FPS.[0m
[38;5;159m[Genesis] [21:14:00] [INFO] Running at [38;5;121m14.87[0m[38;5;159m FPS.[0m
[38;5;159m[Genesis] [21:14:00] [INFO] Running at [38;5;121m15.59[0m[38;5;159m FPS.[0m
[38;5;159m[Genesis] [21:14:00] [INFO] Running at [38;5;121m16.33[0m[38;5;159m FPS.[0m
[38;5;159m[Genesis] [21:14:01] [INFO] Running at [38;5;121m16.63[0m[38;5;159m FPS.[0m
[38;5;159m[Genesis] [21:14:01] [INFO] Running at [38;5;121m13.82[0m[38;5;159m FPS.[0m
[38;5;159m[Genesis] [21:14:01] [INFO] Running at [38;5;121m14.49[0m[38;5;159m FPS.[0m
[38;5;159m[Genesis] [21:14:01] [INFO] Running at [38;5;121m15.19[0m[38;5;159m FPS.[0m
[38;5;159m[Genesis] [21:14:01] [INFO] Running at [38;5;121m15.89[0m[38;5;159m FPS.[0m
[38;5;159m[Genesis] [21:14:01] [INFO] Running at [38;5;121m13.78[0m[38;5;159m FPS.[0m
[38;5;159m[Genesis] [21:14:01] [INFO] Running at [38;5;121m14.45[0m[38;5;159m FPS.[0m
[38;5;159m[Genesis] [21:14:01] [INFO] Running at [38;5;121m15.15[0m[38;5;159m FPS.[0m
[38;5;159m[Genesis] [21:14:01] [INFO] Running at [38;5;121m15.73[0m[38;5;159m FPS.[0m
[38;5;159m[Genesis] [21:14:01] [INFO] Running at [38;5;121m15.82[0m[38;5;159m FPS.[0m
[38;5;159m[Genesis] [21:14:01] [INFO] Running at [38;5;121m15.55[0m[38;5;159m FPS.[0m
[38;5;159m[Genesis] [21:14:01] [INFO] Running at [38;5;121m13.19[0m[38;5;159m FPS.[0m
[38;5;159m[Genesis] [21:14:01] [INFO] Running at [38;5;121m13.83[0m[38;5;159m FPS.[0m
[38;5;159m[Genesis] [21:14:01] [INFO] Running at [38;5;121m14.49[0m[38;5;159m FPS.[0m
[38;5;159m[Genesis] [21:14:01] [INFO] Running at [38;5;121m15.12[0m[38;5;159m FPS.[0m
[38;5;159m[Genesis] [21:14:01] [INFO] Running at [38;5;121m15.12[0m[38;5;159m FPS.[0m
[38;5;159m[Genesis] [21:14:01] [INFO] Running at [38;5;121m13.66[0m[38;5;159m FPS.[0m
[38;5;159m[Genesis] [21:14:01] [INFO] Running at [38;5;121m14.32[0m[38;5;159m FPS.[0m
[38;5;159m[Genesis] [21:14:01] [INFO] Running at [38;5;121m15.02[0m[38;5;159m FPS.[0m
[38;5;159m[Genesis] [21:14:01] [INFO] Running at [38;5;121m15.69[0m[38;5;159m FPS.[0m
[38;5;159m[Genesis] [21:14:01] [INFO] Running at [38;5;121m15.91[0m[38;5;159m FPS.[0m
[38;5;159m[Genesis] [21:14:01] [INFO] Running at [38;5;121m13.29[0m[38;5;159m FPS.[0m
[38;5;159m[Genesis] [21:14:01] [INFO] Running at [38;5;121m13.94[0m[38;5;159m FPS.[0m
[38;5;159m[Genesis] [21:14:01] [INFO] Running at [38;5;121m14.61[0m[38;5;159m FPS.[0m
[38;5;159m[Genesis] [21:14:01] [INFO] Running at [38;5;121m15.29[0m[38;5;159m FPS.[0m
[38;5;159m[Genesis] [21:14:01] [INFO] Running at [38;5;121m12.94[0m[38;5;159m FPS.[0m
[38;5;159m[Genesis] [21:14:01] [INFO] Running at [38;5;121m15.50[0m[38;5;159m FPS.[0m
[38;5;159m[Genesis] [21:14:01] [INFO] Running at [38;5;121m13.56[0m[38;5;159m FPS.[0m
[38;5;159m[Genesis] [21:14:01] [INFO] Running at [38;5;121m14.22[0m[38;5;159m FPS.[0m
[38;5;159m[Genesis] [21:14:01] [INFO] Running at [38;5;121m14.79[0m[38;5;159m FPS.[0m
[38;5;159m[Genesis] [21:14:01] [INFO] Running at [38;5;121m14.89[0m[38;5;159m FPS.[0m
[38;5;159m[Genesis] [21:14:01] [INFO] Running at [38;5;121m12.81[0m[38;5;159m FPS.[0m
[38;5;159m[Genesis] [21:14:01] [INFO] Running at [38;5;121m13.44[0m[38;5;159m FPS.[0m
[38;5;159m[Genesis] [21:14:01] [INFO] Running at [38;5;121m14.09[0m[38;5;159m FPS.[0m
[38;5;159m[Genesis] [21:14:01] [INFO] Running at [38;5;121m14.75[0m[38;5;159m FPS.[0m
[38;5;159m[Genesis] [21:14:01] [INFO] Running at [38;5;121m14.98[0m[38;5;159m FPS.[0m
✅ Created 4 parallel environments
Logging to logs/learning_evolution
/home/jkoba/SynologyDrive/genesis_humanoid_rl/.venv/lib/python3.10/site-packages/stable_baselines3/common/on_policy_algorithm.py:150: UserWarning: You are trying to run PPO on the GPU, but it is primarily intended to run on the CPU when not using a CNN policy (you are using ActorCriticPolicy which should be a MlpPolicy). See https://github.com/DLR-RM/stable-baselines3/issues/1245 for more info. You can pass `device='cpu'` or `export CUDA_VISIBLE_DEVICES=` to force using the CPU.Note: The model will train, but the GPU utilization will be poor and the training might take longer than on CPU.
  warnings.warn(
[38;5;159m[Genesis] [21:14:03] [INFO] Scene [38;5;121m[3m<31732c6>[0m[38;5;159m created.[0m
[38;5;159m[Genesis] [21:14:03] [INFO] Scene [38;5;121m[3m<12e5546>[0m[38;5;159m created.[0m
[38;5;159m[Genesis] [21:14:03] [INFO] Scene [38;5;121m[3m<ecf44ba>[0m[38;5;159m created.[0m
[38;5;159m[Genesis] [21:14:03] [INFO] Scene [38;5;121m[3m<dc352d7>[0m[38;5;159m created.[0m
[38;5;159m[Genesis] [21:14:03] [INFO] Adding [38;5;121m<gs.RigidEntity>[0m[38;5;159m. idx: [38;5;121m0[0m[38;5;159m, uid: [38;5;121m[3m<d8bedb5>[0m[38;5;159m, morph: [38;5;121m<gs.morphs.Plane>[0m[38;5;159m, material: [38;5;121m<gs.materials.Rigid>[0m[38;5;159m.[0m
[38;5;159m[Genesis] [21:14:03] [INFO] Adding [38;5;121m<gs.RigidEntity>[0m[38;5;159m. idx: [38;5;121m0[0m[38;5;159m, uid: [38;5;121m[3m<7c8e634>[0m[38;5;159m, morph: [38;5;121m<gs.morphs.Plane>[0m[38;5;159m, material: [38;5;121m<gs.materials.Rigid>[0m[38;5;159m.[0m
[38;5;159m[Genesis] [21:14:03] [INFO] Adding [38;5;121m<gs.RigidEntity>[0m[38;5;159m. idx: [38;5;121m0[0m[38;5;159m, uid: [38;5;121m[3m<f1f7219>[0m[38;5;159m, morph: [38;5;121m<gs.morphs.Plane>[0m[38;5;159m, material: [38;5;121m<gs.materials.Rigid>[0m[38;5;159m.[0m
[38;5;159m[Genesis] [21:14:03] [INFO] Adding [38;5;121m<gs.RigidEntity>[0m[38;5;159m. idx: [38;5;121m0[0m[38;5;159m, uid: [38;5;121m[3m<8624dfd>[0m[38;5;159m, morph: [38;5;121m<gs.morphs.Plane>[0m[38;5;159m, material: [38;5;121m<gs.materials.Rigid>[0m[38;5;159m.[0m
[38;5;159m[Genesis] [21:14:03] [INFO] Adding [38;5;121m<gs.RigidEntity>[0m[38;5;159m. idx: [38;5;121m1[0m[38;5;159m, uid: [38;5;121m[3m<2fa6932>[0m[38;5;159m, morph: [38;5;121m<gs.morphs.URDF(file='/home/jkoba/SynologyDrive/genesis_humanoid_rl/assets/robots/g1/g1_29dof.urdf')>[0m[38;5;159m, material: [38;5;121m<gs.materials.Rigid>[0m[38;5;159m.[0m
[38;5;159m[Genesis] [21:14:03] [INFO] Adding [38;5;121m<gs.RigidEntity>[0m[38;5;159m. idx: [38;5;121m1[0m[38;5;159m, uid: [38;5;121m[3m<0ebc3e8>[0m[38;5;159m, morph: [38;5;121m<gs.morphs.URDF(file='/home/jkoba/SynologyDrive/genesis_humanoid_rl/assets/robots/g1/g1_29dof.urdf')>[0m[38;5;159m, material: [38;5;121m<gs.materials.Rigid>[0m[38;5;159m.[0m
[38;5;159m[Genesis] [21:14:03] [INFO] Adding [38;5;121m<gs.RigidEntity>[0m[38;5;159m. idx: [38;5;121m1[0m[38;5;159m, uid: [38;5;121m[3m<1da5f8e>[0m[38;5;159m, morph: [38;5;121m<gs.morphs.URDF(file='/home/jkoba/SynologyDrive/genesis_humanoid_rl/assets/robots/g1/g1_29dof.urdf')>[0m[38;5;159m, material: [38;5;121m<gs.materials.Rigid>[0m[38;5;159m.[0m
[38;5;159m[Genesis] [21:14:03] [INFO] Adding [38;5;121m<gs.RigidEntity>[0m[38;5;159m. idx: [38;5;121m1[0m[38;5;159m, uid: [38;5;121m[3m<dd2719f>[0m[38;5;159m, morph: [38;5;121m<gs.morphs.URDF(file='/home/jkoba/SynologyDrive/genesis_humanoid_rl/assets/robots/g1/g1_29dof.urdf')>[0m[38;5;159m, material: [38;5;121m<gs.materials.Rigid>[0m[38;5;159m.[0m
[38;5;159m[Genesis] [21:14:06] [INFO] Building scene [38;5;121m[3m<ecf44ba>[0m[38;5;159m...[0m
[38;5;159m[Genesis] [21:14:07] [INFO] Building scene [38;5;121m[3m<12e5546>[0m[38;5;159m...[0m
[38;5;159m[Genesis] [21:14:07] [INFO] Building scene [38;5;121m[3m<31732c6>[0m[38;5;159m...[0m
[38;5;159m[Genesis] [21:14:07] [INFO] Building scene [38;5;121m[3m<dc352d7>[0m[38;5;159m...[0m
[38;5;159m[Genesis] [21:14:20] [INFO] Compiling simulation kernels...[0m
[38;5;159m[Genesis] [21:14:20] [INFO] Compiling simulation kernels...[0m
[38;5;159m[Genesis] [21:14:20] [INFO] Compiling simulation kernels...[0m
[38;5;159m[Genesis] [21:14:20] [INFO] Compiling simulation kernels...[0m
[38;5;159m[Genesis] [21:14:26] [INFO] Building visualizer...[0m
[38;5;159m[Genesis] [21:14:26] [INFO] Building visualizer...[0m
[38;5;159m[Genesis] [21:14:26] [INFO] Building visualizer...[0m
[38;5;159m[Genesis] [21:14:26] [INFO] Building visualizer...[0m
[38;5;159m[Genesis] [21:14:27] [INFO] Running at [38;5;121m180.76[0m[38;5;159m FPS.[0m
[38;5;159m[Genesis] [21:14:27] [INFO] Running at [38;5;121m181.12[0m[38;5;159m FPS.[0m
[38;5;159m[Genesis] [21:14:27] [INFO] Running at [38;5;121m180.12[0m[38;5;159m FPS.[0m
[38;5;159m[Genesis] [21:14:27] [INFO] Running at [38;5;121m179.70[0m[38;5;159m FPS.[0m
[38;5;159m[Genesis] [21:14:27] [INFO] Running at [38;5;121m179.98[0m[38;5;159m FPS.[0m
[38;5;159m[Genesis] [21:14:27] [INFO] Running at [38;5;121m179.11[0m[38;5;159m FPS.[0m
[38;5;159m[Genesis] [21:14:27] [INFO] Running at [38;5;121m178.97[0m[38;5;159m FPS.[0m
[38;5;159m[Genesis] [21:14:27] [INFO] Running at [38;5;121m179.22[0m[38;5;159m FPS.[0m
[38;5;159m[Genesis] [21:14:27] [INFO] Running at [38;5;121m178.39[0m[38;5;159m FPS.[0m
[38;5;159m[Genesis] [21:14:27] [INFO] Running at [38;5;121m178.47[0m[38;5;159m FPS.[0m
[38;5;159m[Genesis] [21:14:27] [INFO] Running at [38;5;121m178.69[0m[38;5;159m FPS.[0m
[38;5;159m[Genesis] [21:14:27] [INFO] Running at [38;5;121m177.54[0m[38;5;159m FPS.[0m
[38;5;159m[Genesis] [21:14:27] [INFO] Running at [38;5;121m141.32[0m[38;5;159m FPS.[0m
[38;5;159m[Genesis] [21:14:27] [INFO] Running at [38;5;121m139.41[0m[38;5;159m FPS.[0m
[38;5;159m[Genesis] [21:14:27] [INFO] Running at [38;5;121m136.83[0m[38;5;159m FPS.[0m
[38;5;159m[Genesis] [21:14:27] [INFO] Running at [38;5;121m177.84[0m[38;5;159m FPS.[0m
[38;5;159m[Genesis] [21:14:27] [INFO] Running at [38;5;121m177.07[0m[38;5;159m FPS.[0m
[38;5;159m[Genesis] [21:14:27] [INFO] Running at [38;5;121m176.51[0m[38;5;159m FPS.[0m
[38;5;159m[Genesis] [21:14:27] [INFO] Running at [38;5;121m162.85[0m[38;5;159m FPS.[0m
[38;5;159m[Genesis] [21:14:27] [INFO] Running at [38;5;121m113.05[0m[38;5;159m FPS.[0m
[38;5;159m[Genesis] [21:14:27] [INFO] Running at [38;5;121m111.89[0m[38;5;159m FPS.[0m
[38;5;159m[Genesis] [21:14:27] [INFO] Running at [38;5;121m109.04[0m[38;5;159m FPS.[0m
[38;5;159m[Genesis] [21:14:27] [INFO] Running at [38;5;121m94.05[0m[38;5;159m FPS.[0m
[38;5;159m[Genesis] [21:14:27] [INFO] Running at [38;5;121m93.29[0m[38;5;159m FPS.[0m
[38;5;159m[Genesis] [21:14:27] [INFO] Running at [38;5;121m118.61[0m[38;5;159m FPS.[0m
[38;5;159m[Genesis] [21:14:27] [INFO] Running at [38;5;121m91.47[0m[38;5;159m FPS.[0m
[38;5;159m[Genesis] [21:14:27] [INFO] Running at [38;5;121m101.78[0m[38;5;159m FPS.[0m
[38;5;159m[Genesis] [21:14:27] [INFO] Running at [38;5;121m81.68[0m[38;5;159m FPS.[0m
[38;5;159m[Genesis] [21:14:27] [INFO] Running at [38;5;121m81.14[0m[38;5;159m FPS.[0m
[38;5;159m[Genesis] [21:14:27] [INFO] Running at [38;5;121m79.85[0m[38;5;159m FPS.[0m
[38;5;159m[Genesis] [21:14:27] [INFO] Running at [38;5;121m87.16[0m[38;5;159m FPS.[0m
[38;5;159m[Genesis] [21:14:27] [INFO] Running at [38;5;121m72.64[0m[38;5;159m FPS.[0m
[38;5;159m[Genesis] [21:14:27] [INFO] Running at [38;5;121m72.24[0m[38;5;159m FPS.[0m
[38;5;159m[Genesis] [21:14:27] [INFO] Running at [38;5;121m71.28[0m[38;5;159m FPS.[0m
[38;5;159m[Genesis] [21:14:27] [INFO] Running at [38;5;121m67.20[0m[38;5;159m FPS.[0m
[38;5;159m[Genesis] [21:14:27] [INFO] Running at [38;5;121m66.88[0m[38;5;159m FPS.[0m
[38;5;159m[Genesis] [21:14:27] [INFO] Running at [38;5;121m76.73[0m[38;5;159m FPS.[0m
[38;5;159m[Genesis] [21:14:27] [INFO] Running at [38;5;121m66.08[0m[38;5;159m FPS.[0m
[38;5;159m[Genesis] [21:14:27] [INFO] Running at [38;5;121m70.51[0m[38;5;159m FPS.[0m
[38;5;159m[Genesis] [21:14:27] [INFO] Running at [38;5;121m64.07[0m[38;5;159m FPS.[0m
[38;5;159m[Genesis] [21:14:28] [INFO] Running at [38;5;121m15.60[0m[38;5;159m FPS.[0m
[38;5;159m[Genesis] [21:14:28] [INFO] Running at [38;5;121m14.82[0m[38;5;159m FPS.[0m
[38;5;159m[Genesis] [21:14:28] [INFO] Running at [38;5;121m14.83[0m[38;5;159m FPS.[0m
[38;5;159m[Genesis] [21:14:28] [INFO] Running at [38;5;121m14.81[0m[38;5;159m FPS.[0m
[38;5;159m[Genesis] [21:14:28] [INFO] Running at [38;5;121m16.34[0m[38;5;159m FPS.[0m
[38;5;159m[Genesis] [21:14:28] [INFO] Running at [38;5;121m15.53[0m[38;5;159m FPS.[0m
[38;5;159m[Genesis] [21:14:28] [INFO] Running at [38;5;121m15.54[0m[38;5;159m FPS.[0m
[38;5;159m[Genesis] [21:14:28] [INFO] Running at [38;5;121m15.52[0m[38;5;159m FPS.[0m
[38;5;159m[Genesis] [21:14:28] [INFO] Running at [38;5;121m17.13[0m[38;5;159m FPS.[0m
[38;5;159m[Genesis] [21:14:28] [INFO] Running at [38;5;121m16.28[0m[38;5;159m FPS.[0m
[38;5;159m[Genesis] [21:14:28] [INFO] Running at [38;5;121m16.29[0m[38;5;159m FPS.[0m
[38;5;159m[Genesis] [21:14:28] [INFO] Running at [38;5;121m16.27[0m[38;5;159m FPS.[0m
[38;5;159m[Genesis] [21:14:28] [INFO] Running at [38;5;121m17.95[0m[38;5;159m FPS.[0m
[38;5;159m[Genesis] [21:14:28] [INFO] Running at [38;5;121m17.07[0m[38;5;159m FPS.[0m
[38;5;159m[Genesis] [21:14:28] [INFO] Running at [38;5;121m17.07[0m[38;5;159m FPS.[0m
[38;5;159m[Genesis] [21:14:28] [INFO] Running at [38;5;121m17.05[0m[38;5;159m FPS.[0m
[38;5;159m[Genesis] [21:14:28] [INFO] Running at [38;5;121m17.46[0m[38;5;159m FPS.[0m
[38;5;159m[Genesis] [21:14:28] [INFO] Running at [38;5;121m18.30[0m[38;5;159m FPS.[0m
[38;5;159m[Genesis] [21:14:28] [INFO] Running at [38;5;121m17.40[0m[38;5;159m FPS.[0m
[38;5;159m[Genesis] [21:14:28] [INFO] Running at [38;5;121m17.35[0m[38;5;159m FPS.[0m
[38;5;159m[Genesis] [21:14:28] [INFO] Running at [38;5;121m16.69[0m[38;5;159m FPS.[0m
[38;5;159m[Genesis] [21:14:28] [INFO] Running at [38;5;121m16.00[0m[38;5;159m FPS.[0m
[38;5;159m[Genesis] [21:14:28] [INFO] Running at [38;5;121m15.99[0m[38;5;159m FPS.[0m
[38;5;159m[Genesis] [21:14:28] [INFO] Running at [38;5;121m15.98[0m[38;5;159m FPS.[0m
[38;5;159m[Genesis] [21:14:28] [INFO] Running at [38;5;121m17.49[0m[38;5;159m FPS.[0m
[38;5;159m[Genesis] [21:14:28] [INFO] Running at [38;5;121m16.76[0m[38;5;159m FPS.[0m
[38;5;159m[Genesis] [21:14:28] [INFO] Running at [38;5;121m16.77[0m[38;5;159m FPS.[0m
[38;5;159m[Genesis] [21:14:28] [INFO] Running at [38;5;121m16.75[0m[38;5;159m FPS.[0m
[38;5;159m[Genesis] [21:14:28] [INFO] Running at [38;5;121m18.32[0m[38;5;159m FPS.[0m
[38;5;159m[Genesis] [21:14:28] [INFO] Running at [38;5;121m17.56[0m[38;5;159m FPS.[0m
[38;5;159m[Genesis] [21:14:28] [INFO] Running at [38;5;121m17.57[0m[38;5;159m FPS.[0m
[38;5;159m[Genesis] [21:14:28] [INFO] Running at [38;5;121m17.55[0m[38;5;159m FPS.[0m
[38;5;159m[Genesis] [21:14:28] [INFO] Running at [38;5;121m19.19[0m[38;5;159m FPS.[0m
[38;5;159m[Genesis] [21:14:28] [INFO] Running at [38;5;121m18.40[0m[38;5;159m FPS.[0m
[38;5;159m[Genesis] [21:14:28] [INFO] Running at [38;5;121m18.41[0m[38;5;159m FPS.[0m
[38;5;159m[Genesis] [21:14:28] [INFO] Running at [38;5;121m18.39[0m[38;5;159m FPS.[0m
[38;5;159m[Genesis] [21:14:28] [INFO] Running at [38;5;121m19.56[0m[38;5;159m FPS.[0m
[38;5;159m[Genesis] [21:14:28] [INFO] Running at [38;5;121m18.75[0m[38;5;159m FPS.[0m
[38;5;159m[Genesis] [21:14:28] [INFO] Running at [38;5;121m18.70[0m[38;5;159m FPS.[0m
[38;5;159m[Genesis] [21:14:28] [INFO] Running at [38;5;121m18.66[0m[38;5;159m FPS.[0m
[38;5;159m[Genesis] [21:14:28] [INFO] Running at [38;5;121m17.03[0m[38;5;159m FPS.[0m
[38;5;159m[Genesis] [21:14:28] [INFO] Running at [38;5;121m17.02[0m[38;5;159m FPS.[0m
[38;5;159m[Genesis] [21:14:28] [INFO] Running at [38;5;121m17.62[0m[38;5;159m FPS.[0m
[38;5;159m[Genesis] [21:14:28] [INFO] Running at [38;5;121m17.02[0m[38;5;159m FPS.[0m
[38;5;159m[Genesis] [21:14:28] [INFO] Running at [38;5;121m17.84[0m[38;5;159m FPS.[0m
[38;5;159m[Genesis] [21:14:28] [INFO] Running at [38;5;121m18.46[0m[38;5;159m FPS.[0m
[38;5;159m[Genesis] [21:14:28] [INFO] Running at [38;5;121m17.83[0m[38;5;159m FPS.[0m
[38;5;159m[Genesis] [21:14:28] [INFO] Running at [38;5;121m17.84[0m[38;5;159m FPS.[0m
[38;5;159m[Genesis] [21:14:28] [INFO] Running at [38;5;121m18.69[0m[38;5;159m FPS.[0m
[38;5;159m[Genesis] [21:14:28] [INFO] Running at [38;5;121m19.34[0m[38;5;159m FPS.[0m
[38;5;159m[Genesis] [21:14:28] [INFO] Running at [38;5;121m18.69[0m[38;5;159m FPS.[0m
[38;5;159m[Genesis] [21:14:28] [INFO] Running at [38;5;121m18.68[0m[38;5;159m FPS.[0m
[38;5;159m[Genesis] [21:14:28] [INFO] Running at [38;5;121m20.25[0m[38;5;159m FPS.[0m
[38;5;159m[Genesis] [21:14:28] [INFO] Running at [38;5;121m19.58[0m[38;5;159m FPS.[0m
[38;5;159m[Genesis] [21:14:28] [INFO] Running at [38;5;121m19.57[0m[38;5;159m FPS.[0m
[38;5;159m[Genesis] [21:14:28] [INFO] Running at [38;5;121m19.57[0m[38;5;159m FPS.[0m
[38;5;159m[Genesis] [21:14:28] [INFO] Running at [38;5;121m19.94[0m[38;5;159m FPS.[0m
[38;5;159m[Genesis] [21:14:28] [INFO] Running at [38;5;121m19.90[0m[38;5;159m FPS.[0m
[38;5;159m[Genesis] [21:14:28] [INFO] Running at [38;5;121m20.52[0m[38;5;159m FPS.[0m
[38;5;159m[Genesis] [21:14:28] [INFO] Running at [38;5;121m19.82[0m[38;5;159m FPS.[0m
[38;5;159m[Genesis] [21:14:29] [INFO] Running at [38;5;121m17.20[0m[38;5;159m FPS.[0m
[38;5;159m[Genesis] [21:14:29] [INFO] Running at [38;5;121m17.20[0m[38;5;159m FPS.[0m
[38;5;159m[Genesis] [21:14:29] [INFO] Running at [38;5;121m17.61[0m[38;5;159m FPS.[0m
[38;5;159m[Genesis] [21:14:29] [INFO] Running at [38;5;121m17.15[0m[38;5;159m FPS.[0m
[38;5;159m[Genesis] [21:14:29] [INFO] Running at [38;5;121m18.02[0m[38;5;159m FPS.[0m
[38;5;159m[Genesis] [21:14:29] [INFO] Running at [38;5;121m18.02[0m[38;5;159m FPS.[0m
[38;5;159m[Genesis] [21:14:29] [INFO] Running at [38;5;121m17.96[0m[38;5;159m FPS.[0m
[38;5;159m[Genesis] [21:14:29] [INFO] Running at [38;5;121m18.44[0m[38;5;159m FPS.[0m
[38;5;159m[Genesis] [21:14:29] [INFO] Running at [38;5;121m18.88[0m[38;5;159m FPS.[0m
[38;5;159m[Genesis] [21:14:29] [INFO] Running at [38;5;121m18.87[0m[38;5;159m FPS.[0m
[38;5;159m[Genesis] [21:14:29] [INFO] Running at [38;5;121m18.82[0m[38;5;159m FPS.[0m
[38;5;159m[Genesis] [21:14:29] [INFO] Running at [38;5;121m19.32[0m[38;5;159m FPS.[0m
[38;5;159m[Genesis] [21:14:29] [INFO] Running at [38;5;121m19.77[0m[38;5;159m FPS.[0m
[38;5;159m[Genesis] [21:14:29] [INFO] Running at [38;5;121m20.23[0m[38;5;159m FPS.[0m
[38;5;159m[Genesis] [21:14:29] [INFO] Running at [38;5;121m19.70[0m[38;5;159m FPS.[0m
[38;5;159m[Genesis] [21:14:29] [INFO] Running at [38;5;121m19.61[0m[38;5;159m FPS.[0m
[38;5;159m[Genesis] [21:14:29] [INFO] Running at [38;5;121m19.85[0m[38;5;159m FPS.[0m
[38;5;159m[Genesis] [21:14:29] [INFO] Running at [38;5;121m19.28[0m[38;5;159m FPS.[0m
[38;5;159m[Genesis] [21:14:29] [INFO] Running at [38;5;121m19.20[0m[38;5;159m FPS.[0m
[38;5;159m[Genesis] [21:14:29] [INFO] Running at [38;5;121m18.79[0m[38;5;159m FPS.[0m
[38;5;159m[Genesis] [21:14:29] [INFO] Running at [38;5;121m15.78[0m[38;5;159m FPS.[0m
[38;5;159m[Genesis] [21:14:29] [INFO] Running at [38;5;121m15.77[0m[38;5;159m FPS.[0m
[38;5;159m[Genesis] [21:14:29] [INFO] Running at [38;5;121m16.07[0m[38;5;159m FPS.[0m
[38;5;159m[Genesis] [21:14:29] [INFO] Running at [38;5;121m15.75[0m[38;5;159m FPS.[0m
[38;5;159m[Genesis] [21:14:29] [INFO] Running at [38;5;121m16.54[0m[38;5;159m FPS.[0m
[38;5;159m[Genesis] [21:14:29] [INFO] Running at [38;5;121m16.53[0m[38;5;159m FPS.[0m
[38;5;159m[Genesis] [21:14:29] [INFO] Running at [38;5;121m16.84[0m[38;5;159m FPS.[0m
[38;5;159m[Genesis] [21:14:29] [INFO] Running at [38;5;121m16.51[0m[38;5;159m FPS.[0m
[38;5;159m[Genesis] [21:14:29] [INFO] Running at [38;5;121m17.33[0m[38;5;159m FPS.[0m
[38;5;159m[Genesis] [21:14:29] [INFO] Running at [38;5;121m17.33[0m[38;5;159m FPS.[0m
[38;5;159m[Genesis] [21:14:29] [INFO] Running at [38;5;121m17.30[0m[38;5;159m FPS.[0m
[38;5;159m[Genesis] [21:14:29] [INFO] Running at [38;5;121m17.64[0m[38;5;159m FPS.[0m
[38;5;159m[Genesis] [21:14:29] [INFO] Running at [38;5;121m18.06[0m[38;5;159m FPS.[0m
[38;5;159m[Genesis] [21:14:29] [INFO] Running at [38;5;121m18.06[0m[38;5;159m FPS.[0m
[38;5;159m[Genesis] [21:14:29] [INFO] Running at [38;5;121m18.35[0m[38;5;159m FPS.[0m
[38;5;159m[Genesis] [21:14:29] [INFO] Running at [38;5;121m17.99[0m[38;5;159m FPS.[0m
[38;5;159m[Genesis] [21:14:29] [INFO] Running at [38;5;121m18.22[0m[38;5;159m FPS.[0m
[38;5;159m[Genesis] [21:14:29] [INFO] Running at [38;5;121m17.85[0m[38;5;159m FPS.[0m
[38;5;159m[Genesis] [21:14:29] [INFO] Running at [38;5;121m17.70[0m[38;5;159m FPS.[0m
[38;5;159m[Genesis] [21:14:29] [INFO] Running at [38;5;121m17.64[0m[38;5;159m FPS.[0m
[38;5;159m[Genesis] [21:14:29] [INFO] Running at [38;5;121m14.92[0m[38;5;159m FPS.[0m
[38;5;159m[Genesis] [21:14:29] [INFO] Running at [38;5;121m14.92[0m[38;5;159m FPS.[0m
[38;5;159m[Genesis] [21:14:29] [INFO] Running at [38;5;121m14.89[0m[38;5;159m FPS.[0m
[38;5;159m[Genesis] [21:14:29] [INFO] Running at [38;5;121m15.11[0m[38;5;159m FPS.[0m
[38;5;159m[Genesis] [21:14:29] [INFO] Running at [38;5;121m15.63[0m[38;5;159m FPS.[0m
[38;5;159m[Genesis] [21:14:29] [INFO] Running at [38;5;121m15.63[0m[38;5;159m FPS.[0m
[38;5;159m[Genesis] [21:14:29] [INFO] Running at [38;5;121m15.83[0m[38;5;159m FPS.[0m
[38;5;159m[Genesis] [21:14:29] [INFO] Running at [38;5;121m15.60[0m[38;5;159m FPS.[0m
[38;5;159m[Genesis] [21:14:29] [INFO] Running at [38;5;121m16.38[0m[38;5;159m FPS.[0m
[38;5;159m[Genesis] [21:14:29] [INFO] Running at [38;5;121m16.38[0m[38;5;159m FPS.[0m
[38;5;159m[Genesis] [21:14:29] [INFO] Running at [38;5;121m16.58[0m[38;5;159m FPS.[0m
[38;5;159m[Genesis] [21:14:29] [INFO] Running at [38;5;121m16.35[0m[38;5;159m FPS.[0m
[38;5;159m[Genesis] [21:14:29] [INFO] Running at [38;5;121m17.11[0m[38;5;159m FPS.[0m
[38;5;159m[Genesis] [21:14:29] [INFO] Running at [38;5;121m17.03[0m[38;5;159m FPS.[0m
[38;5;159m[Genesis] [21:14:29] [INFO] Running at [38;5;121m17.04[0m[38;5;159m FPS.[0m
[38;5;159m[Genesis] [21:14:29] [INFO] Running at [38;5;121m17.23[0m[38;5;159m FPS.[0m
[38;5;159m[Genesis] [21:14:29] [INFO] Running at [38;5;121m17.05[0m[38;5;159m FPS.[0m
[38;5;159m[Genesis] [21:14:29] [INFO] Running at [38;5;121m16.81[0m[38;5;159m FPS.[0m
[38;5;159m[Genesis] [21:14:29] [INFO] Running at [38;5;121m16.74[0m[38;5;159m FPS.[0m
[38;5;159m[Genesis] [21:14:29] [INFO] Running at [38;5;121m16.74[0m[38;5;159m FPS.[0m
[38;5;159m[Genesis] [21:14:30] [INFO] Running at [38;5;121m14.02[0m[38;5;159m FPS.[0m
[38;5;159m[Genesis] [21:14:30] [INFO] Running at [38;5;121m14.03[0m[38;5;159m FPS.[0m
[38;5;159m[Genesis] [21:14:30] [INFO] Running at [38;5;121m14.01[0m[38;5;159m FPS.[0m
[38;5;159m[Genesis] [21:14:30] [INFO] Running at [38;5;121m14.15[0m[38;5;159m FPS.[0m
[38;5;159m[Genesis] [21:14:30] [INFO] Running at [38;5;121m14.70[0m[38;5;159m FPS.[0m
[38;5;159m[Genesis] [21:14:30] [INFO] Running at [38;5;121m14.70[0m[38;5;159m FPS.[0m
[38;5;159m[Genesis] [21:14:30] [INFO] Running at [38;5;121m14.68[0m[38;5;159m FPS.[0m
[38;5;159m[Genesis] [21:14:30] [INFO] Running at [38;5;121m14.84[0m[38;5;159m FPS.[0m
[38;5;159m[Genesis] [21:14:30] [INFO] Running at [38;5;121m15.41[0m[38;5;159m FPS.[0m
[38;5;159m[Genesis] [21:14:30] [INFO] Running at [38;5;121m15.40[0m[38;5;159m FPS.[0m
[38;5;159m[Genesis] [21:14:30] [INFO] Running at [38;5;121m15.55[0m[38;5;159m FPS.[0m
[38;5;159m[Genesis] [21:14:30] [INFO] Running at [38;5;121m15.39[0m[38;5;159m FPS.[0m
[38;5;159m[Genesis] [21:14:30] [INFO] Running at [38;5;121m16.09[0m[38;5;159m FPS.[0m
[38;5;159m[Genesis] [21:14:30] [INFO] Running at [38;5;121m16.05[0m[38;5;159m FPS.[0m
[38;5;159m[Genesis] [21:14:30] [INFO] Running at [38;5;121m16.04[0m[38;5;159m FPS.[0m
[38;5;159m[Genesis] [21:14:30] [INFO] Running at [38;5;121m16.16[0m[38;5;159m FPS.[0m
[38;5;159m[Genesis] [21:14:30] [INFO] Running at [38;5;121m16.09[0m[38;5;159m FPS.[0m
[38;5;159m[Genesis] [21:14:30] [INFO] Running at [38;5;121m16.05[0m[38;5;159m FPS.[0m
[38;5;159m[Genesis] [21:14:30] [INFO] Running at [38;5;121m16.06[0m[38;5;159m FPS.[0m
[38;5;159m[Genesis] [21:14:30] [INFO] Running at [38;5;121m15.84[0m[38;5;159m FPS.[0m
[38;5;159m[Genesis] [21:14:30] [INFO] Running at [38;5;121m13.66[0m[38;5;159m FPS.[0m
[38;5;159m[Genesis] [21:14:30] [INFO] Running at [38;5;121m13.75[0m[38;5;159m FPS.[0m
[38;5;159m[Genesis] [21:14:30] [INFO] Running at [38;5;121m13.65[0m[38;5;159m FPS.[0m
[38;5;159m[Genesis] [21:14:30] [INFO] Running at [38;5;121m13.64[0m[38;5;159m FPS.[0m
[38;5;159m[Genesis] [21:14:30] [INFO] Running at [38;5;121m14.42[0m[38;5;159m FPS.[0m
[38;5;159m[Genesis] [21:14:30] [INFO] Running at [38;5;121m14.32[0m[38;5;159m FPS.[0m
[38;5;159m[Genesis] [21:14:30] [INFO] Running at [38;5;121m14.30[0m[38;5;159m FPS.[0m
[38;5;159m[Genesis] [21:14:30] [INFO] Running at [38;5;121m14.29[0m[38;5;159m FPS.[0m
[38;5;159m[Genesis] [21:14:30] [INFO] Running at [38;5;121m15.01[0m[38;5;159m FPS.[0m
[38;5;159m[Genesis] [21:14:30] [INFO] Running at [38;5;121m15.11[0m[38;5;159m FPS.[0m
[38;5;159m[Genesis] [21:14:30] [INFO] Running at [38;5;121m14.99[0m[38;5;159m FPS.[0m
[38;5;159m[Genesis] [21:14:30] [INFO] Running at [38;5;121m14.98[0m[38;5;159m FPS.[0m
[38;5;159m[Genesis] [21:14:30] [INFO] Running at [38;5;121m15.67[0m[38;5;159m FPS.[0m
[38;5;159m[Genesis] [21:14:30] [INFO] Running at [38;5;121m15.69[0m[38;5;159m FPS.[0m
[38;5;159m[Genesis] [21:14:30] [INFO] Running at [38;5;121m15.75[0m[38;5;159m FPS.[0m
[38;5;159m[Genesis] [21:14:30] [INFO] Running at [38;5;121m15.63[0m[38;5;159m FPS.[0m
[38;5;159m[Genesis] [21:14:30] [INFO] Running at [38;5;121m15.61[0m[38;5;159m FPS.[0m
[38;5;159m[Genesis] [21:14:30] [INFO] Running at [38;5;121m15.60[0m[38;5;159m FPS.[0m
[38;5;159m[Genesis] [21:14:30] [INFO] Running at [38;5;121m15.54[0m[38;5;159m FPS.[0m
[38;5;159m[Genesis] [21:14:30] [INFO] Running at [38;5;121m15.48[0m[38;5;159m FPS.[0m
[38;5;159m[Genesis] [21:14:30] [INFO] Running at [38;5;121m13.38[0m[38;5;159m FPS.[0m
[38;5;159m[Genesis] [21:14:30] [INFO] Running at [38;5;121m13.30[0m[38;5;159m FPS.[0m
[38;5;159m[Genesis] [21:14:30] [INFO] Running at [38;5;121m13.30[0m[38;5;159m FPS.[0m
[38;5;159m[Genesis] [21:14:30] [INFO] Running at [38;5;121m13.28[0m[38;5;159m FPS.[0m
[38;5;159m[Genesis] [21:14:31] [INFO] Running at [38;5;121m14.03[0m[38;5;159m FPS.[0m
[38;5;159m[Genesis] [21:14:31] [INFO] Running at [38;5;121m13.95[0m[38;5;159m FPS.[0m
[38;5;159m[Genesis] [21:14:31] [INFO] Running at [38;5;121m13.94[0m[38;5;159m FPS.[0m
[38;5;159m[Genesis] [21:14:31] [INFO] Running at [38;5;121m13.93[0m[38;5;159m FPS.[0m
[38;5;159m[Genesis] [21:14:31] [INFO] Running at [38;5;121m14.71[0m[38;5;159m FPS.[0m
[38;5;159m[Genesis] [21:14:31] [INFO] Running at [38;5;121m14.62[0m[38;5;159m FPS.[0m
[38;5;159m[Genesis] [21:14:31] [INFO] Running at [38;5;121m14.61[0m[38;5;159m FPS.[0m
[38;5;159m[Genesis] [21:14:31] [INFO] Running at [38;5;121m14.60[0m[38;5;159m FPS.[0m
[38;5;159m[Genesis] [21:14:31] [INFO] Running at [38;5;121m15.30[0m[38;5;159m FPS.[0m
[38;5;159m[Genesis] [21:14:31] [INFO] Running at [38;5;121m15.35[0m[38;5;159m FPS.[0m
[38;5;159m[Genesis] [21:14:31] [INFO] Running at [38;5;121m15.23[0m[38;5;159m FPS.[0m
[38;5;159m[Genesis] [21:14:31] [INFO] Running at [38;5;121m15.20[0m[38;5;159m FPS.[0m
[38;5;159m[Genesis] [21:14:31] [INFO] Running at [38;5;121m15.25[0m[38;5;159m FPS.[0m
[38;5;159m[Genesis] [21:14:31] [INFO] Running at [38;5;121m15.15[0m[38;5;159m FPS.[0m
[38;5;159m[Genesis] [21:14:31] [INFO] Running at [38;5;121m15.20[0m[38;5;159m FPS.[0m
[38;5;159m[Genesis] [21:14:31] [INFO] Running at [38;5;121m15.10[0m[38;5;159m FPS.[0m
[38;5;159m[Genesis] [21:14:31] [INFO] Running at [38;5;121m13.12[0m[38;5;159m FPS.[0m
[38;5;159m[Genesis] [21:14:31] [INFO] Running at [38;5;121m13.18[0m[38;5;159m FPS.[0m
[38;5;159m[Genesis] [21:14:31] [INFO] Running at [38;5;121m13.12[0m[38;5;159m FPS.[0m
[38;5;159m[Genesis] [21:14:31] [INFO] Running at [38;5;121m13.10[0m[38;5;159m FPS.[0m
[38;5;159m[Genesis] [21:14:31] [INFO] Running at [38;5;121m13.76[0m[38;5;159m FPS.[0m
[38;5;159m[Genesis] [21:14:31] [INFO] Running at [38;5;121m13.82[0m[38;5;159m FPS.[0m
[38;5;159m[Genesis] [21:14:31] [INFO] Running at [38;5;121m13.75[0m[38;5;159m FPS.[0m
[38;5;159m[Genesis] [21:14:31] [INFO] Running at [38;5;121m13.73[0m[38;5;159m FPS.[0m
[38;5;159m[Genesis] [21:14:31] [INFO] Running at [38;5;121m14.42[0m[38;5;159m FPS.[0m
[38;5;159m[Genesis] [21:14:31] [INFO] Running at [38;5;121m14.48[0m[38;5;159m FPS.[0m
[38;5;159m[Genesis] [21:14:31] [INFO] Running at [38;5;121m14.42[0m[38;5;159m FPS.[0m
[38;5;159m[Genesis] [21:14:31] [INFO] Running at [38;5;121m14.39[0m[38;5;159m FPS.[0m
[38;5;159m[Genesis] [21:14:31] [INFO] Running at [38;5;121m15.06[0m[38;5;159m FPS.[0m
[38;5;159m[Genesis] [21:14:31] [INFO] Running at [38;5;121m15.07[0m[38;5;159m FPS.[0m
[38;5;159m[Genesis] [21:14:31] [INFO] Running at [38;5;121m15.10[0m[38;5;159m FPS.[0m
[38;5;159m[Genesis] [21:14:31] [INFO] Running at [38;5;121m15.01[0m[38;5;159m FPS.[0m
[38;5;159m[Genesis] [21:14:31] [INFO] Running at [38;5;121m15.04[0m[38;5;159m FPS.[0m
[38;5;159m[Genesis] [21:14:31] [INFO] Running at [38;5;121m15.08[0m[38;5;159m FPS.[0m
[38;5;159m[Genesis] [21:14:31] [INFO] Running at [38;5;121m14.97[0m[38;5;159m FPS.[0m
[38;5;159m[Genesis] [21:14:31] [INFO] Running at [38;5;121m14.84[0m[38;5;159m FPS.[0m
[38;5;159m[Genesis] [21:14:31] [INFO] Running at [38;5;121m13.18[0m[38;5;159m FPS.[0m
[38;5;159m[Genesis] [21:14:31] [INFO] Running at [38;5;121m13.14[0m[38;5;159m FPS.[0m
[38;5;159m[Genesis] [21:14:31] [INFO] Running at [38;5;121m13.14[0m[38;5;159m FPS.[0m
[38;5;159m[Genesis] [21:14:31] [INFO] Running at [38;5;121m13.13[0m[38;5;159m FPS.[0m
[38;5;159m[Genesis] [21:14:31] [INFO] Running at [38;5;121m13.82[0m[38;5;159m FPS.[0m
[38;5;159m[Genesis] [21:14:31] [INFO] Running at [38;5;121m13.77[0m[38;5;159m FPS.[0m
[38;5;159m[Genesis] [21:14:31] [INFO] Running at [38;5;121m13.77[0m[38;5;159m FPS.[0m
[38;5;159m[Genesis] [21:14:31] [INFO] Running at [38;5;121m13.76[0m[38;5;159m FPS.[0m
[38;5;159m[Genesis] [21:14:31] [INFO] Running at [38;5;121m14.49[0m[38;5;159m FPS.[0m
[38;5;159m[Genesis] [21:14:31] [INFO] Running at [38;5;121m14.44[0m[38;5;159m FPS.[0m
[38;5;159m[Genesis] [21:14:31] [INFO] Running at [38;5;121m14.43[0m[38;5;159m FPS.[0m
[38;5;159m[Genesis] [21:14:31] [INFO] Running at [38;5;121m14.42[0m[38;5;159m FPS.[0m
[38;5;159m[Genesis] [21:14:31] [INFO] Running at [38;5;121m15.11[0m[38;5;159m FPS.[0m
[38;5;159m[Genesis] [21:14:31] [INFO] Running at [38;5;121m15.15[0m[38;5;159m FPS.[0m
[38;5;159m[Genesis] [21:14:31] [INFO] Running at [38;5;121m15.07[0m[38;5;159m FPS.[0m
[38;5;159m[Genesis] [21:14:31] [INFO] Running at [38;5;121m15.02[0m[38;5;159m FPS.[0m
[38;5;159m[Genesis] [21:14:31] [INFO] Running at [38;5;121m15.08[0m[38;5;159m FPS.[0m
[38;5;159m[Genesis] [21:14:31] [INFO] Running at [38;5;121m15.07[0m[38;5;159m FPS.[0m
[38;5;159m[Genesis] [21:14:31] [INFO] Running at [38;5;121m15.03[0m[38;5;159m FPS.[0m
[38;5;159m[Genesis] [21:14:31] [INFO] Running at [38;5;121m15.00[0m[38;5;159m FPS.[0m
[38;5;159m[Genesis] [21:14:32] [INFO] Running at [38;5;121m12.98[0m[38;5;159m FPS.[0m
[38;5;159m[Genesis] [21:14:32] [INFO] Running at [38;5;121m13.01[0m[38;5;159m FPS.[0m
[38;5;159m[Genesis] [21:14:32] [INFO] Running at [38;5;121m12.97[0m[38;5;159m FPS.[0m
[38;5;159m[Genesis] [21:14:32] [INFO] Running at [38;5;121m12.96[0m[38;5;159m FPS.[0m
[38;5;159m[Genesis] [21:14:32] [INFO] Running at [38;5;121m13.61[0m[38;5;159m FPS.[0m
[38;5;159m[Genesis] [21:14:32] [INFO] Running at [38;5;121m13.64[0m[38;5;159m FPS.[0m
[38;5;159m[Genesis] [21:14:32] [INFO] Running at [38;5;121m13.59[0m[38;5;159m FPS.[0m
[38;5;159m[Genesis] [21:14:32] [INFO] Running at [38;5;121m13.60[0m[38;5;159m FPS.[0m
[38;5;159m[Genesis] [21:14:32] [INFO] Running at [38;5;121m14.26[0m[38;5;159m FPS.[0m
[38;5;159m[Genesis] [21:14:32] [INFO] Running at [38;5;121m14.25[0m[38;5;159m FPS.[0m
[38;5;159m[Genesis] [21:14:32] [INFO] Running at [38;5;121m14.30[0m[38;5;159m FPS.[0m
[38;5;159m[Genesis] [21:14:32] [INFO] Running at [38;5;121m14.26[0m[38;5;159m FPS.[0m
[38;5;159m[Genesis] [21:14:32] [INFO] Running at [38;5;121m14.90[0m[38;5;159m FPS.[0m
[38;5;159m[Genesis] [21:14:32] [INFO] Running at [38;5;121m14.86[0m[38;5;159m FPS.[0m
[38;5;159m[Genesis] [21:14:32] [INFO] Running at [38;5;121m14.82[0m[38;5;159m FPS.[0m
[38;5;159m[Genesis] [21:14:32] [INFO] Running at [38;5;121m14.83[0m[38;5;159m FPS.[0m
[38;5;159m[Genesis] [21:14:32] [INFO] Running at [38;5;121m14.96[0m[38;5;159m FPS.[0m
[38;5;159m[Genesis] [21:14:32] [INFO] Running at [38;5;121m14.82[0m[38;5;159m FPS.[0m
[38;5;159m[Genesis] [21:14:32] [INFO] Running at [38;5;121m14.80[0m[38;5;159m FPS.[0m
[38;5;159m[Genesis] [21:14:32] [INFO] Running at [38;5;121m14.70[0m[38;5;159m FPS.[0m
[38;5;159m[Genesis] [21:14:32] [INFO] Running at [38;5;121m12.70[0m[38;5;159m FPS.[0m
[38;5;159m[Genesis] [21:14:32] [INFO] Running at [38;5;121m12.70[0m[38;5;159m FPS.[0m
[38;5;159m[Genesis] [21:14:32] [INFO] Running at [38;5;121m12.67[0m[38;5;159m FPS.[0m
[38;5;159m[Genesis] [21:14:32] [INFO] Running at [38;5;121m12.71[0m[38;5;159m FPS.[0m
[38;5;159m[Genesis] [21:14:32] [INFO] Running at [38;5;121m13.32[0m[38;5;159m FPS.[0m
[38;5;159m[Genesis] [21:14:32] [INFO] Running at [38;5;121m13.31[0m[38;5;159m FPS.[0m
[38;5;159m[Genesis] [21:14:32] [INFO] Running at [38;5;121m13.29[0m[38;5;159m FPS.[0m
[38;5;159m[Genesis] [21:14:32] [INFO] Running at [38;5;121m13.32[0m[38;5;159m FPS.[0m
[38;5;159m[Genesis] [21:14:32] [INFO] Running at [38;5;121m13.96[0m[38;5;159m FPS.[0m
[38;5;159m[Genesis] [21:14:32] [INFO] Running at [38;5;121m13.96[0m[38;5;159m FPS.[0m
[38;5;159m[Genesis] [21:14:32] [INFO] Running at [38;5;121m13.93[0m[38;5;159m FPS.[0m
[38;5;159m[Genesis] [21:14:32] [INFO] Running at [38;5;121m13.97[0m[38;5;159m FPS.[0m
[38;5;159m[Genesis] [21:14:32] [INFO] Running at [38;5;121m14.60[0m[38;5;159m FPS.[0m
[38;5;159m[Genesis] [21:14:32] [INFO] Running at [38;5;121m14.55[0m[38;5;159m FPS.[0m
[38;5;159m[Genesis] [21:14:32] [INFO] Running at [38;5;121m14.52[0m[38;5;159m FPS.[0m
[38;5;159m[Genesis] [21:14:32] [INFO] Running at [38;5;121m14.54[0m[38;5;159m FPS.[0m
[38;5;159m[Genesis] [21:14:32] [INFO] Running at [38;5;121m14.51[0m[38;5;159m FPS.[0m
[38;5;159m[Genesis] [21:14:32] [INFO] Running at [38;5;121m14.39[0m[38;5;159m FPS.[0m
[38;5;159m[Genesis] [21:14:32] [INFO] Running at [38;5;121m14.36[0m[38;5;159m FPS.[0m
[38;5;159m[Genesis] [21:14:32] [INFO] Running at [38;5;121m14.08[0m[38;5;159m FPS.[0m
[38;5;159m[Genesis] [21:14:32] [INFO] Running at [38;5;121m12.19[0m[38;5;159m FPS.[0m
[38;5;159m[Genesis] [21:14:32] [INFO] Running at [38;5;121m12.20[0m[38;5;159m FPS.[0m
[38;5;159m[Genesis] [21:14:32] [INFO] Running at [38;5;121m12.19[0m[38;5;159m FPS.[0m
[38;5;159m[Genesis] [21:14:32] [INFO] Running at [38;5;121m12.24[0m[38;5;159m FPS.[0m
[38;5;159m[Genesis] [21:14:32] [INFO] Running at [38;5;121m12.78[0m[38;5;159m FPS.[0m
[38;5;159m[Genesis] [21:14:32] [INFO] Running at [38;5;121m12.80[0m[38;5;159m FPS.[0m
[38;5;159m[Genesis] [21:14:32] [INFO] Running at [38;5;121m12.78[0m[38;5;159m FPS.[0m
[38;5;159m[Genesis] [21:14:32] [INFO] Running at [38;5;121m12.83[0m[38;5;159m FPS.[0m
[38;5;159m[Genesis] [21:14:32] [INFO] Running at [38;5;121m13.41[0m[38;5;159m FPS.[0m
[38;5;159m[Genesis] [21:14:32] [INFO] Running at [38;5;121m13.42[0m[38;5;159m FPS.[0m
[38;5;159m[Genesis] [21:14:32] [INFO] Running at [38;5;121m13.40[0m[38;5;159m FPS.[0m
[38;5;159m[Genesis] [21:14:32] [INFO] Running at [38;5;121m13.46[0m[38;5;159m FPS.[0m
[38;5;159m[Genesis] [21:14:32] [INFO] Running at [38;5;121m14.00[0m[38;5;159m FPS.[0m
[38;5;159m[Genesis] [21:14:32] [INFO] Running at [38;5;121m14.05[0m[38;5;159m FPS.[0m
[38;5;159m[Genesis] [21:14:32] [INFO] Running at [38;5;121m13.95[0m[38;5;159m FPS.[0m
[38;5;159m[Genesis] [21:14:32] [INFO] Running at [38;5;121m13.90[0m[38;5;159m FPS.[0m
[38;5;159m[Genesis] [21:14:33] [INFO] Running at [38;5;121m14.06[0m[38;5;159m FPS.[0m
[38;5;159m[Genesis] [21:14:33] [INFO] Running at [38;5;121m13.88[0m[38;5;159m FPS.[0m
[38;5;159m[Genesis] [21:14:33] [INFO] Running at [38;5;121m13.87[0m[38;5;159m FPS.[0m
[38;5;159m[Genesis] [21:14:33] [INFO] Running at [38;5;121m13.68[0m[38;5;159m FPS.[0m
[38;5;159m[Genesis] [21:14:33] [INFO] Running at [38;5;121m11.90[0m[38;5;159m FPS.[0m
[38;5;159m[Genesis] [21:14:33] [INFO] Running at [38;5;121m11.92[0m[38;5;159m FPS.[0m
[38;5;159m[Genesis] [21:14:33] [INFO] Running at [38;5;121m11.93[0m[38;5;159m FPS.[0m
[38;5;159m[Genesis] [21:14:33] [INFO] Running at [38;5;121m11.90[0m[38;5;159m FPS.[0m
[38;5;159m[Genesis] [21:14:33] [INFO] Running at [38;5;121m12.48[0m[38;5;159m FPS.[0m
[38;5;159m[Genesis] [21:14:33] [INFO] Running at [38;5;121m12.50[0m[38;5;159m FPS.[0m
[38;5;159m[Genesis] [21:14:33] [INFO] Running at [38;5;121m12.51[0m[38;5;159m FPS.[0m
[38;5;159m[Genesis] [21:14:33] [INFO] Running at [38;5;121m12.48[0m[38;5;159m FPS.[0m
[38;5;159m[Genesis] [21:14:33] [INFO] Running at [38;5;121m13.09[0m[38;5;159m FPS.[0m
[38;5;159m[Genesis] [21:14:33] [INFO] Running at [38;5;121m13.11[0m[38;5;159m FPS.[0m
[38;5;159m[Genesis] [21:14:33] [INFO] Running at [38;5;121m13.12[0m[38;5;159m FPS.[0m
[38;5;159m[Genesis] [21:14:33] [INFO] Running at [38;5;121m13.09[0m[38;5;159m FPS.[0m
[38;5;159m[Genesis] [21:14:33] [INFO] Running at [38;5;121m13.70[0m[38;5;159m FPS.[0m
[38;5;159m[Genesis] [21:14:33] [INFO] Running at [38;5;121m13.65[0m[38;5;159m FPS.[0m
[38;5;159m[Genesis] [21:14:33] [INFO] Running at [38;5;121m13.64[0m[38;5;159m FPS.[0m
[38;5;159m[Genesis] [21:14:33] [INFO] Running at [38;5;121m13.65[0m[38;5;159m FPS.[0m
[38;5;159m[Genesis] [21:14:33] [INFO] Running at [38;5;121m13.59[0m[38;5;159m FPS.[0m
[38;5;159m[Genesis] [21:14:33] [INFO] Running at [38;5;121m13.62[0m[38;5;159m FPS.[0m
[38;5;159m[Genesis] [21:14:33] [INFO] Running at [38;5;121m13.58[0m[38;5;159m FPS.[0m
[38;5;159m[Genesis] [21:14:33] [INFO] Running at [38;5;121m13.46[0m[38;5;159m FPS.[0m
[38;5;159m[Genesis] [21:14:33] [INFO] Running at [38;5;121m11.70[0m[38;5;159m FPS.[0m
[38;5;159m[Genesis] [21:14:33] [INFO] Running at [38;5;121m11.72[0m[38;5;159m FPS.[0m
[38;5;159m[Genesis] [21:14:33] [INFO] Running at [38;5;121m11.71[0m[38;5;159m FPS.[0m
[38;5;159m[Genesis] [21:14:33] [INFO] Running at [38;5;121m11.70[0m[38;5;159m FPS.[0m
[38;5;159m[Genesis] [21:14:33] [INFO] Running at [38;5;121m12.27[0m[38;5;159m FPS.[0m
[38;5;159m[Genesis] [21:14:33] [INFO] Running at [38;5;121m12.30[0m[38;5;159m FPS.[0m
[38;5;159m[Genesis] [21:14:33] [INFO] Running at [38;5;121m12.28[0m[38;5;159m FPS.[0m
[38;5;159m[Genesis] [21:14:33] [INFO] Running at [38;5;121m12.27[0m[38;5;159m FPS.[0m
[38;5;159m[Genesis] [21:14:33] [INFO] Running at [38;5;121m12.87[0m[38;5;159m FPS.[0m
[38;5;159m[Genesis] [21:14:33] [INFO] Running at [38;5;121m12.90[0m[38;5;159m FPS.[0m
[38;5;159m[Genesis] [21:14:33] [INFO] Running at [38;5;121m12.88[0m[38;5;159m FPS.[0m
[38;5;159m[Genesis] [21:14:33] [INFO] Running at [38;5;121m12.87[0m[38;5;159m FPS.[0m
[38;5;159m[Genesis] [21:14:33] [INFO] Running at [38;5;121m13.45[0m[38;5;159m FPS.[0m
[38;5;159m[Genesis] [21:14:33] [INFO] Running at [38;5;121m13.38[0m[38;5;159m FPS.[0m
[38;5;159m[Genesis] [21:14:33] [INFO] Running at [38;5;121m13.35[0m[38;5;159m FPS.[0m
[38;5;159m[Genesis] [21:14:33] [INFO] Running at [38;5;121m13.33[0m[38;5;159m FPS.[0m
[38;5;159m[Genesis] [21:14:33] [INFO] Running at [38;5;121m13.33[0m[38;5;159m FPS.[0m
[38;5;159m[Genesis] [21:14:33] [INFO] Running at [38;5;121m13.35[0m[38;5;159m FPS.[0m
[38;5;159m[Genesis] [21:14:33] [INFO] Running at [38;5;121m13.33[0m[38;5;159m FPS.[0m
[38;5;159m[Genesis] [21:14:33] [INFO] Running at [38;5;121m13.14[0m[38;5;159m FPS.[0m
[38;5;159m[Genesis] [21:14:34] [INFO] Running at [38;5;121m11.33[0m[38;5;159m FPS.[0m
[38;5;159m[Genesis] [21:14:34] [INFO] Running at [38;5;121m11.34[0m[38;5;159m FPS.[0m
[38;5;159m[Genesis] [21:14:34] [INFO] Running at [38;5;121m11.35[0m[38;5;159m FPS.[0m
[38;5;159m[Genesis] [21:14:34] [INFO] Running at [38;5;121m11.34[0m[38;5;159m FPS.[0m
[38;5;159m[Genesis] [21:14:34] [INFO] Running at [38;5;121m11.88[0m[38;5;159m FPS.[0m
[38;5;159m[Genesis] [21:14:34] [INFO] Running at [38;5;121m11.90[0m[38;5;159m FPS.[0m
[38;5;159m[Genesis] [21:14:34] [INFO] Running at [38;5;121m11.90[0m[38;5;159m FPS.[0m
[38;5;159m[Genesis] [21:14:34] [INFO] Running at [38;5;121m11.90[0m[38;5;159m FPS.[0m
[38;5;159m[Genesis] [21:14:34] [INFO] Running at [38;5;121m12.47[0m[38;5;159m FPS.[0m
[38;5;159m[Genesis] [21:14:34] [INFO] Running at [38;5;121m12.48[0m[38;5;159m FPS.[0m
[38;5;159m[Genesis] [21:14:34] [INFO] Running at [38;5;121m12.48[0m[38;5;159m FPS.[0m
[38;5;159m[Genesis] [21:14:34] [INFO] Running at [38;5;121m12.48[0m[38;5;159m FPS.[0m
[38;5;159m[Genesis] [21:14:34] [INFO] Running at [38;5;121m13.03[0m[38;5;159m FPS.[0m
[38;5;159m[Genesis] [21:14:34] [INFO] Running at [38;5;121m13.04[0m[38;5;159m FPS.[0m
[38;5;159m[Genesis] [21:14:34] [INFO] Running at [38;5;121m12.95[0m[38;5;159m FPS.[0m
[38;5;159m[Genesis] [21:14:34] [INFO] Running at [38;5;121m12.92[0m[38;5;159m FPS.[0m
[38;5;159m[Genesis] [21:14:34] [INFO] Running at [38;5;121m13.02[0m[38;5;159m FPS.[0m
[38;5;159m[Genesis] [21:14:34] [INFO] Running at [38;5;121m13.03[0m[38;5;159m FPS.[0m
[38;5;159m[Genesis] [21:14:34] [INFO] Running at [38;5;121m13.00[0m[38;5;159m FPS.[0m
[38;5;159m[Genesis] [21:14:34] [INFO] Running at [38;5;121m12.83[0m[38;5;159m FPS.[0m
[38;5;159m[Genesis] [21:14:34] [INFO] Running at [38;5;121m11.15[0m[38;5;159m FPS.[0m
[38;5;159m[Genesis] [21:14:34] [INFO] Running at [38;5;121m11.16[0m[38;5;159m FPS.[0m
[38;5;159m[Genesis] [21:14:34] [INFO] Running at [38;5;121m11.16[0m[38;5;159m FPS.[0m
[38;5;159m[Genesis] [21:14:34] [INFO] Running at [38;5;121m11.17[0m[38;5;159m FPS.[0m
[38;5;159m[Genesis] [21:14:34] [INFO] Running at [38;5;121m11.70[0m[38;5;159m FPS.[0m
[38;5;159m[Genesis] [21:14:34] [INFO] Running at [38;5;121m11.71[0m[38;5;159m FPS.[0m
[38;5;159m[Genesis] [21:14:34] [INFO] Running at [38;5;121m11.71[0m[38;5;159m FPS.[0m
[38;5;159m[Genesis] [21:14:34] [INFO] Running at [38;5;121m11.72[0m[38;5;159m FPS.[0m
[38;5;159m[Genesis] [21:14:34] [INFO] Running at [38;5;121m12.27[0m[38;5;159m FPS.[0m
[38;5;159m[Genesis] [21:14:34] [INFO] Running at [38;5;121m12.28[0m[38;5;159m FPS.[0m
[38;5;159m[Genesis] [21:14:34] [INFO] Running at [38;5;121m12.29[0m[38;5;159m FPS.[0m
[38;5;159m[Genesis] [21:14:34] [INFO] Running at [38;5;121m12.29[0m[38;5;159m FPS.[0m
[38;5;159m[Genesis] [21:14:34] [INFO] Running at [38;5;121m12.78[0m[38;5;159m FPS.[0m
[38;5;159m[Genesis] [21:14:34] [INFO] Running at [38;5;121m12.78[0m[38;5;159m FPS.[0m
[38;5;159m[Genesis] [21:14:34] [INFO] Running at [38;5;121m12.77[0m[38;5;159m FPS.[0m
[38;5;159m[Genesis] [21:14:34] [INFO] Running at [38;5;121m12.75[0m[38;5;159m FPS.[0m
[38;5;159m[Genesis] [21:14:34] [INFO] Running at [38;5;121m12.83[0m[38;5;159m FPS.[0m
[38;5;159m[Genesis] [21:14:34] [INFO] Running at [38;5;121m12.71[0m[38;5;159m FPS.[0m
[38;5;159m[Genesis] [21:14:34] [INFO] Running at [38;5;121m12.70[0m[38;5;159m FPS.[0m
[38;5;159m[Genesis] [21:14:34] [INFO] Running at [38;5;121m12.54[0m[38;5;159m FPS.[0m
[38;5;159m[Genesis] [21:14:35] [INFO] Running at [38;5;121m10.98[0m[38;5;159m FPS.[0m
[38;5;159m[Genesis] [21:14:35] [INFO] Running at [38;5;121m11.00[0m[38;5;159m FPS.[0m
[38;5;159m[Genesis] [21:14:35] [INFO] Running at [38;5;121m10.99[0m[38;5;159m FPS.[0m
[38;5;159m[Genesis] [21:14:35] [INFO] Running at [38;5;121m10.98[0m[38;5;159m FPS.[0m
[38;5;159m[Genesis] [21:14:35] [INFO] Running at [38;5;121m11.52[0m[38;5;159m FPS.[0m
[38;5;159m[Genesis] [21:14:35] [INFO] Running at [38;5;121m11.54[0m[38;5;159m FPS.[0m
[38;5;159m[Genesis] [21:14:35] [INFO] Running at [38;5;121m11.53[0m[38;5;159m FPS.[0m
[38;5;159m[Genesis] [21:14:35] [INFO] Running at [38;5;121m11.52[0m[38;5;159m FPS.[0m
[38;5;159m[Genesis] [21:14:35] [INFO] Running at [38;5;121m12.08[0m[38;5;159m FPS.[0m
[38;5;159m[Genesis] [21:14:35] [INFO] Running at [38;5;121m12.11[0m[38;5;159m FPS.[0m
[38;5;159m[Genesis] [21:14:35] [INFO] Running at [38;5;121m12.09[0m[38;5;159m FPS.[0m
[38;5;159m[Genesis] [21:14:35] [INFO] Running at [38;5;121m12.09[0m[38;5;159m FPS.[0m
[38;5;159m[Genesis] [21:14:35] [INFO] Running at [38;5;121m12.61[0m[38;5;159m FPS.[0m
[38;5;159m[Genesis] [21:14:35] [INFO] Running at [38;5;121m12.57[0m[38;5;159m FPS.[0m
[38;5;159m[Genesis] [21:14:35] [INFO] Running at [38;5;121m12.57[0m[38;5;159m FPS.[0m
[38;5;159m[Genesis] [21:14:35] [INFO] Running at [38;5;121m12.55[0m[38;5;159m FPS.[0m
[38;5;159m[Genesis] [21:14:35] [INFO] Running at [38;5;121m12.63[0m[38;5;159m FPS.[0m
[38;5;159m[Genesis] [21:14:35] [INFO] Running at [38;5;121m12.58[0m[38;5;159m FPS.[0m
[38;5;159m[Genesis] [21:14:35] [INFO] Running at [38;5;121m12.56[0m[38;5;159m FPS.[0m
[38;5;159m[Genesis] [21:14:35] [INFO] Running at [38;5;121m12.51[0m[38;5;159m FPS.[0m
[38;5;159m[Genesis] [21:14:35] [INFO] Running at [38;5;121m11.04[0m[38;5;159m FPS.[0m
[38;5;159m[Genesis] [21:14:35] [INFO] Running at [38;5;121m11.05[0m[38;5;159m FPS.[0m
[38;5;159m[Genesis] [21:14:35] [INFO] Running at [38;5;121m11.06[0m[38;5;159m FPS.[0m
[38;5;159m[Genesis] [21:14:35] [INFO] Running at [38;5;121m11.04[0m[38;5;159m FPS.[0m
[38;5;159m[Genesis] [21:14:35] [INFO] Running at [38;5;121m11.58[0m[38;5;159m FPS.[0m
[38;5;159m[Genesis] [21:14:35] [INFO] Running at [38;5;121m11.59[0m[38;5;159m FPS.[0m
[38;5;159m[Genesis] [21:14:35] [INFO] Running at [38;5;121m11.60[0m[38;5;159m FPS.[0m
[38;5;159m[Genesis] [21:14:35] [INFO] Running at [38;5;121m11.58[0m[38;5;159m FPS.[0m
[38;5;159m[Genesis] [21:14:35] [INFO] Running at [38;5;121m12.15[0m[38;5;159m FPS.[0m
[38;5;159m[Genesis] [21:14:35] [INFO] Running at [38;5;121m12.16[0m[38;5;159m FPS.[0m
[38;5;159m[Genesis] [21:14:35] [INFO] Running at [38;5;121m12.17[0m[38;5;159m FPS.[0m
[38;5;159m[Genesis] [21:14:35] [INFO] Running at [38;5;121m12.15[0m[38;5;159m FPS.[0m
[38;5;159m[Genesis] [21:14:35] [INFO] Running at [38;5;121m12.69[0m[38;5;159m FPS.[0m
[38;5;159m[Genesis] [21:14:35] [INFO] Running at [38;5;121m12.69[0m[38;5;159m FPS.[0m
[38;5;159m[Genesis] [21:14:35] [INFO] Running at [38;5;121m12.58[0m[38;5;159m FPS.[0m
[38;5;159m[Genesis] [21:14:35] [INFO] Running at [38;5;121m12.59[0m[38;5;159m FPS.[0m
[38;5;159m[Genesis] [21:14:35] [INFO] Running at [38;5;121m12.76[0m[38;5;159m FPS.[0m
[38;5;159m[Genesis] [21:14:35] [INFO] Running at [38;5;121m12.78[0m[38;5;159m FPS.[0m
[38;5;159m[Genesis] [21:14:35] [INFO] Running at [38;5;121m12.53[0m[38;5;159m FPS.[0m
[38;5;159m[Genesis] [21:14:35] [INFO] Running at [38;5;121m12.51[0m[38;5;159m FPS.[0m
[38;5;159m[Genesis] [21:14:35] [INFO] Running at [38;5;121m11.29[0m[38;5;159m FPS.[0m
[38;5;159m[Genesis] [21:14:35] [INFO] Running at [38;5;121m11.27[0m[38;5;159m FPS.[0m
[38;5;159m[Genesis] [21:14:35] [INFO] Running at [38;5;121m11.28[0m[38;5;159m FPS.[0m
[38;5;159m[Genesis] [21:14:35] [INFO] Running at [38;5;121m11.29[0m[38;5;159m FPS.[0m
[38;5;159m[Genesis] [21:14:35] [INFO] Running at [38;5;121m11.84[0m[38;5;159m FPS.[0m
[38;5;159m[Genesis] [21:14:35] [INFO] Running at [38;5;121m11.82[0m[38;5;159m FPS.[0m
[38;5;159m[Genesis] [21:14:35] [INFO] Running at [38;5;121m11.83[0m[38;5;159m FPS.[0m
[38;5;159m[Genesis] [21:14:35] [INFO] Running at [38;5;121m11.84[0m[38;5;159m FPS.[0m
[38;5;159m[Genesis] [21:14:35] [INFO] Running at [38;5;121m12.42[0m[38;5;159m FPS.[0m
[38;5;159m[Genesis] [21:14:35] [INFO] Running at [38;5;121m12.40[0m[38;5;159m FPS.[0m
[38;5;159m[Genesis] [21:14:35] [INFO] Running at [38;5;121m12.41[0m[38;5;159m FPS.[0m
[38;5;159m[Genesis] [21:14:35] [INFO] Running at [38;5;121m12.42[0m[38;5;159m FPS.[0m
[38;5;159m[Genesis] [21:14:35] [INFO] Running at [38;5;121m12.97[0m[38;5;159m FPS.[0m
[38;5;159m[Genesis] [21:14:35] [INFO] Running at [38;5;121m12.94[0m[38;5;159m FPS.[0m
[38;5;159m[Genesis] [21:14:35] [INFO] Running at [38;5;121m12.90[0m[38;5;159m FPS.[0m
[38;5;159m[Genesis] [21:14:35] [INFO] Running at [38;5;121m12.87[0m[38;5;159m FPS.[0m
[38;5;159m[Genesis] [21:14:35] [INFO] Running at [38;5;121m13.04[0m[38;5;159m FPS.[0m
[38;5;159m[Genesis] [21:14:35] [INFO] Running at [38;5;121m12.93[0m[38;5;159m FPS.[0m
[38;5;159m[Genesis] [21:14:35] [INFO] Running at [38;5;121m12.89[0m[38;5;159m FPS.[0m
[38;5;159m[Genesis] [21:14:35] [INFO] Running at [38;5;121m12.79[0m[38;5;159m FPS.[0m
[38;5;159m[Genesis] [21:14:36] [INFO] Running at [38;5;121m11.26[0m[38;5;159m FPS.[0m
[38;5;159m[Genesis] [21:14:36] [INFO] Running at [38;5;121m11.28[0m[38;5;159m FPS.[0m
[38;5;159m[Genesis] [21:14:36] [INFO] Running at [38;5;121m11.26[0m[38;5;159m FPS.[0m
[38;5;159m[Genesis] [21:14:36] [INFO] Running at [38;5;121m11.25[0m[38;5;159m FPS.[0m
[38;5;159m[Genesis] [21:14:36] [INFO] Running at [38;5;121m11.81[0m[38;5;159m FPS.[0m
[38;5;159m[Genesis] [21:14:36] [INFO] Running at [38;5;121m11.83[0m[38;5;159m FPS.[0m
[38;5;159m[Genesis] [21:14:36] [INFO] Running at [38;5;121m11.81[0m[38;5;159m FPS.[0m
[38;5;159m[Genesis] [21:14:36] [INFO] Running at [38;5;121m11.81[0m[38;5;159m FPS.[0m
[38;5;159m[Genesis] [21:14:36] [INFO] Running at [38;5;121m12.39[0m[38;5;159m FPS.[0m
[38;5;159m[Genesis] [21:14:36] [INFO] Running at [38;5;121m12.41[0m[38;5;159m FPS.[0m
[38;5;159m[Genesis] [21:14:36] [INFO] Running at [38;5;121m12.39[0m[38;5;159m FPS.[0m
[38;5;159m[Genesis] [21:14:36] [INFO] Running at [38;5;121m12.38[0m[38;5;159m FPS.[0m
[38;5;159m[Genesis] [21:14:36] [INFO] Running at [38;5;121m12.96[0m[38;5;159m FPS.[0m
[38;5;159m[Genesis] [21:14:36] [INFO] Running at [38;5;121m12.90[0m[38;5;159m FPS.[0m
[38;5;159m[Genesis] [21:14:36] [INFO] Running at [38;5;121m12.88[0m[38;5;159m FPS.[0m
[38;5;159m[Genesis] [21:14:36] [INFO] Running at [38;5;121m12.85[0m[38;5;159m FPS.[0m
[38;5;159m[Genesis] [21:14:36] [INFO] Running at [38;5;121m12.89[0m[38;5;159m FPS.[0m
[38;5;159m[Genesis] [21:14:36] [INFO] Running at [38;5;121m12.77[0m[38;5;159m FPS.[0m
[38;5;159m[Genesis] [21:14:36] [INFO] Running at [38;5;121m12.66[0m[38;5;159m FPS.[0m
[38;5;159m[Genesis] [21:14:36] [INFO] Running at [38;5;121m12.67[0m[38;5;159m FPS.[0m
[38;5;159m[Genesis] [21:14:36] [INFO] Running at [38;5;121m10.86[0m[38;5;159m FPS.[0m
[38;5;159m[Genesis] [21:14:36] [INFO] Running at [38;5;121m10.83[0m[38;5;159m FPS.[0m
[38;5;159m[Genesis] [21:14:36] [INFO] Running at [38;5;121m10.83[0m[38;5;159m FPS.[0m
[38;5;159m[Genesis] [21:14:36] [INFO] Running at [38;5;121m10.84[0m[38;5;159m FPS.[0m
[38;5;159m[Genesis] [21:14:36] [INFO] Running at [38;5;121m11.39[0m[38;5;159m FPS.[0m
[38;5;159m[Genesis] [21:14:36] [INFO] Running at [38;5;121m11.37[0m[38;5;159m FPS.[0m
[38;5;159m[Genesis] [21:14:36] [INFO] Running at [38;5;121m11.37[0m[38;5;159m FPS.[0m
[38;5;159m[Genesis] [21:14:36] [INFO] Running at [38;5;121m11.37[0m[38;5;159m FPS.[0m
[38;5;159m[Genesis] [21:14:36] [INFO] Running at [38;5;121m11.95[0m[38;5;159m FPS.[0m
[38;5;159m[Genesis] [21:14:36] [INFO] Running at [38;5;121m11.93[0m[38;5;159m FPS.[0m
[38;5;159m[Genesis] [21:14:36] [INFO] Running at [38;5;121m11.92[0m[38;5;159m FPS.[0m
[38;5;159m[Genesis] [21:14:36] [INFO] Running at [38;5;121m11.93[0m[38;5;159m FPS.[0m
[38;5;159m[Genesis] [21:14:36] [INFO] Running at [38;5;121m12.47[0m[38;5;159m FPS.[0m
[38;5;159m[Genesis] [21:14:36] [INFO] Running at [38;5;121m12.45[0m[38;5;159m FPS.[0m
[38;5;159m[Genesis] [21:14:36] [INFO] Running at [38;5;121m12.45[0m[38;5;159m FPS.[0m
[38;5;159m[Genesis] [21:14:36] [INFO] Running at [38;5;121m12.39[0m[38;5;159m FPS.[0m
[38;5;159m[Genesis] [21:14:36] [INFO] Running at [38;5;121m12.53[0m[38;5;159m FPS.[0m
[38;5;159m[Genesis] [21:14:36] [INFO] Running at [38;5;121m12.49[0m[38;5;159m FPS.[0m
[38;5;159m[Genesis] [21:14:36] [INFO] Running at [38;5;121m12.47[0m[38;5;159m FPS.[0m
[38;5;159m[Genesis] [21:14:36] [INFO] Running at [38;5;121m12.46[0m[38;5;159m FPS.[0m
[38;5;159m[Genesis] [21:14:37] [INFO] Running at [38;5;121m11.11[0m[38;5;159m FPS.[0m
[38;5;159m[Genesis] [21:14:37] [INFO] Running at [38;5;121m11.13[0m[38;5;159m FPS.[0m
[38;5;159m[Genesis] [21:14:37] [INFO] Running at [38;5;121m11.11[0m[38;5;159m FPS.[0m
[38;5;159m[Genesis] [21:14:37] [INFO] Running at [38;5;121m11.11[0m[38;5;159m FPS.[0m
[38;5;159m[Genesis] [21:14:37] [INFO] Running at [38;5;121m11.68[0m[38;5;159m FPS.[0m
[38;5;159m[Genesis] [21:14:37] [INFO] Running at [38;5;121m11.66[0m[38;5;159m FPS.[0m
[38;5;159m[Genesis] [21:14:37] [INFO] Running at [38;5;121m11.65[0m[38;5;159m FPS.[0m
[38;5;159m[Genesis] [21:14:37] [INFO] Running at [38;5;121m11.65[0m[38;5;159m FPS.[0m
[38;5;159m[Genesis] [21:14:37] [INFO] Running at [38;5;121m12.25[0m[38;5;159m FPS.[0m
[38;5;159m[Genesis] [21:14:37] [INFO] Running at [38;5;121m12.23[0m[38;5;159m FPS.[0m
[38;5;159m[Genesis] [21:14:37] [INFO] Running at [38;5;121m12.22[0m[38;5;159m FPS.[0m
[38;5;159m[Genesis] [21:14:37] [INFO] Running at [38;5;121m12.22[0m[38;5;159m FPS.[0m
[38;5;159m[Genesis] [21:14:37] [INFO] Running at [38;5;121m12.78[0m[38;5;159m FPS.[0m
[38;5;159m[Genesis] [21:14:37] [INFO] Running at [38;5;121m12.76[0m[38;5;159m FPS.[0m
[38;5;159m[Genesis] [21:14:37] [INFO] Running at [38;5;121m12.74[0m[38;5;159m FPS.[0m
[38;5;159m[Genesis] [21:14:37] [INFO] Running at [38;5;121m12.73[0m[38;5;159m FPS.[0m
[38;5;159m[Genesis] [21:14:37] [INFO] Running at [38;5;121m12.94[0m[38;5;159m FPS.[0m
[38;5;159m[Genesis] [21:14:37] [INFO] Running at [38;5;121m12.89[0m[38;5;159m FPS.[0m
[38;5;159m[Genesis] [21:14:37] [INFO] Running at [38;5;121m12.78[0m[38;5;159m FPS.[0m
[38;5;159m[Genesis] [21:14:37] [INFO] Running at [38;5;121m12.79[0m[38;5;159m FPS.[0m
[38;5;159m[Genesis] [21:14:37] [INFO] Running at [38;5;121m11.40[0m[38;5;159m FPS.[0m
[38;5;159m[Genesis] [21:14:37] [INFO] Running at [38;5;121m11.37[0m[38;5;159m FPS.[0m
[38;5;159m[Genesis] [21:14:37] [INFO] Running at [38;5;121m11.37[0m[38;5;159m FPS.[0m
[38;5;159m[Genesis] [21:14:37] [INFO] Running at [38;5;121m11.38[0m[38;5;159m FPS.[0m
[38;5;159m[Genesis] [21:14:37] [INFO] Running at [38;5;121m11.96[0m[38;5;159m FPS.[0m
[38;5;159m[Genesis] [21:14:37] [INFO] Running at [38;5;121m11.93[0m[38;5;159m FPS.[0m
[38;5;159m[Genesis] [21:14:37] [INFO] Running at [38;5;121m11.93[0m[38;5;159m FPS.[0m
[38;5;159m[Genesis] [21:14:37] [INFO] Running at [38;5;121m11.93[0m[38;5;159m FPS.[0m
[38;5;159m[Genesis] [21:14:37] [INFO] Running at [38;5;121m12.54[0m[38;5;159m FPS.[0m
[38;5;159m[Genesis] [21:14:37] [INFO] Running at [38;5;121m12.51[0m[38;5;159m FPS.[0m
[38;5;159m[Genesis] [21:14:37] [INFO] Running at [38;5;121m12.52[0m[38;5;159m FPS.[0m
[38;5;159m[Genesis] [21:14:37] [INFO] Running at [38;5;121m12.51[0m[38;5;159m FPS.[0m
[38;5;159m[Genesis] [21:14:37] [INFO] Running at [38;5;121m13.11[0m[38;5;159m FPS.[0m
[38;5;159m[Genesis] [21:14:37] [INFO] Running at [38;5;121m13.06[0m[38;5;159m FPS.[0m
[38;5;159m[Genesis] [21:14:37] [INFO] Running at [38;5;121m13.04[0m[38;5;159m FPS.[0m
[38;5;159m[Genesis] [21:14:37] [INFO] Running at [38;5;121m13.04[0m[38;5;159m FPS.[0m
[38;5;159m[Genesis] [21:14:37] [INFO] Running at [38;5;121m13.17[0m[38;5;159m FPS.[0m
[38;5;159m[Genesis] [21:14:37] [INFO] Running at [38;5;121m13.17[0m[38;5;159m FPS.[0m
[38;5;159m[Genesis] [21:14:37] [INFO] Running at [38;5;121m13.13[0m[38;5;159m FPS.[0m
[38;5;159m[Genesis] [21:14:37] [INFO] Running at [38;5;121m13.10[0m[38;5;159m FPS.[0m
[38;5;159m[Genesis] [21:14:37] [INFO] Running at [38;5;121m11.76[0m[38;5;159m FPS.[0m
[38;5;159m[Genesis] [21:14:37] [INFO] Running at [38;5;121m11.74[0m[38;5;159m FPS.[0m
[38;5;159m[Genesis] [21:14:37] [INFO] Running at [38;5;121m11.74[0m[38;5;159m FPS.[0m
[38;5;159m[Genesis] [21:14:37] [INFO] Running at [38;5;121m11.75[0m[38;5;159m FPS.[0m
[38;5;159m[Genesis] [21:14:37] [INFO] Running at [38;5;121m12.34[0m[38;5;159m FPS.[0m
[38;5;159m[Genesis] [21:14:37] [INFO] Running at [38;5;121m12.32[0m[38;5;159m FPS.[0m
[38;5;159m[Genesis] [21:14:37] [INFO] Running at [38;5;121m12.31[0m[38;5;159m FPS.[0m
[38;5;159m[Genesis] [21:14:37] [INFO] Running at [38;5;121m12.32[0m[38;5;159m FPS.[0m
[38;5;159m[Genesis] [21:14:37] [INFO] Running at [38;5;121m12.93[0m[38;5;159m FPS.[0m
[38;5;159m[Genesis] [21:14:37] [INFO] Running at [38;5;121m12.94[0m[38;5;159m FPS.[0m
[38;5;159m[Genesis] [21:14:37] [INFO] Running at [38;5;121m12.91[0m[38;5;159m FPS.[0m
[38;5;159m[Genesis] [21:14:37] [INFO] Running at [38;5;121m12.92[0m[38;5;159m FPS.[0m
[38;5;159m[Genesis] [21:14:37] [INFO] Running at [38;5;121m13.53[0m[38;5;159m FPS.[0m
[38;5;159m[Genesis] [21:14:37] [INFO] Running at [38;5;121m13.49[0m[38;5;159m FPS.[0m
[38;5;159m[Genesis] [21:14:37] [INFO] Running at [38;5;121m13.47[0m[38;5;159m FPS.[0m
[38;5;159m[Genesis] [21:14:37] [INFO] Running at [38;5;121m13.38[0m[38;5;159m FPS.[0m
[38;5;159m[Genesis] [21:14:37] [INFO] Running at [38;5;121m13.58[0m[38;5;159m FPS.[0m
[38;5;159m[Genesis] [21:14:37] [INFO] Running at [38;5;121m13.56[0m[38;5;159m FPS.[0m
[38;5;159m[Genesis] [21:14:37] [INFO] Running at [38;5;121m13.53[0m[38;5;159m FPS.[0m
[38;5;159m[Genesis] [21:14:37] [INFO] Running at [38;5;121m13.49[0m[38;5;159m FPS.[0m
[38;5;159m[Genesis] [21:14:38] [INFO] Running at [38;5;121m11.78[0m[38;5;159m FPS.[0m
[38;5;159m[Genesis] [21:14:38] [INFO] Running at [38;5;121m11.79[0m[38;5;159m FPS.[0m
[38;5;159m[Genesis] [21:14:38] [INFO] Running at [38;5;121m11.77[0m[38;5;159m FPS.[0m
[38;5;159m[Genesis] [21:14:38] [INFO] Running at [38;5;121m11.77[0m[38;5;159m FPS.[0m
[38;5;159m[Genesis] [21:14:38] [INFO] Running at [38;5;121m12.36[0m[38;5;159m FPS.[0m
[38;5;159m[Genesis] [21:14:38] [INFO] Running at [38;5;121m12.36[0m[38;5;159m FPS.[0m
[38;5;159m[Genesis] [21:14:38] [INFO] Running at [38;5;121m12.35[0m[38;5;159m FPS.[0m
[38;5;159m[Genesis] [21:14:38] [INFO] Running at [38;5;121m12.34[0m[38;5;159m FPS.[0m
[38;5;159m[Genesis] [21:14:38] [INFO] Running at [38;5;121m12.97[0m[38;5;159m FPS.[0m
[38;5;159m[Genesis] [21:14:38] [INFO] Running at [38;5;121m12.96[0m[38;5;159m FPS.[0m
[38;5;159m[Genesis] [21:14:38] [INFO] Running at [38;5;121m12.95[0m[38;5;159m FPS.[0m
[38;5;159m[Genesis] [21:14:38] [INFO] Running at [38;5;121m12.94[0m[38;5;159m FPS.[0m
[38;5;159m[Genesis] [21:14:38] [INFO] Running at [38;5;121m13.53[0m[38;5;159m FPS.[0m
[38;5;159m[Genesis] [21:14:38] [INFO] Running at [38;5;121m13.44[0m[38;5;159m FPS.[0m
[38;5;159m[Genesis] [21:14:38] [INFO] Running at [38;5;121m13.44[0m[38;5;159m FPS.[0m
[38;5;159m[Genesis] [21:14:38] [INFO] Running at [38;5;121m13.42[0m[38;5;159m FPS.[0m
[38;5;159m[Genesis] [21:14:38] [INFO] Running at [38;5;121m13.58[0m[38;5;159m FPS.[0m
[38;5;159m[Genesis] [21:14:38] [INFO] Running at [38;5;121m13.46[0m[38;5;159m FPS.[0m
[38;5;159m[Genesis] [21:14:38] [INFO] Running at [38;5;121m13.40[0m[38;5;159m FPS.[0m
[38;5;159m[Genesis] [21:14:38] [INFO] Running at [38;5;121m13.31[0m[38;5;159m FPS.[0m
[38;5;159m[Genesis] [21:14:38] [INFO] Running at [38;5;121m11.67[0m[38;5;159m FPS.[0m
[38;5;159m[Genesis] [21:14:38] [INFO] Running at [38;5;121m11.66[0m[38;5;159m FPS.[0m
[38;5;159m[Genesis] [21:14:38] [INFO] Running at [38;5;121m11.65[0m[38;5;159m FPS.[0m
[38;5;159m[Genesis] [21:14:38] [INFO] Running at [38;5;121m11.64[0m[38;5;159m FPS.[0m
[38;5;159m[Genesis] [21:14:38] [INFO] Running at [38;5;121m12.24[0m[38;5;159m FPS.[0m
[38;5;159m[Genesis] [21:14:38] [INFO] Running at [38;5;121m12.23[0m[38;5;159m FPS.[0m
[38;5;159m[Genesis] [21:14:38] [INFO] Running at [38;5;121m12.22[0m[38;5;159m FPS.[0m
[38;5;159m[Genesis] [21:14:38] [INFO] Running at [38;5;121m12.21[0m[38;5;159m FPS.[0m
[38;5;159m[Genesis] [21:14:38] [INFO] Running at [38;5;121m12.83[0m[38;5;159m FPS.[0m
[38;5;159m[Genesis] [21:14:38] [INFO] Running at [38;5;121m12.81[0m[38;5;159m FPS.[0m
[38;5;159m[Genesis] [21:14:38] [INFO] Running at [38;5;121m12.83[0m[38;5;159m FPS.[0m
[38;5;159m[Genesis] [21:14:38] [INFO] Running at [38;5;121m12.80[0m[38;5;159m FPS.[0m
[38;5;159m[Genesis] [21:14:38] [INFO] Running at [38;5;121m13.42[0m[38;5;159m FPS.[0m
[38;5;159m[Genesis] [21:14:38] [INFO] Running at [38;5;121m13.39[0m[38;5;159m FPS.[0m
[38;5;159m[Genesis] [21:14:38] [INFO] Running at [38;5;121m13.35[0m[38;5;159m FPS.[0m
[38;5;159m[Genesis] [21:14:38] [INFO] Running at [38;5;121m13.34[0m[38;5;159m FPS.[0m
[38;5;159m[Genesis] [21:14:38] [INFO] Running at [38;5;121m13.55[0m[38;5;159m FPS.[0m
[38;5;159m[Genesis] [21:14:38] [INFO] Running at [38;5;121m13.36[0m[38;5;159m FPS.[0m
[38;5;159m[Genesis] [21:14:38] [INFO] Running at [38;5;121m13.30[0m[38;5;159m FPS.[0m
[38;5;159m[Genesis] [21:14:38] [INFO] Running at [38;5;121m13.10[0m[38;5;159m FPS.[0m
[38;5;159m[Genesis] [21:14:39] [INFO] Running at [38;5;121m11.71[0m[38;5;159m FPS.[0m
[38;5;159m[Genesis] [21:14:39] [INFO] Running at [38;5;121m11.72[0m[38;5;159m FPS.[0m
[38;5;159m[Genesis] [21:14:39] [INFO] Running at [38;5;121m11.71[0m[38;5;159m FPS.[0m
[38;5;159m[Genesis] [21:14:39] [INFO] Running at [38;5;121m11.71[0m[38;5;159m FPS.[0m
[38;5;159m[Genesis] [21:14:39] [INFO] Running at [38;5;121m12.29[0m[38;5;159m FPS.[0m
[38;5;159m[Genesis] [21:14:39] [INFO] Running at [38;5;121m12.29[0m[38;5;159m FPS.[0m
[38;5;159m[Genesis] [21:14:39] [INFO] Running at [38;5;121m12.29[0m[38;5;159m FPS.[0m
[38;5;159m[Genesis] [21:14:39] [INFO] Running at [38;5;121m12.28[0m[38;5;159m FPS.[0m
[38;5;159m[Genesis] [21:14:39] [INFO] Running at [38;5;121m12.89[0m[38;5;159m FPS.[0m
[38;5;159m[Genesis] [21:14:39] [INFO] Running at [38;5;121m12.89[0m[38;5;159m FPS.[0m
[38;5;159m[Genesis] [21:14:39] [INFO] Running at [38;5;121m12.89[0m[38;5;159m FPS.[0m
[38;5;159m[Genesis] [21:14:39] [INFO] Running at [38;5;121m12.88[0m[38;5;159m FPS.[0m
[38;5;159m[Genesis] [21:14:39] [INFO] Running at [38;5;121m13.52[0m[38;5;159m FPS.[0m
[38;5;159m[Genesis] [21:14:39] [INFO] Running at [38;5;121m13.46[0m[38;5;159m FPS.[0m
[38;5;159m[Genesis] [21:14:39] [INFO] Running at [38;5;121m13.44[0m[38;5;159m FPS.[0m
[38;5;159m[Genesis] [21:14:39] [INFO] Running at [38;5;121m13.41[0m[38;5;159m FPS.[0m
[38;5;159m[Genesis] [21:14:39] [INFO] Running at [38;5;121m13.60[0m[38;5;159m FPS.[0m
[38;5;159m[Genesis] [21:14:39] [INFO] Running at [38;5;121m13.55[0m[38;5;159m FPS.[0m
[38;5;159m[Genesis] [21:14:39] [INFO] Running at [38;5;121m13.50[0m[38;5;159m FPS.[0m
[38;5;159m[Genesis] [21:14:39] [INFO] Running at [38;5;121m13.37[0m[38;5;159m FPS.[0m
[38;5;159m[Genesis] [21:14:40] [INFO] Scene [38;5;121m[3m<40a7184>[0m[38;5;159m created.[0m
[38;5;159m[Genesis] [21:14:40] [INFO] Adding [38;5;121m<gs.RigidEntity>[0m[38;5;159m. idx: [38;5;121m0[0m[38;5;159m, uid: [38;5;121m[3m<88c9b07>[0m[38;5;159m, morph: [38;5;121m<gs.morphs.Plane>[0m[38;5;159m, material: [38;5;121m<gs.materials.Rigid>[0m[38;5;159m.[0m
[38;5;159m[Genesis] [21:14:40] [INFO] Adding [38;5;121m<gs.RigidEntity>[0m[38;5;159m. idx: [38;5;121m1[0m[38;5;159m, uid: [38;5;121m[3m<f4ae16e>[0m[38;5;159m, morph: [38;5;121m<gs.morphs.URDF(file='/home/jkoba/SynologyDrive/genesis_humanoid_rl/assets/robots/g1/g1_29dof.urdf')>[0m[38;5;159m, material: [38;5;121m<gs.materials.Rigid>[0m[38;5;159m.[0m
[38;5;159m[Genesis] [21:14:41] [INFO] Building scene [38;5;121m[3m<40a7184>[0m[38;5;159m...[0m
[38;5;159m[Genesis] [21:14:50] [INFO] Compiling simulation kernels...[0m
[38;5;159m[Genesis] [21:15:23] [INFO] Building visualizer...[0m
[38;5;159m[Genesis] [21:15:24] [INFO] Running at [38;5;121m145.01[0m[38;5;159m FPS.[0m
[38;5;159m[Genesis] [21:15:24] [INFO] Running at [38;5;121m146.87[0m[38;5;159m FPS.[0m
[38;5;159m[Genesis] [21:15:24] [INFO] Running at [38;5;121m149.04[0m[38;5;159m FPS.[0m
[38;5;159m[Genesis] [21:15:24] [INFO] Running at [38;5;121m151.18[0m[38;5;159m FPS.[0m
[38;5;159m[Genesis] [21:15:24] [INFO] Running at [38;5;121m153.27[0m[38;5;159m FPS.[0m
[38;5;159m[Genesis] [21:15:24] [INFO] Running at [38;5;121m155.39[0m[38;5;159m FPS.[0m
[38;5;159m[Genesis] [21:15:24] [INFO] Running at [38;5;121m151.58[0m[38;5;159m FPS.[0m
[38;5;159m[Genesis] [21:15:24] [INFO] Running at [38;5;121m147.23[0m[38;5;159m FPS.[0m
[38;5;159m[Genesis] [21:15:24] [INFO] Running at [38;5;121m143.24[0m[38;5;159m FPS.[0m
[38;5;159m[Genesis] [21:15:24] [INFO] Running at [38;5;121m139.64[0m[38;5;159m FPS.[0m
[38;5;159m[Genesis] [21:15:24] [INFO] Running at [38;5;121m0.43[0m[38;5;159m FPS.[0m
[38;5;159m[Genesis] [21:15:24] [INFO] Running at [38;5;121m0.43[0m[38;5;159m FPS.[0m
[38;5;159m[Genesis] [21:15:24] [INFO] Running at [38;5;121m0.43[0m[38;5;159m FPS.[0m
[38;5;159m[Genesis] [21:15:24] [INFO] Running at [38;5;121m0.45[0m[38;5;159m FPS.[0m
[38;5;159m[Genesis] [21:15:24] [INFO] Running at [38;5;121m0.45[0m[38;5;159m FPS.[0m
[38;5;159m[Genesis] [21:15:24] [INFO] Running at [38;5;121m0.45[0m[38;5;159m FPS.[0m
[38;5;159m[Genesis] [21:15:24] [INFO] Running at [38;5;121m0.47[0m[38;5;159m FPS.[0m
[38;5;159m[Genesis] [21:15:24] [INFO] Running at [38;5;121m0.47[0m[38;5;159m FPS.[0m
[38;5;159m[Genesis] [21:15:24] [INFO] Running at [38;5;121m0.47[0m[38;5;159m FPS.[0m
[38;5;159m[Genesis] [21:15:24] [INFO] Running at [38;5;121m0.50[0m[38;5;159m FPS.[0m
[38;5;159m[Genesis] [21:15:24] [INFO] Running at [38;5;121m0.50[0m[38;5;159m FPS.[0m
[38;5;159m[Genesis] [21:15:24] [INFO] Running at [38;5;121m0.50[0m[38;5;159m FPS.[0m
[38;5;159m[Genesis] [21:15:24] [INFO] Running at [38;5;121m58.05[0m[38;5;159m FPS.[0m
[38;5;159m[Genesis] [21:15:24] [INFO] Running at [38;5;121m60.15[0m[38;5;159m FPS.[0m
[38;5;159m[Genesis] [21:15:24] [INFO] Running at [38;5;121m62.30[0m[38;5;159m FPS.[0m
[38;5;159m[Genesis] [21:15:24] [INFO] Running at [38;5;121m63.86[0m[38;5;159m FPS.[0m
[38;5;159m[Genesis] [21:15:24] [INFO] Running at [38;5;121m0.52[0m[38;5;159m FPS.[0m
[38;5;159m[Genesis] [21:15:24] [INFO] Running at [38;5;121m0.52[0m[38;5;159m FPS.[0m
[38;5;159m[Genesis] [21:15:24] [INFO] Running at [38;5;121m0.52[0m[38;5;159m FPS.[0m
[38;5;159m[Genesis] [21:15:24] [INFO] Running at [38;5;121m58.38[0m[38;5;159m FPS.[0m
[38;5;159m[Genesis] [21:15:24] [INFO] Running at [38;5;121m0.55[0m[38;5;159m FPS.[0m
[38;5;159m[Genesis] [21:15:24] [INFO] Running at [38;5;121m35.64[0m[38;5;159m FPS.[0m
[38;5;159m[Genesis] [21:15:24] [INFO] Running at [38;5;121m0.55[0m[38;5;159m FPS.[0m
[38;5;159m[Genesis] [21:15:24] [INFO] Running at [38;5;121m0.55[0m[38;5;159m FPS.[0m
[38;5;159m[Genesis] [21:15:24] [INFO] Running at [38;5;121m0.58[0m[38;5;159m FPS.[0m
[38;5;159m[Genesis] [21:15:24] [INFO] Running at [38;5;121m37.15[0m[38;5;159m FPS.[0m
[38;5;159m[Genesis] [21:15:24] [INFO] Running at [38;5;121m0.58[0m[38;5;159m FPS.[0m
[38;5;159m[Genesis] [21:15:24] [INFO] Running at [38;5;121m0.58[0m[38;5;159m FPS.[0m
[38;5;159m[Genesis] [21:15:24] [INFO] Running at [38;5;121m0.61[0m[38;5;159m FPS.[0m
[38;5;159m[Genesis] [21:15:24] [INFO] Running at [38;5;121m38.72[0m[38;5;159m FPS.[0m
[38;5;159m[Genesis] [21:15:24] [INFO] Running at [38;5;121m0.61[0m[38;5;159m FPS.[0m
[38;5;159m[Genesis] [21:15:24] [INFO] Running at [38;5;121m0.61[0m[38;5;159m FPS.[0m
[38;5;159m[Genesis] [21:15:24] [INFO] Running at [38;5;121m40.33[0m[38;5;159m FPS.[0m
[38;5;159m[Genesis] [21:15:24] [INFO] Running at [38;5;121m0.64[0m[38;5;159m FPS.[0m
[38;5;159m[Genesis] [21:15:24] [INFO] Running at [38;5;121m0.64[0m[38;5;159m FPS.[0m
[38;5;159m[Genesis] [21:15:24] [INFO] Running at [38;5;121m0.64[0m[38;5;159m FPS.[0m
[38;5;159m[Genesis] [21:15:24] [INFO] Running at [38;5;121m39.73[0m[38;5;159m FPS.[0m
[38;5;159m[Genesis] [21:15:24] [INFO] Running at [38;5;121m0.67[0m[38;5;159m FPS.[0m
[38;5;159m[Genesis] [21:15:24] [INFO] Running at [38;5;121m0.67[0m[38;5;159m FPS.[0m
[38;5;159m[Genesis] [21:15:24] [INFO] Running at [38;5;121m0.67[0m[38;5;159m FPS.[0m
[38;5;159m[Genesis] [21:15:25] [INFO] Scene [38;5;121m[3m<f7219fe>[0m[38;5;159m created.[0m
[38;5;159m[Genesis] [21:15:25] [INFO] Adding [38;5;121m<gs.RigidEntity>[0m[38;5;159m. idx: [38;5;121m0[0m[38;5;159m, uid: [38;5;121m[3m<17372c5>[0m[38;5;159m, morph: [38;5;121m<gs.morphs.Plane>[0m[38;5;159m, material: [38;5;121m<gs.materials.Rigid>[0m[38;5;159m.[0m
[38;5;159m[Genesis] [21:15:25] [INFO] Adding [38;5;121m<gs.RigidEntity>[0m[38;5;159m. idx: [38;5;121m1[0m[38;5;159m, uid: [38;5;121m[3m<e6db4c8>[0m[38;5;159m, morph: [38;5;121m<gs.morphs.URDF(file='/home/jkoba/SynologyDrive/genesis_humanoid_rl/assets/robots/g1/g1_29dof.urdf')>[0m[38;5;159m, material: [38;5;121m<gs.materials.Rigid>[0m[38;5;159m.[0m
[38;5;159m[Genesis] [21:15:26] [INFO] Building scene [38;5;121m[3m<f7219fe>[0m[38;5;159m...[0m
[38;5;159m[Genesis] [21:15:35] [INFO] Compiling simulation kernels...[0m
[38;5;159m[Genesis] [21:16:09] [INFO] Building visualizer...[0m
[38;5;159m[Genesis] [21:16:09] [INFO] Running at [38;5;121m149.73[0m[38;5;159m FPS.[0m
[38;5;159m[Genesis] [21:16:09] [INFO] Running at [38;5;121m151.52[0m[38;5;159m FPS.[0m
[38;5;159m[Genesis] [21:16:09] [INFO] Running at [38;5;121m153.64[0m[38;5;159m FPS.[0m
[38;5;159m[Genesis] [21:16:09] [INFO] Running at [38;5;121m155.77[0m[38;5;159m FPS.[0m
[38;5;159m[Genesis] [21:16:09] [INFO] Running at [38;5;121m157.75[0m[38;5;159m FPS.[0m
[38;5;159m[Genesis] [21:16:09] [INFO] Running at [38;5;121m159.81[0m[38;5;159m FPS.[0m
[38;5;159m[Genesis] [21:16:09] [INFO] Running at [38;5;121m155.40[0m[38;5;159m FPS.[0m
[38;5;159m[Genesis] [21:16:09] [INFO] Running at [38;5;121m150.68[0m[38;5;159m FPS.[0m
[38;5;159m[Genesis] [21:16:09] [INFO] Running at [38;5;121m146.35[0m[38;5;159m FPS.[0m
[38;5;159m[Genesis] [21:16:09] [INFO] Running at [38;5;121m142.47[0m[38;5;159m FPS.[0m
[38;5;159m[Genesis] [21:16:09] [INFO] Running at [38;5;121m0.27[0m[38;5;159m FPS.[0m
[38;5;159m[Genesis] [21:16:09] [INFO] Running at [38;5;121m0.44[0m[38;5;159m FPS.[0m
[38;5;159m[Genesis] [21:16:09] [INFO] Running at [38;5;121m0.27[0m[38;5;159m FPS.[0m
[38;5;159m[Genesis] [21:16:09] [INFO] Running at [38;5;121m0.29[0m[38;5;159m FPS.[0m
[38;5;159m[Genesis] [21:16:09] [INFO] Running at [38;5;121m0.46[0m[38;5;159m FPS.[0m
[38;5;159m[Genesis] [21:16:09] [INFO] Running at [38;5;121m0.29[0m[38;5;159m FPS.[0m
[38;5;159m[Genesis] [21:16:09] [INFO] Running at [38;5;121m0.30[0m[38;5;159m FPS.[0m
[38;5;159m[Genesis] [21:16:09] [INFO] Running at [38;5;121m0.30[0m[38;5;159m FPS.[0m
[38;5;159m[Genesis] [21:16:09] [INFO] Running at [38;5;121m0.49[0m[38;5;159m FPS.[0m
[38;5;159m[Genesis] [21:16:09] [INFO] Running at [38;5;121m0.32[0m[38;5;159m FPS.[0m
[38;5;159m[Genesis] [21:16:09] [INFO] Running at [38;5;121m0.51[0m[38;5;159m FPS.[0m
[38;5;159m[Genesis] [21:16:09] [INFO] Running at [38;5;121m0.32[0m[38;5;159m FPS.[0m
[38;5;159m[Genesis] [21:16:09] [INFO] Running at [38;5;121m0.54[0m[38;5;159m FPS.[0m
[38;5;159m[Genesis] [21:16:09] [INFO] Running at [38;5;121m58.53[0m[38;5;159m FPS.[0m
[38;5;159m[Genesis] [21:16:09] [INFO] Running at [38;5;121m60.66[0m[38;5;159m FPS.[0m
[38;5;159m[Genesis] [21:16:09] [INFO] Running at [38;5;121m0.34[0m[38;5;159m FPS.[0m
[38;5;159m[Genesis] [21:16:09] [INFO] Running at [38;5;121m62.85[0m[38;5;159m FPS.[0m
[38;5;159m[Genesis] [21:16:09] [INFO] Running at [38;5;121m65.06[0m[38;5;159m FPS.[0m
[38;5;159m[Genesis] [21:16:09] [INFO] Running at [38;5;121m0.34[0m[38;5;159m FPS.[0m
[38;5;159m[Genesis] [21:16:09] [INFO] Running at [38;5;121m60.38[0m[38;5;159m FPS.[0m
[38;5;159m[Genesis] [21:16:10] [INFO] Scene [38;5;121m[3m<2f6b152>[0m[38;5;159m created.[0m
[38;5;159m[Genesis] [21:16:10] [INFO] Adding [38;5;121m<gs.RigidEntity>[0m[38;5;159m. idx: [38;5;121m0[0m[38;5;159m, uid: [38;5;121m[3m<21fb8b0>[0m[38;5;159m, morph: [38;5;121m<gs.morphs.Plane>[0m[38;5;159m, material: [38;5;121m<gs.materials.Rigid>[0m[38;5;159m.[0m
[38;5;159m[Genesis] [21:16:10] [INFO] Adding [38;5;121m<gs.RigidEntity>[0m[38;5;159m. idx: [38;5;121m1[0m[38;5;159m, uid: [38;5;121m[3m<6f50481>[0m[38;5;159m, morph: [38;5;121m<gs.morphs.URDF(file='/home/jkoba/SynologyDrive/genesis_humanoid_rl/assets/robots/g1/g1_29dof.urdf')>[0m[38;5;159m, material: [38;5;121m<gs.materials.Rigid>[0m[38;5;159m.[0m
[38;5;159m[Genesis] [21:16:11] [INFO] Building scene [38;5;121m[3m<2f6b152>[0m[38;5;159m...[0m
[38;5;159m[Genesis] [21:16:20] [INFO] Compiling simulation kernels...[0m
[38;5;159m[Genesis] [21:16:53] [INFO] Building visualizer...[0m
[38;5;159m[Genesis] [21:16:54] [INFO] Running at [38;5;121m149.01[0m[38;5;159m FPS.[0m
[38;5;159m[Genesis] [21:16:54] [INFO] Running at [38;5;121m150.94[0m[38;5;159m FPS.[0m
[38;5;159m[Genesis] [21:16:54] [INFO] Running at [38;5;121m153.02[0m[38;5;159m FPS.[0m
[38;5;159m[Genesis] [21:16:54] [INFO] Running at [38;5;121m155.09[0m[38;5;159m FPS.[0m
[38;5;159m[Genesis] [21:16:54] [INFO] Running at [38;5;121m157.14[0m[38;5;159m FPS.[0m
[38;5;159m[Genesis] [21:16:54] [INFO] Running at [38;5;121m159.15[0m[38;5;159m FPS.[0m
[38;5;159m[Genesis] [21:16:54] [INFO] Running at [38;5;121m155.06[0m[38;5;159m FPS.[0m
[38;5;159m[Genesis] [21:16:54] [INFO] Running at [38;5;121m150.28[0m[38;5;159m FPS.[0m
[38;5;159m[Genesis] [21:16:54] [INFO] Running at [38;5;121m146.02[0m[38;5;159m FPS.[0m
[38;5;159m[Genesis] [21:16:54] [INFO] Running at [38;5;121m142.17[0m[38;5;159m FPS.[0m
[38;5;159m[Genesis] [21:16:54] [INFO] Running at [38;5;121m0.20[0m[38;5;159m FPS.[0m
[38;5;159m[Genesis] [21:16:54] [INFO] Running at [38;5;121m0.25[0m[38;5;159m FPS.[0m
[38;5;159m[Genesis] [21:16:54] [INFO] Running at [38;5;121m0.45[0m[38;5;159m FPS.[0m
[38;5;159m[Genesis] [21:16:54] [INFO] Running at [38;5;121m0.21[0m[38;5;159m FPS.[0m
[38;5;159m[Genesis] [21:16:54] [INFO] Running at [38;5;121m0.26[0m[38;5;159m FPS.[0m
[38;5;159m[Genesis] [21:16:54] [INFO] Running at [38;5;121m0.47[0m[38;5;159m FPS.[0m
[38;5;159m[Genesis] [21:16:54] [INFO] Running at [38;5;121m0.22[0m[38;5;159m FPS.[0m
[38;5;159m[Genesis] [21:16:54] [INFO] Running at [38;5;121m0.28[0m[38;5;159m FPS.[0m
[38;5;159m[Genesis] [21:16:54] [INFO] Running at [38;5;121m0.49[0m[38;5;159m FPS.[0m
[38;5;159m[Genesis] [21:16:54] [INFO] Running at [38;5;121m0.23[0m[38;5;159m FPS.[0m
[38;5;159m[Genesis] [21:16:54] [INFO] Running at [38;5;121m0.52[0m[38;5;159m FPS.[0m
[38;5;159m[Genesis] [21:16:54] [INFO] Running at [38;5;121m0.29[0m[38;5;159m FPS.[0m
[38;5;159m[Genesis] [21:16:54] [INFO] Running at [38;5;121m58.99[0m[38;5;159m FPS.[0m
[38;5;159m[Genesis] [21:16:54] [INFO] Running at [38;5;121m61.09[0m[38;5;159m FPS.[0m
[38;5;159m[Genesis] [21:16:54] [INFO] Running at [38;5;121m0.55[0m[38;5;159m FPS.[0m
[38;5;159m[Genesis] [21:16:54] [INFO] Running at [38;5;121m63.28[0m[38;5;159m FPS.[0m
[38;5;159m[Genesis] [21:16:54] [INFO] Running at [38;5;121m64.81[0m[38;5;159m FPS.[0m
[38;5;159m[Genesis] [21:16:54] [INFO] Running at [38;5;121m0.24[0m[38;5;159m FPS.[0m
[38;5;159m[Genesis] [21:16:54] [INFO] Running at [38;5;121m0.31[0m[38;5;159m FPS.[0m
[38;5;159m[Genesis] [21:16:54] [INFO] Running at [38;5;121m59.12[0m[38;5;159m FPS.[0m
[38;5;159m[Genesis] [21:16:54] [INFO] Running at [38;5;121m0.57[0m[38;5;159m FPS.[0m
[38;5;159m[Genesis] [21:16:54] [INFO] Running at [38;5;121m38.98[0m[38;5;159m FPS.[0m
[38;5;159m[Genesis] [21:16:54] [INFO] Running at [38;5;121m0.25[0m[38;5;159m FPS.[0m
[38;5;159m[Genesis] [21:16:54] [INFO] Running at [38;5;121m0.32[0m[38;5;159m FPS.[0m
[38;5;159m[Genesis] [21:16:54] [INFO] Running at [38;5;121m40.61[0m[38;5;159m FPS.[0m
[38;5;159m[Genesis] [21:16:54] [INFO] Running at [38;5;121m0.60[0m[38;5;159m FPS.[0m
[38;5;159m[Genesis] [21:16:54] [INFO] Running at [38;5;121m0.27[0m[38;5;159m FPS.[0m
[38;5;159m[Genesis] [21:16:54] [INFO] Running at [38;5;121m0.34[0m[38;5;159m FPS.[0m
[38;5;159m[Genesis] [21:16:54] [INFO] Running at [38;5;121m42.29[0m[38;5;159m FPS.[0m
[38;5;159m[Genesis] [21:16:54] [INFO] Running at [38;5;121m0.28[0m[38;5;159m FPS.[0m
[38;5;159m[Genesis] [21:16:54] [INFO] Running at [38;5;121m0.63[0m[38;5;159m FPS.[0m
[38;5;159m[Genesis] [21:16:54] [INFO] Running at [38;5;121m0.36[0m[38;5;159m FPS.[0m
[38;5;159m[Genesis] [21:16:54] [INFO] Running at [38;5;121m44.02[0m[38;5;159m FPS.[0m
[38;5;159m[Genesis] [21:16:54] [INFO] Running at [38;5;121m0.66[0m[38;5;159m FPS.[0m
[38;5;159m[Genesis] [21:16:54] [INFO] Running at [38;5;121m0.30[0m[38;5;159m FPS.[0m
[38;5;159m[Genesis] [21:16:54] [INFO] Running at [38;5;121m0.38[0m[38;5;159m FPS.[0m
[38;5;159m[Genesis] [21:16:54] [INFO] Running at [38;5;121m0.70[0m[38;5;159m FPS.[0m
[38;5;159m[Genesis] [21:16:54] [INFO] Running at [38;5;121m42.87[0m[38;5;159m FPS.[0m
[38;5;159m[Genesis] [21:16:54] [INFO] Running at [38;5;121m0.31[0m[38;5;159m FPS.[0m
[38;5;159m[Genesis] [21:16:54] [INFO] Running at [38;5;121m0.40[0m[38;5;159m FPS.[0m
[38;5;159m[Genesis] [21:16:55] [INFO] Scene [38;5;121m[3m<138f04f>[0m[38;5;159m created.[0m
[38;5;159m[Genesis] [21:16:55] [INFO] Adding [38;5;121m<gs.RigidEntity>[0m[38;5;159m. idx: [38;5;121m0[0m[38;5;159m, uid: [38;5;121m[3m<73ef1e0>[0m[38;5;159m, morph: [38;5;121m<gs.morphs.Plane>[0m[38;5;159m, material: [38;5;121m<gs.materials.Rigid>[0m[38;5;159m.[0m
[38;5;159m[Genesis] [21:16:55] [INFO] Adding [38;5;121m<gs.RigidEntity>[0m[38;5;159m. idx: [38;5;121m1[0m[38;5;159m, uid: [38;5;121m[3m<71eb440>[0m[38;5;159m, morph: [38;5;121m<gs.morphs.URDF(file='/home/jkoba/SynologyDrive/genesis_humanoid_rl/assets/robots/g1/g1_29dof.urdf')>[0m[38;5;159m, material: [38;5;121m<gs.materials.Rigid>[0m[38;5;159m.[0m
[38;5;159m[Genesis] [21:16:56] [INFO] Building scene [38;5;121m[3m<138f04f>[0m[38;5;159m...[0m
[38;5;159m[Genesis] [21:17:05] [INFO] Compiling simulation kernels...[0m
[38;5;159m[Genesis] [21:17:38] [INFO] Building visualizer...[0m
[38;5;159m[Genesis] [21:17:39] [INFO] Running at [38;5;121m146.77[0m[38;5;159m FPS.[0m
[38;5;159m[Genesis] [21:17:39] [INFO] Running at [38;5;121m148.93[0m[38;5;159m FPS.[0m
[38;5;159m[Genesis] [21:17:39] [INFO] Running at [38;5;121m151.12[0m[38;5;159m FPS.[0m
[38;5;159m[Genesis] [21:17:39] [INFO] Running at [38;5;121m153.19[0m[38;5;159m FPS.[0m
[38;5;159m[Genesis] [21:17:39] [INFO] Running at [38;5;121m155.21[0m[38;5;159m FPS.[0m
[38;5;159m[Genesis] [21:17:39] [INFO] Running at [38;5;121m157.07[0m[38;5;159m FPS.[0m
[38;5;159m[Genesis] [21:17:39] [INFO] Running at [38;5;121m153.24[0m[38;5;159m FPS.[0m
[38;5;159m[Genesis] [21:17:39] [INFO] Running at [38;5;121m148.66[0m[38;5;159m FPS.[0m
[38;5;159m[Genesis] [21:17:39] [INFO] Running at [38;5;121m144.56[0m[38;5;159m FPS.[0m
[38;5;159m[Genesis] [21:17:39] [INFO] Running at [38;5;121m140.84[0m[38;5;159m FPS.[0m
[38;5;159m[Genesis] [21:17:39] [INFO] Running at [38;5;121m0.28[0m[38;5;159m FPS.[0m
[38;5;159m[Genesis] [21:17:39] [INFO] Running at [38;5;121m0.44[0m[38;5;159m FPS.[0m
[38;5;159m[Genesis] [21:17:39] [INFO] Running at [38;5;121m0.22[0m[38;5;159m FPS.[0m
[38;5;159m[Genesis] [21:17:39] [INFO] Running at [38;5;121m0.29[0m[38;5;159m FPS.[0m
[38;5;159m[Genesis] [21:17:39] [INFO] Running at [38;5;121m0.46[0m[38;5;159m FPS.[0m
[38;5;159m[Genesis] [21:17:39] [INFO] Running at [38;5;121m0.23[0m[38;5;159m FPS.[0m
[38;5;159m[Genesis] [21:17:39] [INFO] Running at [38;5;121m0.31[0m[38;5;159m FPS.[0m
[38;5;159m[Genesis] [21:17:39] [INFO] Running at [38;5;121m0.49[0m[38;5;159m FPS.[0m
[38;5;159m[Genesis] [21:17:39] [INFO] Running at [38;5;121m0.24[0m[38;5;159m FPS.[0m
[38;5;159m[Genesis] [21:17:39] [INFO] Running at [38;5;121m0.32[0m[38;5;159m FPS.[0m
[38;5;159m[Genesis] [21:17:39] [INFO] Running at [38;5;121m0.52[0m[38;5;159m FPS.[0m
[38;5;159m[Genesis] [21:17:39] [INFO] Running at [38;5;121m0.25[0m[38;5;159m FPS.[0m
[38;5;159m[Genesis] [21:17:39] [INFO] Running at [38;5;121m0.54[0m[38;5;159m FPS.[0m
[38;5;159m[Genesis] [21:17:39] [INFO] Running at [38;5;121m58.65[0m[38;5;159m FPS.[0m
[38;5;159m[Genesis] [21:17:39] [INFO] Running at [38;5;121m60.78[0m[38;5;159m FPS.[0m
[38;5;159m[Genesis] [21:17:39] [INFO] Running at [38;5;121m62.96[0m[38;5;159m FPS.[0m
[38;5;159m[Genesis] [21:17:39] [INFO] Running at [38;5;121m64.47[0m[38;5;159m FPS.[0m
[38;5;159m[Genesis] [21:17:39] [INFO] Running at [38;5;121m0.34[0m[38;5;159m FPS.[0m
[38;5;159m[Genesis] [21:17:39] [INFO] Running at [38;5;121m0.26[0m[38;5;159m FPS.[0m
[38;5;159m[Genesis] [21:17:39] [INFO] Running at [38;5;121m58.89[0m[38;5;159m FPS.[0m
[38;5;159m[Genesis] [21:17:39] [INFO] Running at [38;5;121m0.57[0m[38;5;159m FPS.[0m
[38;5;159m[Genesis] [21:17:39] [INFO] Running at [38;5;121m0.28[0m[38;5;159m FPS.[0m
[38;5;159m[Genesis] [21:17:39] [INFO] Running at [38;5;121m0.36[0m[38;5;159m FPS.[0m
[38;5;159m[Genesis] [21:17:39] [INFO] Running at [38;5;121m36.59[0m[38;5;159m FPS.[0m
[38;5;159m[Genesis] [21:17:39] [INFO] Running at [38;5;121m0.60[0m[38;5;159m FPS.[0m
[38;5;159m[Genesis] [21:17:39] [INFO] Running at [38;5;121m0.38[0m[38;5;159m FPS.[0m
[38;5;159m[Genesis] [21:17:39] [INFO] Running at [38;5;121m0.29[0m[38;5;159m FPS.[0m
[38;5;159m[Genesis] [21:17:39] [INFO] Running at [38;5;121m38.14[0m[38;5;159m FPS.[0m
[38;5;159m[Genesis] [21:17:39] [INFO] Running at [38;5;121m0.63[0m[38;5;159m FPS.[0m
[38;5;159m[Genesis] [21:17:39] [INFO] Running at [38;5;121m0.40[0m[38;5;159m FPS.[0m
[38;5;159m[Genesis] [21:17:39] [INFO] Running at [38;5;121m0.31[0m[38;5;159m FPS.[0m
[38;5;159m[Genesis] [21:17:39] [INFO] Running at [38;5;121m39.73[0m[38;5;159m FPS.[0m
[38;5;159m[Genesis] [21:17:39] [INFO] Running at [38;5;121m41.36[0m[38;5;159m FPS.[0m
[38;5;159m[Genesis] [21:17:39] [INFO] Running at [38;5;121m0.66[0m[38;5;159m FPS.[0m
[38;5;159m[Genesis] [21:17:39] [INFO] Running at [38;5;121m0.32[0m[38;5;159m FPS.[0m
[38;5;159m[Genesis] [21:17:39] [INFO] Running at [38;5;121m0.42[0m[38;5;159m FPS.[0m
[38;5;159m[Genesis] [21:17:39] [INFO] Running at [38;5;121m40.35[0m[38;5;159m FPS.[0m
[38;5;159m[Genesis] [21:17:39] [INFO] Running at [38;5;121m0.69[0m[38;5;159m FPS.[0m
[38;5;159m[Genesis] [21:17:39] [INFO] Running at [38;5;121m0.34[0m[38;5;159m FPS.[0m
[38;5;159m[Genesis] [21:17:40] [INFO] Running at [38;5;121m0.44[0m[38;5;159m FPS.[0m
[38;5;159m[Genesis] [21:17:40] [INFO] Running at [38;5;121m0.72[0m[38;5;159m FPS.[0m
[38;5;159m[Genesis] [21:17:40] [INFO] Running at [38;5;121m0.46[0m[38;5;159m FPS.[0m
[38;5;159m[Genesis] [21:17:40] [INFO] Running at [38;5;121m26.49[0m[38;5;159m FPS.[0m
[38;5;159m[Genesis] [21:17:40] [INFO] Running at [38;5;121m0.36[0m[38;5;159m FPS.[0m
[38;5;159m[Genesis] [21:17:40] [INFO] Running at [38;5;121m0.76[0m[38;5;159m FPS.[0m
[38;5;159m[Genesis] [21:17:40] [INFO] Running at [38;5;121m0.48[0m[38;5;159m FPS.[0m
[38;5;159m[Genesis] [21:17:40] [INFO] Running at [38;5;121m27.68[0m[38;5;159m FPS.[0m
[38;5;159m[Genesis] [21:17:40] [INFO] Running at [38;5;121m0.37[0m[38;5;159m FPS.[0m
[38;5;159m[Genesis] [21:17:40] [INFO] Running at [38;5;121m0.80[0m[38;5;159m FPS.[0m
[38;5;159m[Genesis] [21:17:40] [INFO] Running at [38;5;121m0.51[0m[38;5;159m FPS.[0m
[38;5;159m[Genesis] [21:17:40] [INFO] Running at [38;5;121m28.92[0m[38;5;159m FPS.[0m
[38;5;159m[Genesis] [21:17:40] [INFO] Running at [38;5;121m0.39[0m[38;5;159m FPS.[0m
[38;5;159m[Genesis] [21:17:40] [INFO] Running at [38;5;121m30.20[0m[38;5;159m FPS.[0m
[38;5;159m[Genesis] [21:17:40] [INFO] Running at [38;5;121m0.41[0m[38;5;159m FPS.[0m
[38;5;159m[Genesis] [21:17:40] [INFO] Running at [38;5;121m0.53[0m[38;5;159m FPS.[0m
[38;5;159m[Genesis] [21:17:40] [INFO] Running at [38;5;121m0.84[0m[38;5;159m FPS.[0m
[38;5;159m[Genesis] [21:17:40] [INFO] Running at [38;5;121m30.25[0m[38;5;159m FPS.[0m
[38;5;159m[Genesis] [21:17:40] [INFO] Running at [38;5;121m0.44[0m[38;5;159m FPS.[0m
[38;5;159m[Genesis] [21:17:40] [INFO] Running at [38;5;121m0.88[0m[38;5;159m FPS.[0m
[38;5;159m[Genesis] [21:17:40] [INFO] Running at [38;5;121m0.56[0m[38;5;159m FPS.[0m
[38;5;159m[Genesis] [21:17:40] [INFO] Running at [38;5;121m0.92[0m[38;5;159m FPS.[0m
[38;5;159m[Genesis] [21:17:40] [INFO] Running at [38;5;121m21.66[0m[38;5;159m FPS.[0m
[38;5;159m[Genesis] [21:17:40] [INFO] Running at [38;5;121m0.59[0m[38;5;159m FPS.[0m
[38;5;159m[Genesis] [21:17:40] [INFO] Running at [38;5;121m0.46[0m[38;5;159m FPS.[0m
[38;5;159m[Genesis] [21:17:40] [INFO] Running at [38;5;121m0.97[0m[38;5;159m FPS.[0m
[38;5;159m[Genesis] [21:17:40] [INFO] Running at [38;5;121m22.67[0m[38;5;159m FPS.[0m
[38;5;159m[Genesis] [21:17:40] [INFO] Running at [38;5;121m0.62[0m[38;5;159m FPS.[0m
[38;5;159m[Genesis] [21:17:40] [INFO] Running at [38;5;121m0.48[0m[38;5;159m FPS.[0m
[38;5;159m[Genesis] [21:17:40] [INFO] Running at [38;5;121m1.02[0m[38;5;159m FPS.[0m
[38;5;159m[Genesis] [21:17:40] [INFO] Running at [38;5;121m23.72[0m[38;5;159m FPS.[0m
[38;5;159m[Genesis] [21:17:40] [INFO] Running at [38;5;121m0.65[0m[38;5;159m FPS.[0m
[38;5;159m[Genesis] [21:17:40] [INFO] Running at [38;5;121m0.51[0m[38;5;159m FPS.[0m
[38;5;159m[Genesis] [21:17:40] [INFO] Running at [38;5;121m1.07[0m[38;5;159m FPS.[0m
[38;5;159m[Genesis] [21:17:40] [INFO] Running at [38;5;121m24.80[0m[38;5;159m FPS.[0m
[38;5;159m[Genesis] [21:17:40] [INFO] Running at [38;5;121m0.53[0m[38;5;159m FPS.[0m
[38;5;159m[Genesis] [21:17:40] [INFO] Running at [38;5;121m0.68[0m[38;5;159m FPS.[0m
[38;5;159m[Genesis] [21:17:40] [INFO] Running at [38;5;121m0.56[0m[38;5;159m FPS.[0m
[38;5;159m[Genesis] [21:17:40] [INFO] Running at [38;5;121m1.12[0m[38;5;159m FPS.[0m
[38;5;159m[Genesis] [21:17:40] [INFO] Running at [38;5;121m23.46[0m[38;5;159m FPS.[0m
[38;5;159m[Genesis] [21:17:40] [INFO] Running at [38;5;121m0.72[0m[38;5;159m FPS.[0m
[38;5;159m[Genesis] [21:17:40] [INFO] Running at [38;5;121m1.16[0m[38;5;159m FPS.[0m
[38;5;159m[Genesis] [21:17:40] [INFO] Running at [38;5;121m18.45[0m[38;5;159m FPS.[0m
[38;5;159m[Genesis] [21:17:40] [INFO] Running at [38;5;121m0.58[0m[38;5;159m FPS.[0m
[38;5;159m[Genesis] [21:17:40] [INFO] Running at [38;5;121m0.75[0m[38;5;159m FPS.[0m
[38;5;159m[Genesis] [21:17:40] [INFO] Running at [38;5;121m1.22[0m[38;5;159m FPS.[0m
[38;5;159m[Genesis] [21:17:40] [INFO] Running at [38;5;121m19.33[0m[38;5;159m FPS.[0m
[38;5;159m[Genesis] [21:17:40] [INFO] Running at [38;5;121m0.79[0m[38;5;159m FPS.[0m
[38;5;159m[Genesis] [21:17:40] [INFO] Running at [38;5;121m0.61[0m[38;5;159m FPS.[0m
[38;5;159m[Genesis] [21:17:40] [INFO] Running at [38;5;121m1.29[0m[38;5;159m FPS.[0m
[38;5;159m[Genesis] [21:17:40] [INFO] Running at [38;5;121m20.24[0m[38;5;159m FPS.[0m
[38;5;159m[Genesis] [21:17:40] [INFO] Running at [38;5;121m0.83[0m[38;5;159m FPS.[0m
[38;5;159m[Genesis] [21:17:40] [INFO] Running at [38;5;121m0.65[0m[38;5;159m FPS.[0m
[38;5;159m[Genesis] [21:17:40] [INFO] Running at [38;5;121m0.87[0m[38;5;159m FPS.[0m
[38;5;159m[Genesis] [21:17:40] [INFO] Running at [38;5;121m1.35[0m[38;5;159m FPS.[0m
[38;5;159m[Genesis] [21:17:40] [INFO] Running at [38;5;121m20.94[0m[38;5;159m FPS.[0m
[38;5;159m[Genesis] [21:17:40] [INFO] Running at [38;5;121m0.68[0m[38;5;159m FPS.[0m
[38;5;159m[Genesis] [21:17:41] [INFO] Running at [38;5;121m0.91[0m[38;5;159m FPS.[0m
[38;5;159m[Genesis] [21:17:41] [INFO] Running at [38;5;121m0.71[0m[38;5;159m FPS.[0m
[38;5;159m[Genesis] [21:17:41] [INFO] Running at [38;5;121m20.12[0m[38;5;159m FPS.[0m
[38;5;159m[Genesis] [21:17:41] [INFO] Running at [38;5;121m1.42[0m[38;5;159m FPS.[0m
[38;5;159m[Genesis] [21:17:41] [INFO] Running at [38;5;121m1.46[0m[38;5;159m FPS.[0m
[38;5;159m[Genesis] [21:17:41] [INFO] Running at [38;5;121m0.95[0m[38;5;159m FPS.[0m
[38;5;159m[Genesis] [21:17:41] [INFO] Running at [38;5;121m16.49[0m[38;5;159m FPS.[0m
[38;5;159m[Genesis] [21:17:41] [INFO] Running at [38;5;121m0.74[0m[38;5;159m FPS.[0m
[38;5;159m[Genesis] [21:17:41] [INFO] Running at [38;5;121m1.54[0m[38;5;159m FPS.[0m
[38;5;159m[Genesis] [21:17:41] [INFO] Running at [38;5;121m1.00[0m[38;5;159m FPS.[0m
[38;5;159m[Genesis] [21:17:41] [INFO] Running at [38;5;121m17.28[0m[38;5;159m FPS.[0m
[38;5;159m[Genesis] [21:17:41] [INFO] Running at [38;5;121m0.78[0m[38;5;159m FPS.[0m
[38;5;159m[Genesis] [21:17:41] [INFO] Running at [38;5;121m1.62[0m[38;5;159m FPS.[0m
[38;5;159m[Genesis] [21:17:41] [INFO] Running at [38;5;121m18.11[0m[38;5;159m FPS.[0m
[38;5;159m[Genesis] [21:17:41] [INFO] Running at [38;5;121m1.05[0m[38;5;159m FPS.[0m
[38;5;159m[Genesis] [21:17:41] [INFO] Running at [38;5;121m0.82[0m[38;5;159m FPS.[0m
[38;5;159m[Genesis] [21:17:41] [INFO] Running at [38;5;121m1.10[0m[38;5;159m FPS.[0m
[38;5;159m[Genesis] [21:17:41] [INFO] Running at [38;5;121m1.70[0m[38;5;159m FPS.[0m
[38;5;159m[Genesis] [21:17:41] [INFO] Running at [38;5;121m18.79[0m[38;5;159m FPS.[0m
[38;5;159m[Genesis] [21:17:41] [INFO] Running at [38;5;121m0.87[0m[38;5;159m FPS.[0m
[38;5;159m[Genesis] [21:17:41] [INFO] Running at [38;5;121m18.63[0m[38;5;159m FPS.[0m
[38;5;159m[Genesis] [21:17:41] [INFO] Running at [38;5;121m1.78[0m[38;5;159m FPS.[0m
[38;5;159m[Genesis] [21:17:41] [INFO] Running at [38;5;121m0.91[0m[38;5;159m FPS.[0m
[38;5;159m[Genesis] [21:17:41] [INFO] Running at [38;5;121m1.16[0m[38;5;159m FPS.[0m
[38;5;159m[Genesis] [21:17:41] [INFO] Running at [38;5;121m1.82[0m[38;5;159m FPS.[0m
[38;5;159m[Genesis] [21:17:41] [INFO] Running at [38;5;121m15.30[0m[38;5;159m FPS.[0m
[38;5;159m[Genesis] [21:17:41] [INFO] Running at [38;5;121m1.20[0m[38;5;159m FPS.[0m
[38;5;159m[Genesis] [21:17:41] [INFO] Running at [38;5;121m0.94[0m[38;5;159m FPS.[0m
[38;5;159m[Genesis] [21:17:41] [INFO] Running at [38;5;121m1.92[0m[38;5;159m FPS.[0m
[38;5;159m[Genesis] [21:17:41] [INFO] Running at [38;5;121m16.04[0m[38;5;159m FPS.[0m
[38;5;159m[Genesis] [21:17:41] [INFO] Running at [38;5;121m1.26[0m[38;5;159m FPS.[0m
[38;5;159m[Genesis] [21:17:41] [INFO] Running at [38;5;121m0.99[0m[38;5;159m FPS.[0m
[38;5;159m[Genesis] [21:17:41] [INFO] Running at [38;5;121m2.02[0m[38;5;159m FPS.[0m
[38;5;159m[Genesis] [21:17:41] [INFO] Running at [38;5;121m16.81[0m[38;5;159m FPS.[0m
[38;5;159m[Genesis] [21:17:41] [INFO] Running at [38;5;121m1.33[0m[38;5;159m FPS.[0m
[38;5;159m[Genesis] [21:17:41] [INFO] Running at [38;5;121m1.05[0m[38;5;159m FPS.[0m
[38;5;159m[Genesis] [21:17:41] [INFO] Running at [38;5;121m2.12[0m[38;5;159m FPS.[0m
[38;5;159m[Genesis] [21:17:41] [INFO] Running at [38;5;121m17.48[0m[38;5;159m FPS.[0m
[38;5;159m[Genesis] [21:17:41] [INFO] Running at [38;5;121m1.39[0m[38;5;159m FPS.[0m
[38;5;159m[Genesis] [21:17:41] [INFO] Running at [38;5;121m1.10[0m[38;5;159m FPS.[0m
[38;5;159m[Genesis] [21:17:41] [INFO] Running at [38;5;121m2.22[0m[38;5;159m FPS.[0m
[38;5;159m[Genesis] [21:17:41] [INFO] Running at [38;5;121m17.18[0m[38;5;159m FPS.[0m
[38;5;159m[Genesis] [21:17:41] [INFO] Running at [38;5;121m1.15[0m[38;5;159m FPS.[0m
[38;5;159m[Genesis] [21:17:41] [INFO] Running at [38;5;121m1.46[0m[38;5;159m FPS.[0m
[38;5;159m[Genesis] [21:17:42] [INFO] Running at [38;5;121m2.25[0m[38;5;159m FPS.[0m
[38;5;159m[Genesis] [21:17:42] [INFO] Running at [38;5;121m1.50[0m[38;5;159m FPS.[0m
[38;5;159m[Genesis] [21:17:42] [INFO] Running at [38;5;121m14.05[0m[38;5;159m FPS.[0m
[38;5;159m[Genesis] [21:17:42] [INFO] Running at [38;5;121m1.19[0m[38;5;159m FPS.[0m
[38;5;159m[Genesis] [21:17:42] [INFO] Running at [38;5;121m2.37[0m[38;5;159m FPS.[0m
[38;5;159m[Genesis] [21:17:42] [INFO] Running at [38;5;121m1.58[0m[38;5;159m FPS.[0m
[38;5;159m[Genesis] [21:17:42] [INFO] Running at [38;5;121m14.74[0m[38;5;159m FPS.[0m
[38;5;159m[Genesis] [21:17:42] [INFO] Running at [38;5;121m1.25[0m[38;5;159m FPS.[0m
[38;5;159m[Genesis] [21:17:42] [INFO] Running at [38;5;121m2.49[0m[38;5;159m FPS.[0m
[38;5;159m[Genesis] [21:17:42] [INFO] Running at [38;5;121m1.66[0m[38;5;159m FPS.[0m
[38;5;159m[Genesis] [21:17:42] [INFO] Running at [38;5;121m15.45[0m[38;5;159m FPS.[0m
[38;5;159m[Genesis] [21:17:42] [INFO] Running at [38;5;121m1.32[0m[38;5;159m FPS.[0m
[38;5;159m[Genesis] [21:17:42] [INFO] Running at [38;5;121m1.75[0m[38;5;159m FPS.[0m
[38;5;159m[Genesis] [21:17:42] [INFO] Running at [38;5;121m2.62[0m[38;5;159m FPS.[0m
[38;5;159m[Genesis] [21:17:42] [INFO] Running at [38;5;121m15.97[0m[38;5;159m FPS.[0m
[38;5;159m[Genesis] [21:17:42] [INFO] Running at [38;5;121m1.39[0m[38;5;159m FPS.[0m
[38;5;159m[Genesis] [21:17:42] [INFO] Running at [38;5;121m2.73[0m[38;5;159m FPS.[0m
[38;5;159m[Genesis] [21:17:42] [INFO] Running at [38;5;121m1.83[0m[38;5;159m FPS.[0m
[38;5;159m[Genesis] [21:17:42] [INFO] Running at [38;5;121m1.45[0m[38;5;159m FPS.[0m
[38;5;159m[Genesis] [21:17:42] [INFO] Running at [38;5;121m15.75[0m[38;5;159m FPS.[0m
[38;5;159m[Genesis] [21:17:42] [INFO] Running at [38;5;121m2.74[0m[38;5;159m FPS.[0m
[38;5;159m[Genesis] [21:17:42] [INFO] Running at [38;5;121m1.86[0m[38;5;159m FPS.[0m
[38;5;159m[Genesis] [21:17:42] [INFO] Running at [38;5;121m13.13[0m[38;5;159m FPS.[0m
[38;5;159m[Genesis] [21:17:42] [INFO] Running at [38;5;121m1.49[0m[38;5;159m FPS.[0m
[38;5;159m[Genesis] [21:17:42] [INFO] Running at [38;5;121m2.88[0m[38;5;159m FPS.[0m
[38;5;159m[Genesis] [21:17:42] [INFO] Running at [38;5;121m13.77[0m[38;5;159m FPS.[0m
[38;5;159m[Genesis] [21:17:42] [INFO] Running at [38;5;121m1.96[0m[38;5;159m FPS.[0m
[38;5;159m[Genesis] [21:17:42] [INFO] Running at [38;5;121m1.57[0m[38;5;159m FPS.[0m
[38;5;159m[Genesis] [21:17:42] [INFO] Running at [38;5;121m3.03[0m[38;5;159m FPS.[0m
[38;5;159m[Genesis] [21:17:42] [INFO] Running at [38;5;121m14.44[0m[38;5;159m FPS.[0m
[38;5;159m[Genesis] [21:17:42] [INFO] Running at [38;5;121m2.06[0m[38;5;159m FPS.[0m
[38;5;159m[Genesis] [21:17:42] [INFO] Running at [38;5;121m1.65[0m[38;5;159m FPS.[0m
[38;5;159m[Genesis] [21:17:42] [INFO] Running at [38;5;121m2.17[0m[38;5;159m FPS.[0m
[38;5;159m[Genesis] [21:17:42] [INFO] Running at [38;5;121m3.19[0m[38;5;159m FPS.[0m
[38;5;159m[Genesis] [21:17:42] [INFO] Running at [38;5;121m14.93[0m[38;5;159m FPS.[0m
[38;5;159m[Genesis] [21:17:42] [INFO] Running at [38;5;121m1.73[0m[38;5;159m FPS.[0m
[38;5;159m[Genesis] [21:17:42] [INFO] Running at [38;5;121m2.27[0m[38;5;159m FPS.[0m
[38;5;159m[Genesis] [21:17:42] [INFO] Running at [38;5;121m3.31[0m[38;5;159m FPS.[0m
[38;5;159m[Genesis] [21:17:42] [INFO] Running at [38;5;121m14.80[0m[38;5;159m FPS.[0m
[38;5;159m[Genesis] [21:17:42] [INFO] Running at [38;5;121m1.81[0m[38;5;159m FPS.[0m
[38;5;159m[Genesis] [21:17:42] [INFO] Running at [38;5;121m3.30[0m[38;5;159m FPS.[0m
[38;5;159m[Genesis] [21:17:42] [INFO] Running at [38;5;121m2.30[0m[38;5;159m FPS.[0m
[38;5;159m[Genesis] [21:17:42] [INFO] Running at [38;5;121m12.68[0m[38;5;159m FPS.[0m
[38;5;159m[Genesis] [21:17:42] [INFO] Running at [38;5;121m1.85[0m[38;5;159m FPS.[0m
[38;5;159m[Genesis] [21:17:42] [INFO] Running at [38;5;121m3.47[0m[38;5;159m FPS.[0m
[38;5;159m[Genesis] [21:17:42] [INFO] Running at [38;5;121m13.30[0m[38;5;159m FPS.[0m
[38;5;159m[Genesis] [21:17:42] [INFO] Running at [38;5;121m2.42[0m[38;5;159m FPS.[0m
[38;5;159m[Genesis] [21:17:42] [INFO] Running at [38;5;121m1.95[0m[38;5;159m FPS.[0m
[38;5;159m[Genesis] [21:17:42] [INFO] Running at [38;5;121m3.65[0m[38;5;159m FPS.[0m
[38;5;159m[Genesis] [21:17:42] [INFO] Running at [38;5;121m13.95[0m[38;5;159m FPS.[0m
[38;5;159m[Genesis] [21:17:42] [INFO] Running at [38;5;121m2.54[0m[38;5;159m FPS.[0m
[38;5;159m[Genesis] [21:17:42] [INFO] Running at [38;5;121m2.05[0m[38;5;159m FPS.[0m
[38;5;159m[Genesis] [21:17:42] [INFO] Running at [38;5;121m2.67[0m[38;5;159m FPS.[0m
[38;5;159m[Genesis] [21:17:42] [INFO] Running at [38;5;121m3.83[0m[38;5;159m FPS.[0m
[38;5;159m[Genesis] [21:17:43] [INFO] Running at [38;5;121m14.48[0m[38;5;159m FPS.[0m
[38;5;159m[Genesis] [21:17:43] [INFO] Running at [38;5;121m2.16[0m[38;5;159m FPS.[0m
[38;5;159m[Genesis] [21:17:43] [INFO] Running at [38;5;121m2.79[0m[38;5;159m FPS.[0m
[38;5;159m[Genesis] [21:17:43] [INFO] Running at [38;5;121m3.99[0m[38;5;159m FPS.[0m
[38;5;159m[Genesis] [21:17:43] [INFO] Running at [38;5;121m2.25[0m[38;5;159m FPS.[0m
[38;5;159m[Genesis] [21:17:43] [INFO] Running at [38;5;121m14.30[0m[38;5;159m FPS.[0m
[38;5;159m[Genesis] [21:17:43] [INFO] Running at [38;5;121m3.96[0m[38;5;159m FPS.[0m
[38;5;159m[Genesis] [21:17:43] [INFO] Running at [38;5;121m2.81[0m[38;5;159m FPS.[0m
[38;5;159m[Genesis] [21:17:43] [INFO] Running at [38;5;121m12.63[0m[38;5;159m FPS.[0m
[38;5;159m[Genesis] [21:17:43] [INFO] Running at [38;5;121m2.30[0m[38;5;159m FPS.[0m
[38;5;159m[Genesis] [21:17:43] [INFO] Running at [38;5;121m4.17[0m[38;5;159m FPS.[0m
[38;5;159m[Genesis] [21:17:43] [INFO] Running at [38;5;121m13.25[0m[38;5;159m FPS.[0m
[38;5;159m[Genesis] [21:17:43] [INFO] Running at [38;5;121m2.96[0m[38;5;159m FPS.[0m
[38;5;159m[Genesis] [21:17:43] [INFO] Running at [38;5;121m2.42[0m[38;5;159m FPS.[0m
[38;5;159m[Genesis] [21:17:43] [INFO] Running at [38;5;121m4.38[0m[38;5;159m FPS.[0m
[38;5;159m[Genesis] [21:17:43] [INFO] Running at [38;5;121m13.90[0m[38;5;159m FPS.[0m
[38;5;159m[Genesis] [21:17:43] [INFO] Running at [38;5;121m3.11[0m[38;5;159m FPS.[0m
[38;5;159m[Genesis] [21:17:43] [INFO] Running at [38;5;121m2.54[0m[38;5;159m FPS.[0m
[38;5;159m[Genesis] [21:17:43] [INFO] Running at [38;5;121m4.61[0m[38;5;159m FPS.[0m
[38;5;159m[Genesis] [21:17:43] [INFO] Running at [38;5;121m3.27[0m[38;5;159m FPS.[0m
[38;5;159m[Genesis] [21:17:43] [INFO] Running at [38;5;121m14.40[0m[38;5;159m FPS.[0m
[38;5;159m[Genesis] [21:17:43] [INFO] Running at [38;5;121m2.67[0m[38;5;159m FPS.[0m
[38;5;159m[Genesis] [21:17:43] [INFO] Running at [38;5;121m4.76[0m[38;5;159m FPS.[0m
[38;5;159m[Genesis] [21:17:43] [INFO] Running at [38;5;121m3.40[0m[38;5;159m FPS.[0m
[38;5;159m[Genesis] [21:17:43] [INFO] Running at [38;5;121m14.22[0m[38;5;159m FPS.[0m
[38;5;159m[Genesis] [21:17:43] [INFO] Running at [38;5;121m2.76[0m[38;5;159m FPS.[0m
[38;5;159m[Genesis] [21:17:43] [INFO] Running at [38;5;121m12.09[0m[38;5;159m FPS.[0m
[38;5;159m[Genesis] [21:17:43] [INFO] Running at [38;5;121m4.61[0m[38;5;159m FPS.[0m
[38;5;159m[Genesis] [21:17:43] [INFO] Running at [38;5;121m3.37[0m[38;5;159m FPS.[0m
[38;5;159m[Genesis] [21:17:43] [INFO] Running at [38;5;121m2.79[0m[38;5;159m FPS.[0m
[38;5;159m[Genesis] [21:17:43] [INFO] Running at [38;5;121m12.68[0m[38;5;159m FPS.[0m
[38;5;159m[Genesis] [21:17:43] [INFO] Running at [38;5;121m4.85[0m[38;5;159m FPS.[0m
[38;5;159m[Genesis] [21:17:43] [INFO] Running at [38;5;121m3.55[0m[38;5;159m FPS.[0m
[38;5;159m[Genesis] [21:17:43] [INFO] Running at [38;5;121m2.94[0m[38;5;159m FPS.[0m
[38;5;159m[Genesis] [21:17:43] [INFO] Running at [38;5;121m5.09[0m[38;5;159m FPS.[0m
[38;5;159m[Genesis] [21:17:43] [INFO] Running at [38;5;121m13.30[0m[38;5;159m FPS.[0m
[38;5;159m[Genesis] [21:17:43] [INFO] Running at [38;5;121m3.73[0m[38;5;159m FPS.[0m
[38;5;159m[Genesis] [21:17:43] [INFO] Running at [38;5;121m3.09[0m[38;5;159m FPS.[0m
[38;5;159m[Genesis] [21:17:43] [INFO] Running at [38;5;121m3.92[0m[38;5;159m FPS.[0m
[38;5;159m[Genesis] [21:17:43] [INFO] Running at [38;5;121m5.34[0m[38;5;159m FPS.[0m
[38;5;159m[Genesis] [21:17:43] [INFO] Running at [38;5;121m13.82[0m[38;5;159m FPS.[0m
[38;5;159m[Genesis] [21:17:43] [INFO] Running at [38;5;121m3.24[0m[38;5;159m FPS.[0m
[38;5;159m[Genesis] [21:17:43] [INFO] Running at [38;5;121m5.51[0m[38;5;159m FPS.[0m
[38;5;159m[Genesis] [21:17:43] [INFO] Running at [38;5;121m13.83[0m[38;5;159m FPS.[0m
[38;5;159m[Genesis] [21:17:43] [INFO] Running at [38;5;121m4.05[0m[38;5;159m FPS.[0m
[38;5;159m[Genesis] [21:17:43] [INFO] Running at [38;5;121m3.35[0m[38;5;159m FPS.[0m
[38;5;159m[Genesis] [21:17:44] [INFO] Running at [38;5;121m5.29[0m[38;5;159m FPS.[0m
[38;5;159m[Genesis] [21:17:44] [INFO] Running at [38;5;121m11.72[0m[38;5;159m FPS.[0m
[38;5;159m[Genesis] [21:17:44] [INFO] Running at [38;5;121m3.99[0m[38;5;159m FPS.[0m
[38;5;159m[Genesis] [21:17:44] [INFO] Running at [38;5;121m3.35[0m[38;5;159m FPS.[0m
[38;5;159m[Genesis] [21:17:44] [INFO] Running at [38;5;121m5.56[0m[38;5;159m FPS.[0m
[38;5;159m[Genesis] [21:17:44] [INFO] Running at [38;5;121m12.30[0m[38;5;159m FPS.[0m
[38;5;159m[Genesis] [21:17:44] [INFO] Running at [38;5;121m4.19[0m[38;5;159m FPS.[0m
[38;5;159m[Genesis] [21:17:44] [INFO] Running at [38;5;121m3.52[0m[38;5;159m FPS.[0m
[38;5;159m[Genesis] [21:17:44] [INFO] Running at [38;5;121m5.84[0m[38;5;159m FPS.[0m
[38;5;159m[Genesis] [21:17:44] [INFO] Running at [38;5;121m12.90[0m[38;5;159m FPS.[0m
[38;5;159m[Genesis] [21:17:44] [INFO] Running at [38;5;121m4.41[0m[38;5;159m FPS.[0m
[38;5;159m[Genesis] [21:17:44] [INFO] Running at [38;5;121m3.71[0m[38;5;159m FPS.[0m
[38;5;159m[Genesis] [21:17:44] [INFO] Running at [38;5;121m6.13[0m[38;5;159m FPS.[0m
[38;5;159m[Genesis] [21:17:44] [INFO] Running at [38;5;121m3.89[0m[38;5;159m FPS.[0m
[38;5;159m[Genesis] [21:17:44] [INFO] Running at [38;5;121m4.62[0m[38;5;159m FPS.[0m
[38;5;159m[Genesis] [21:17:44] [INFO] Running at [38;5;121m13.38[0m[38;5;159m FPS.[0m
[38;5;159m[Genesis] [21:17:44] [INFO] Running at [38;5;121m6.29[0m[38;5;159m FPS.[0m
[38;5;159m[Genesis] [21:17:44] [INFO] Running at [38;5;121m13.42[0m[38;5;159m FPS.[0m
[38;5;159m[Genesis] [21:17:44] [INFO] Running at [38;5;121m4.03[0m[38;5;159m FPS.[0m
[38;5;159m[Genesis] [21:17:44] [INFO] Running at [38;5;121m4.77[0m[38;5;159m FPS.[0m
[38;5;159m[Genesis] [21:17:44] [INFO] Running at [38;5;121m6.01[0m[38;5;159m FPS.[0m
[38;5;159m[Genesis] [21:17:44] [INFO] Running at [38;5;121m11.64[0m[38;5;159m FPS.[0m
[38;5;159m[Genesis] [21:17:44] [INFO] Running at [38;5;121m3.99[0m[38;5;159m FPS.[0m
[38;5;159m[Genesis] [21:17:44] [INFO] Running at [38;5;121m4.68[0m[38;5;159m FPS.[0m
[38;5;159m[Genesis] [21:17:44] [INFO] Running at [38;5;121m6.32[0m[38;5;159m FPS.[0m
[38;5;159m[Genesis] [21:17:44] [INFO] Running at [38;5;121m12.21[0m[38;5;159m FPS.[0m
[38;5;159m[Genesis] [21:17:44] [INFO] Running at [38;5;121m4.19[0m[38;5;159m FPS.[0m
[38;5;159m[Genesis] [21:17:44] [INFO] Running at [38;5;121m4.92[0m[38;5;159m FPS.[0m
[38;5;159m[Genesis] [21:17:44] [INFO] Running at [38;5;121m6.64[0m[38;5;159m FPS.[0m
[38;5;159m[Genesis] [21:17:44] [INFO] Running at [38;5;121m12.81[0m[38;5;159m FPS.[0m
[38;5;159m[Genesis] [21:17:44] [INFO] Running at [38;5;121m4.41[0m[38;5;159m FPS.[0m
[38;5;159m[Genesis] [21:17:44] [INFO] Running at [38;5;121m5.17[0m[38;5;159m FPS.[0m
[38;5;159m[Genesis] [21:17:44] [INFO] Running at [38;5;121m5.41[0m[38;5;159m FPS.[0m
[38;5;159m[Genesis] [21:17:44] [INFO] Running at [38;5;121m6.94[0m[38;5;159m FPS.[0m
[38;5;159m[Genesis] [21:17:44] [INFO] Running at [38;5;121m13.29[0m[38;5;159m FPS.[0m
[38;5;159m[Genesis] [21:17:44] [INFO] Running at [38;5;121m4.61[0m[38;5;159m FPS.[0m
[38;5;159m[Genesis] [21:17:44] [INFO] Running at [38;5;121m7.15[0m[38;5;159m FPS.[0m
[38;5;159m[Genesis] [21:17:44] [INFO] Running at [38;5;121m4.77[0m[38;5;159m FPS.[0m
[38;5;159m[Genesis] [21:17:44] [INFO] Running at [38;5;121m5.56[0m[38;5;159m FPS.[0m
[38;5;159m[Genesis] [21:17:44] [INFO] Running at [38;5;121m13.10[0m[38;5;159m FPS.[0m
[38;5;159m[Genesis] [21:17:45] [INFO] Running at [38;5;121m11.26[0m[38;5;159m FPS.[0m
[38;5;159m[Genesis] [21:17:45] [INFO] Running at [38;5;121m4.62[0m[38;5;159m FPS.[0m
[38;5;159m[Genesis] [21:17:45] [INFO] Running at [38;5;121m6.62[0m[38;5;159m FPS.[0m
[38;5;159m[Genesis] [21:17:45] [INFO] Running at [38;5;121m5.32[0m[38;5;159m FPS.[0m
[38;5;159m[Genesis] [21:17:45] [INFO] Running at [38;5;121m11.81[0m[38;5;159m FPS.[0m
[38;5;159m[Genesis] [21:17:45] [INFO] Running at [38;5;121m6.95[0m[38;5;159m FPS.[0m
[38;5;159m[Genesis] [21:17:45] [INFO] Running at [38;5;121m4.86[0m[38;5;159m FPS.[0m
[38;5;159m[Genesis] [21:17:45] [INFO] Running at [38;5;121m5.60[0m[38;5;159m FPS.[0m
[38;5;159m[Genesis] [21:17:45] [INFO] Running at [38;5;121m12.39[0m[38;5;159m FPS.[0m
[38;5;159m[Genesis] [21:17:45] [INFO] Running at [38;5;121m7.30[0m[38;5;159m FPS.[0m
[38;5;159m[Genesis] [21:17:45] [INFO] Running at [38;5;121m5.88[0m[38;5;159m FPS.[0m
[38;5;159m[Genesis] [21:17:45] [INFO] Running at [38;5;121m5.10[0m[38;5;159m FPS.[0m
[38;5;159m[Genesis] [21:17:45] [INFO] Running at [38;5;121m12.95[0m[38;5;159m FPS.[0m
[38;5;159m[Genesis] [21:17:45] [INFO] Running at [38;5;121m6.16[0m[38;5;159m FPS.[0m
[38;5;159m[Genesis] [21:17:45] [INFO] Running at [38;5;121m7.64[0m[38;5;159m FPS.[0m
[38;5;159m[Genesis] [21:17:45] [INFO] Running at [38;5;121m5.34[0m[38;5;159m FPS.[0m
[38;5;159m[Genesis] [21:17:45] [INFO] Running at [38;5;121m7.80[0m[38;5;159m FPS.[0m
[38;5;159m[Genesis] [21:17:45] [INFO] Running at [38;5;121m5.49[0m[38;5;159m FPS.[0m
[38;5;159m[Genesis] [21:17:45] [INFO] Running at [38;5;121m6.29[0m[38;5;159m FPS.[0m
[38;5;159m[Genesis] [21:17:45] [INFO] Running at [38;5;121m12.73[0m[38;5;159m FPS.[0m
[38;5;159m[Genesis] [21:17:45] [INFO] Running at [38;5;121m7.20[0m[38;5;159m FPS.[0m
[38;5;159m[Genesis] [21:17:45] [INFO] Running at [38;5;121m5.98[0m[38;5;159m FPS.[0m
[38;5;159m[Genesis] [21:17:45] [INFO] Running at [38;5;121m11.02[0m[38;5;159m FPS.[0m
[38;5;159m[Genesis] [21:17:45] [INFO] Running at [38;5;121m5.28[0m[38;5;159m FPS.[0m
[38;5;159m[Genesis] [21:17:45] [INFO] Running at [38;5;121m7.56[0m[38;5;159m FPS.[0m
[38;5;159m[Genesis] [21:17:45] [INFO] Running at [38;5;121m6.28[0m[38;5;159m FPS.[0m
[38;5;159m[Genesis] [21:17:45] [INFO] Running at [38;5;121m11.56[0m[38;5;159m FPS.[0m
[38;5;159m[Genesis] [21:17:45] [INFO] Running at [38;5;121m5.55[0m[38;5;159m FPS.[0m
[38;5;159m[Genesis] [21:17:45] [INFO] Running at [38;5;121m7.94[0m[38;5;159m FPS.[0m
[38;5;159m[Genesis] [21:17:45] [INFO] Running at [38;5;121m6.60[0m[38;5;159m FPS.[0m
[38;5;159m[Genesis] [21:17:45] [INFO] Running at [38;5;121m12.13[0m[38;5;159m FPS.[0m
[38;5;159m[Genesis] [21:17:45] [INFO] Running at [38;5;121m5.83[0m[38;5;159m FPS.[0m
[38;5;159m[Genesis] [21:17:45] [INFO] Running at [38;5;121m6.90[0m[38;5;159m FPS.[0m
[38;5;159m[Genesis] [21:17:45] [INFO] Running at [38;5;121m8.29[0m[38;5;159m FPS.[0m
[38;5;159m[Genesis] [21:17:45] [INFO] Running at [38;5;121m12.61[0m[38;5;159m FPS.[0m
[38;5;159m[Genesis] [21:17:45] [INFO] Running at [38;5;121m6.09[0m[38;5;159m FPS.[0m
[38;5;159m[Genesis] [21:17:45] [INFO] Running at [38;5;121m7.11[0m[38;5;159m FPS.[0m
[38;5;159m[Genesis] [21:17:45] [INFO] Running at [38;5;121m12.67[0m[38;5;159m FPS.[0m
[38;5;159m[Genesis] [21:17:45] [INFO] Running at [38;5;121m8.44[0m[38;5;159m FPS.[0m
[38;5;159m[Genesis] [21:17:45] [INFO] Running at [38;5;121m6.24[0m[38;5;159m FPS.[0m
[38;5;159m[Genesis] [21:17:45] [INFO] Running at [38;5;121m7.88[0m[38;5;159m FPS.[0m
[38;5;159m[Genesis] [21:17:45] [INFO] Running at [38;5;121m11.16[0m[38;5;159m FPS.[0m
[38;5;159m[Genesis] [21:17:45] [INFO] Running at [38;5;121m6.03[0m[38;5;159m FPS.[0m
[38;5;159m[Genesis] [21:17:45] [INFO] Running at [38;5;121m6.71[0m[38;5;159m FPS.[0m
[38;5;159m[Genesis] [21:17:45] [INFO] Running at [38;5;121m8.28[0m[38;5;159m FPS.[0m
[38;5;159m[Genesis] [21:17:45] [INFO] Running at [38;5;121m11.71[0m[38;5;159m FPS.[0m
[38;5;159m[Genesis] [21:17:45] [INFO] Running at [38;5;121m6.33[0m[38;5;159m FPS.[0m
[38;5;159m[Genesis] [21:17:45] [INFO] Running at [38;5;121m7.05[0m[38;5;159m FPS.[0m
[38;5;159m[Genesis] [21:17:45] [INFO] Running at [38;5;121m8.69[0m[38;5;159m FPS.[0m
[38;5;159m[Genesis] [21:17:45] [INFO] Running at [38;5;121m12.28[0m[38;5;159m FPS.[0m
[38;5;159m[Genesis] [21:17:45] [INFO] Running at [38;5;121m7.41[0m[38;5;159m FPS.[0m
[38;5;159m[Genesis] [21:17:45] [INFO] Running at [38;5;121m6.65[0m[38;5;159m FPS.[0m
[38;5;159m[Genesis] [21:17:45] [INFO] Running at [38;5;121m9.10[0m[38;5;159m FPS.[0m
[38;5;159m[Genesis] [21:17:45] [INFO] Running at [38;5;121m12.82[0m[38;5;159m FPS.[0m
[38;5;159m[Genesis] [21:17:45] [INFO] Running at [38;5;121m7.75[0m[38;5;159m FPS.[0m
[38;5;159m[Genesis] [21:17:45] [INFO] Running at [38;5;121m6.95[0m[38;5;159m FPS.[0m
[38;5;159m[Genesis] [21:17:46] [INFO] Running at [38;5;121m9.31[0m[38;5;159m FPS.[0m
[38;5;159m[Genesis] [21:17:46] [INFO] Running at [38;5;121m7.93[0m[38;5;159m FPS.[0m
[38;5;159m[Genesis] [21:17:46] [INFO] Running at [38;5;121m12.75[0m[38;5;159m FPS.[0m
[38;5;159m[Genesis] [21:17:46] [INFO] Running at [38;5;121m7.08[0m[38;5;159m FPS.[0m
[38;5;159m[Genesis] [21:17:46] [INFO] Running at [38;5;121m11.12[0m[38;5;159m FPS.[0m
[38;5;159m[Genesis] [21:17:46] [INFO] Running at [38;5;121m8.41[0m[38;5;159m FPS.[0m
[38;5;159m[Genesis] [21:17:46] [INFO] Running at [38;5;121m7.36[0m[38;5;159m FPS.[0m
[38;5;159m[Genesis] [21:17:46] [INFO] Running at [38;5;121m6.71[0m[38;5;159m FPS.[0m
[38;5;159m[Genesis] [21:17:46] [INFO] Running at [38;5;121m11.66[0m[38;5;159m FPS.[0m
[38;5;159m[Genesis] [21:17:46] [INFO] Running at [38;5;121m8.83[0m[38;5;159m FPS.[0m
[38;5;159m[Genesis] [21:17:46] [INFO] Running at [38;5;121m7.73[0m[38;5;159m FPS.[0m
[38;5;159m[Genesis] [21:17:46] [INFO] Running at [38;5;121m7.05[0m[38;5;159m FPS.[0m
[38;5;159m[Genesis] [21:17:46] [INFO] Running at [38;5;121m12.24[0m[38;5;159m FPS.[0m
[38;5;159m[Genesis] [21:17:46] [INFO] Running at [38;5;121m9.27[0m[38;5;159m FPS.[0m
[38;5;159m[Genesis] [21:17:46] [INFO] Running at [38;5;121m8.12[0m[38;5;159m FPS.[0m
[38;5;159m[Genesis] [21:17:46] [INFO] Running at [38;5;121m7.41[0m[38;5;159m FPS.[0m
[38;5;159m[Genesis] [21:17:46] [INFO] Running at [38;5;121m9.72[0m[38;5;159m FPS.[0m
[38;5;159m[Genesis] [21:17:46] [INFO] Running at [38;5;121m8.49[0m[38;5;159m FPS.[0m
[38;5;159m[Genesis] [21:17:46] [INFO] Running at [38;5;121m12.72[0m[38;5;159m FPS.[0m
[38;5;159m[Genesis] [21:17:46] [INFO] Running at [38;5;121m7.73[0m[38;5;159m FPS.[0m
[38;5;159m[Genesis] [21:17:46] [INFO] Running at [38;5;121m8.70[0m[38;5;159m FPS.[0m
[38;5;159m[Genesis] [21:17:46] [INFO] Running at [38;5;121m9.88[0m[38;5;159m FPS.[0m
[38;5;159m[Genesis] [21:17:46] [INFO] Running at [38;5;121m12.65[0m[38;5;159m FPS.[0m
[38;5;159m[Genesis] [21:17:46] [INFO] Running at [38;5;121m7.84[0m[38;5;159m FPS.[0m
[38;5;159m[Genesis] [21:17:46] [INFO] Running at [38;5;121m9.02[0m[38;5;159m FPS.[0m
[38;5;159m[Genesis] [21:17:46] [INFO] Running at [38;5;121m11.31[0m[38;5;159m FPS.[0m
[38;5;159m[Genesis] [21:17:46] [INFO] Running at [38;5;121m7.46[0m[38;5;159m FPS.[0m
[38;5;159m[Genesis] [21:17:46] [INFO] Running at [38;5;121m8.06[0m[38;5;159m FPS.[0m
[38;5;159m[Genesis] [21:17:46] [INFO] Running at [38;5;121m9.47[0m[38;5;159m FPS.[0m
[38;5;159m[Genesis] [21:17:46] [INFO] Running at [38;5;121m11.87[0m[38;5;159m FPS.[0m
[38;5;159m[Genesis] [21:17:46] [INFO] Running at [38;5;121m7.84[0m[38;5;159m FPS.[0m
[38;5;159m[Genesis] [21:17:46] [INFO] Running at [38;5;121m8.47[0m[38;5;159m FPS.[0m
[38;5;159m[Genesis] [21:17:46] [INFO] Running at [38;5;121m9.94[0m[38;5;159m FPS.[0m
[38;5;159m[Genesis] [21:17:46] [INFO] Running at [38;5;121m12.45[0m[38;5;159m FPS.[0m
[38;5;159m[Genesis] [21:17:46] [INFO] Running at [38;5;121m8.23[0m[38;5;159m FPS.[0m
[38;5;159m[Genesis] [21:17:46] [INFO] Running at [38;5;121m8.89[0m[38;5;159m FPS.[0m
[38;5;159m[Genesis] [21:17:46] [INFO] Running at [38;5;121m10.41[0m[38;5;159m FPS.[0m
[38;5;159m[Genesis] [21:17:46] [INFO] Running at [38;5;121m9.29[0m[38;5;159m FPS.[0m
[38;5;159m[Genesis] [21:17:46] [INFO] Running at [38;5;121m12.92[0m[38;5;159m FPS.[0m
[38;5;159m[Genesis] [21:17:46] [INFO] Running at [38;5;121m8.58[0m[38;5;159m FPS.[0m
[38;5;159m[Genesis] [21:17:46] [INFO] Running at [38;5;121m10.60[0m[38;5;159m FPS.[0m
[38;5;159m[Genesis] [21:17:46] [INFO] Running at [38;5;121m9.46[0m[38;5;159m FPS.[0m
[38;5;159m[Genesis] [21:17:46] [INFO] Running at [38;5;121m8.75[0m[38;5;159m FPS.[0m
[38;5;159m[Genesis] [21:17:46] [INFO] Running at [38;5;121m12.84[0m[38;5;159m FPS.[0m
[38;5;159m[Genesis] [21:17:47] [INFO] Running at [38;5;121m9.66[0m[38;5;159m FPS.[0m
[38;5;159m[Genesis] [21:17:47] [INFO] Running at [38;5;121m11.63[0m[38;5;159m FPS.[0m
[38;5;159m[Genesis] [21:17:47] [INFO] Running at [38;5;121m8.24[0m[38;5;159m FPS.[0m
[38;5;159m[Genesis] [21:17:47] [INFO] Running at [38;5;121m8.80[0m[38;5;159m FPS.[0m
[38;5;159m[Genesis] [21:17:47] [INFO] Running at [38;5;121m10.14[0m[38;5;159m FPS.[0m
[38;5;159m[Genesis] [21:17:47] [INFO] Running at [38;5;121m12.20[0m[38;5;159m FPS.[0m
[38;5;159m[Genesis] [21:17:47] [INFO] Running at [38;5;121m8.65[0m[38;5;159m FPS.[0m
[38;5;159m[Genesis] [21:17:47] [INFO] Running at [38;5;121m9.24[0m[38;5;159m FPS.[0m
[38;5;159m[Genesis] [21:17:47] [INFO] Running at [38;5;121m10.64[0m[38;5;159m FPS.[0m
[38;5;159m[Genesis] [21:17:47] [INFO] Running at [38;5;121m12.80[0m[38;5;159m FPS.[0m
[38;5;159m[Genesis] [21:17:47] [INFO] Running at [38;5;121m9.09[0m[38;5;159m FPS.[0m
[38;5;159m[Genesis] [21:17:47] [INFO] Running at [38;5;121m9.70[0m[38;5;159m FPS.[0m
[38;5;159m[Genesis] [21:17:47] [INFO] Running at [38;5;121m11.14[0m[38;5;159m FPS.[0m
[38;5;159m[Genesis] [21:17:47] [INFO] Running at [38;5;121m13.36[0m[38;5;159m FPS.[0m
[38;5;159m[Genesis] [21:17:47] [INFO] Running at [38;5;121m9.50[0m[38;5;159m FPS.[0m
[38;5;159m[Genesis] [21:17:47] [INFO] Running at [38;5;121m10.12[0m[38;5;159m FPS.[0m
[38;5;159m[Genesis] [21:17:47] [INFO] Running at [38;5;121m11.32[0m[38;5;159m FPS.[0m
[38;5;159m[Genesis] [21:17:47] [INFO] Running at [38;5;121m9.66[0m[38;5;159m FPS.[0m
[38;5;159m[Genesis] [21:17:47] [INFO] Running at [38;5;121m13.33[0m[38;5;159m FPS.[0m
[38;5;159m[Genesis] [21:17:47] [INFO] Running at [38;5;121m10.10[0m[38;5;159m FPS.[0m
[38;5;159m[Genesis] [21:17:47] [INFO] Running at [38;5;121m10.21[0m[38;5;159m FPS.[0m
[38;5;159m[Genesis] [21:17:47] [INFO] Running at [38;5;121m9.47[0m[38;5;159m FPS.[0m
[38;5;159m[Genesis] [21:17:47] [INFO] Running at [38;5;121m8.95[0m[38;5;159m FPS.[0m
[38;5;159m[Genesis] [21:17:47] [INFO] Running at [38;5;121m11.86[0m[38;5;159m FPS.[0m
[38;5;159m[Genesis] [21:17:47] [INFO] Running at [38;5;121m10.71[0m[38;5;159m FPS.[0m
[38;5;159m[Genesis] [21:17:47] [INFO] Running at [38;5;121m9.94[0m[38;5;159m FPS.[0m
[38;5;159m[Genesis] [21:17:47] [INFO] Running at [38;5;121m9.40[0m[38;5;159m FPS.[0m
[38;5;159m[Genesis] [21:17:47] [INFO] Running at [38;5;121m12.44[0m[38;5;159m FPS.[0m
[38;5;159m[Genesis] [21:17:47] [INFO] Running at [38;5;121m11.24[0m[38;5;159m FPS.[0m
[38;5;159m[Genesis] [21:17:47] [INFO] Running at [38;5;121m9.87[0m[38;5;159m FPS.[0m
[38;5;159m[Genesis] [21:17:47] [INFO] Running at [38;5;121m13.04[0m[38;5;159m FPS.[0m
[38;5;159m[Genesis] [21:17:47] [INFO] Running at [38;5;121m10.43[0m[38;5;159m FPS.[0m
[38;5;159m[Genesis] [21:17:47] [INFO] Running at [38;5;121m11.74[0m[38;5;159m FPS.[0m
[38;5;159m[Genesis] [21:17:47] [INFO] Running at [38;5;121m13.59[0m[38;5;159m FPS.[0m
[38;5;159m[Genesis] [21:17:47] [INFO] Running at [38;5;121m10.29[0m[38;5;159m FPS.[0m
[38;5;159m[Genesis] [21:17:47] [INFO] Running at [38;5;121m10.87[0m[38;5;159m FPS.[0m
[38;5;159m[Genesis] [21:17:47] [INFO] Running at [38;5;121m10.45[0m[38;5;159m FPS.[0m
[38;5;159m[Genesis] [21:17:47] [INFO] Running at [38;5;121m13.55[0m[38;5;159m FPS.[0m
[38;5;159m[Genesis] [21:17:47] [INFO] Running at [38;5;121m10.89[0m[38;5;159m FPS.[0m
[38;5;159m[Genesis] [21:17:47] [INFO] Running at [38;5;121m11.68[0m[38;5;159m FPS.[0m
[38;5;159m[Genesis] [21:17:47] [INFO] Running at [38;5;121m10.62[0m[38;5;159m FPS.[0m
[38;5;159m[Genesis] [21:17:47] [INFO] Running at [38;5;121m11.95[0m[38;5;159m FPS.[0m
[38;5;159m[Genesis] [21:17:47] [INFO] Running at [38;5;121m9.54[0m[38;5;159m FPS.[0m
[38;5;159m[Genesis] [21:17:47] [INFO] Running at [38;5;121m9.99[0m[38;5;159m FPS.[0m
[38;5;159m[Genesis] [21:17:47] [INFO] Running at [38;5;121m11.14[0m[38;5;159m FPS.[0m
[38;5;159m[Genesis] [21:17:47] [INFO] Running at [38;5;121m12.53[0m[38;5;159m FPS.[0m
[38;5;159m[Genesis] [21:17:47] [INFO] Running at [38;5;121m10.01[0m[38;5;159m FPS.[0m
[38;5;159m[Genesis] [21:17:47] [INFO] Running at [38;5;121m10.48[0m[38;5;159m FPS.[0m
[38;5;159m[Genesis] [21:17:47] [INFO] Running at [38;5;121m11.69[0m[38;5;159m FPS.[0m
[38;5;159m[Genesis] [21:17:47] [INFO] Running at [38;5;121m13.14[0m[38;5;159m FPS.[0m
[38;5;159m[Genesis] [21:17:47] [INFO] Running at [38;5;121m10.50[0m[38;5;159m FPS.[0m
[38;5;159m[Genesis] [21:17:47] [INFO] Running at [38;5;121m11.00[0m[38;5;159m FPS.[0m
[38;5;159m[Genesis] [21:17:47] [INFO] Running at [38;5;121m11.52[0m[38;5;159m FPS.[0m
[38;5;159m[Genesis] [21:17:47] [INFO] Running at [38;5;121m12.23[0m[38;5;159m FPS.[0m
[38;5;159m[Genesis] [21:17:47] [INFO] Running at [38;5;121m13.72[0m[38;5;159m FPS.[0m
[38;5;159m[Genesis] [21:17:47] [INFO] Running at [38;5;121m10.97[0m[38;5;159m FPS.[0m
[38;5;159m[Genesis] [21:17:47] [INFO] Running at [38;5;121m11.70[0m[38;5;159m FPS.[0m
[38;5;159m[Genesis] [21:17:47] [INFO] Running at [38;5;121m12.38[0m[38;5;159m FPS.[0m
[38;5;159m[Genesis] [21:17:47] [INFO] Running at [38;5;121m11.11[0m[38;5;159m FPS.[0m
[38;5;159m[Genesis] [21:17:47] [INFO] Running at [38;5;121m13.68[0m[38;5;159m FPS.[0m
[38;5;159m[Genesis] [21:17:48] [INFO] Running at [38;5;121m11.18[0m[38;5;159m FPS.[0m
[38;5;159m[Genesis] [21:17:48] [INFO] Running at [38;5;121m12.31[0m[38;5;159m FPS.[0m
[38;5;159m[Genesis] [21:17:48] [INFO] Running at [38;5;121m10.24[0m[38;5;159m FPS.[0m
[38;5;159m[Genesis] [21:17:48] [INFO] Running at [38;5;121m10.63[0m[38;5;159m FPS.[0m
[38;5;159m[Genesis] [21:17:48] [INFO] Running at [38;5;121m11.73[0m[38;5;159m FPS.[0m
[38;5;159m[Genesis] [21:17:48] [INFO] Running at [38;5;121m12.91[0m[38;5;159m FPS.[0m
[38;5;159m[Genesis] [21:17:48] [INFO] Running at [38;5;121m10.75[0m[38;5;159m FPS.[0m
[38;5;159m[Genesis] [21:17:48] [INFO] Running at [38;5;121m11.16[0m[38;5;159m FPS.[0m
[38;5;159m[Genesis] [21:17:48] [INFO] Running at [38;5;121m12.31[0m[38;5;159m FPS.[0m
[38;5;159m[Genesis] [21:17:48] [INFO] Running at [38;5;121m13.53[0m[38;5;159m FPS.[0m
[38;5;159m[Genesis] [21:17:48] [INFO] Running at [38;5;121m11.27[0m[38;5;159m FPS.[0m
[38;5;159m[Genesis] [21:17:48] [INFO] Running at [38;5;121m11.71[0m[38;5;159m FPS.[0m
[38;5;159m[Genesis] [21:17:48] [INFO] Running at [38;5;121m12.91[0m[38;5;159m FPS.[0m
[38;5;159m[Genesis] [21:17:48] [INFO] Running at [38;5;121m12.26[0m[38;5;159m FPS.[0m
[38;5;159m[Genesis] [21:17:48] [INFO] Running at [38;5;121m14.12[0m[38;5;159m FPS.[0m
[38;5;159m[Genesis] [21:17:48] [INFO] Running at [38;5;121m11.77[0m[38;5;159m FPS.[0m
[38;5;159m[Genesis] [21:17:48] [INFO] Running at [38;5;121m12.41[0m[38;5;159m FPS.[0m
[38;5;159m[Genesis] [21:17:48] [INFO] Running at [38;5;121m13.01[0m[38;5;159m FPS.[0m
[38;5;159m[Genesis] [21:17:48] [INFO] Running at [38;5;121m11.94[0m[38;5;159m FPS.[0m
[38;5;159m[Genesis] [21:17:48] [INFO] Running at [38;5;121m14.13[0m[38;5;159m FPS.[0m
[38;5;159m[Genesis] [21:17:48] [INFO] Running at [38;5;121m11.69[0m[38;5;159m FPS.[0m
[38;5;159m[Genesis] [21:17:48] [INFO] Running at [38;5;121m12.63[0m[38;5;159m FPS.[0m
[38;5;159m[Genesis] [21:17:48] [INFO] Running at [38;5;121m10.88[0m[38;5;159m FPS.[0m
[38;5;159m[Genesis] [21:17:48] [INFO] Running at [38;5;121m11.22[0m[38;5;159m FPS.[0m
[38;5;159m[Genesis] [21:17:48] [INFO] Running at [38;5;121m12.26[0m[38;5;159m FPS.[0m
[38;5;159m[Genesis] [21:17:48] [INFO] Running at [38;5;121m13.24[0m[38;5;159m FPS.[0m
[38;5;159m[Genesis] [21:17:48] [INFO] Running at [38;5;121m11.42[0m[38;5;159m FPS.[0m
[38;5;159m[Genesis] [21:17:48] [INFO] Running at [38;5;121m11.77[0m[38;5;159m FPS.[0m
[38;5;159m[Genesis] [21:17:48] [INFO] Running at [38;5;121m12.86[0m[38;5;159m FPS.[0m
[38;5;159m[Genesis] [21:17:48] [INFO] Running at [38;5;121m13.89[0m[38;5;159m FPS.[0m
[38;5;159m[Genesis] [21:17:48] [INFO] Running at [38;5;121m11.98[0m[38;5;159m FPS.[0m
[38;5;159m[Genesis] [21:17:48] [INFO] Running at [38;5;121m12.35[0m[38;5;159m FPS.[0m
[38;5;159m[Genesis] [21:17:48] [INFO] Running at [38;5;121m13.49[0m[38;5;159m FPS.[0m
[38;5;159m[Genesis] [21:17:48] [INFO] Running at [38;5;121m12.56[0m[38;5;159m FPS.[0m
[38;5;159m[Genesis] [21:17:48] [INFO] Running at [38;5;121m12.93[0m[38;5;159m FPS.[0m
[38;5;159m[Genesis] [21:17:48] [INFO] Running at [38;5;121m14.49[0m[38;5;159m FPS.[0m
[38;5;159m[Genesis] [21:17:48] [INFO] Running at [38;5;121m13.73[0m[38;5;159m FPS.[0m
[38;5;159m[Genesis] [21:17:48] [INFO] Running at [38;5;121m14.57[0m[38;5;159m FPS.[0m
[38;5;159m[Genesis] [21:17:48] [INFO] Running at [38;5;121m12.64[0m[38;5;159m FPS.[0m
[38;5;159m[Genesis] [21:17:48] [INFO] Running at [38;5;121m12.92[0m[38;5;159m FPS.[0m
[38;5;159m[Genesis] [21:17:49] [INFO] Scene [38;5;121m[3m<1bba44e>[0m[38;5;159m created.[0m
[38;5;159m[Genesis] [21:17:49] [INFO] Adding [38;5;121m<gs.RigidEntity>[0m[38;5;159m. idx: [38;5;121m0[0m[38;5;159m, uid: [38;5;121m[3m<2463e09>[0m[38;5;159m, morph: [38;5;121m<gs.morphs.Plane>[0m[38;5;159m, material: [38;5;121m<gs.materials.Rigid>[0m[38;5;159m.[0m
[38;5;159m[Genesis] [21:17:49] [INFO] Adding [38;5;121m<gs.RigidEntity>[0m[38;5;159m. idx: [38;5;121m1[0m[38;5;159m, uid: [38;5;121m[3m<942687c>[0m[38;5;159m, morph: [38;5;121m<gs.morphs.URDF(file='/home/jkoba/SynologyDrive/genesis_humanoid_rl/assets/robots/g1/g1_29dof.urdf')>[0m[38;5;159m, material: [38;5;121m<gs.materials.Rigid>[0m[38;5;159m.[0m
[38;5;159m[Genesis] [21:17:50] [INFO] Building scene [38;5;121m[3m<1bba44e>[0m[38;5;159m...[0m
[38;5;159m[Genesis] [21:17:59] [INFO] Compiling simulation kernels...[0m
[38;5;159m[Genesis] [21:18:32] [INFO] Building visualizer...[0m
[38;5;159m[Genesis] [21:18:33] [INFO] Running at [38;5;121m144.02[0m[38;5;159m FPS.[0m
[38;5;159m[Genesis] [21:18:33] [INFO] Running at [38;5;121m146.38[0m[38;5;159m FPS.[0m
[38;5;159m[Genesis] [21:18:33] [INFO] Running at [38;5;121m148.61[0m[38;5;159m FPS.[0m
[38;5;159m[Genesis] [21:18:33] [INFO] Running at [38;5;121m150.88[0m[38;5;159m FPS.[0m
[38;5;159m[Genesis] [21:18:33] [INFO] Running at [38;5;121m153.05[0m[38;5;159m FPS.[0m
[38;5;159m[Genesis] [21:18:33] [INFO] Running at [38;5;121m155.25[0m[38;5;159m FPS.[0m
[38;5;159m[Genesis] [21:18:33] [INFO] Running at [38;5;121m150.85[0m[38;5;159m FPS.[0m
[38;5;159m[Genesis] [21:18:33] [INFO] Running at [38;5;121m146.54[0m[38;5;159m FPS.[0m
[38;5;159m[Genesis] [21:18:33] [INFO] Running at [38;5;121m142.64[0m[38;5;159m FPS.[0m
[38;5;159m[Genesis] [21:18:33] [INFO] Running at [38;5;121m139.13[0m[38;5;159m FPS.[0m
[38;5;159m[Genesis] [21:18:33] [INFO] Running at [38;5;121m0.43[0m[38;5;159m FPS.[0m
[38;5;159m[Genesis] [21:18:33] [INFO] Running at [38;5;121m0.43[0m[38;5;159m FPS.[0m
[38;5;159m[Genesis] [21:18:33] [INFO] Running at [38;5;121m0.43[0m[38;5;159m FPS.[0m
[38;5;159m[Genesis] [21:18:33] [INFO] Running at [38;5;121m0.46[0m[38;5;159m FPS.[0m
[38;5;159m[Genesis] [21:18:33] [INFO] Running at [38;5;121m0.46[0m[38;5;159m FPS.[0m
[38;5;159m[Genesis] [21:18:33] [INFO] Running at [38;5;121m0.46[0m[38;5;159m FPS.[0m
[38;5;159m[Genesis] [21:18:33] [INFO] Running at [38;5;121m0.48[0m[38;5;159m FPS.[0m
[38;5;159m[Genesis] [21:18:33] [INFO] Running at [38;5;121m0.48[0m[38;5;159m FPS.[0m
[38;5;159m[Genesis] [21:18:33] [INFO] Running at [38;5;121m0.48[0m[38;5;159m FPS.[0m
[38;5;159m[Genesis] [21:18:33] [INFO] Running at [38;5;121m0.50[0m[38;5;159m FPS.[0m
[38;5;159m[Genesis] [21:18:33] [INFO] Running at [38;5;121m0.51[0m[38;5;159m FPS.[0m
[38;5;159m[Genesis] [21:18:33] [INFO] Running at [38;5;121m0.50[0m[38;5;159m FPS.[0m
[38;5;159m[Genesis] [21:18:33] [INFO] Running at [38;5;121m56.65[0m[38;5;159m FPS.[0m
[38;5;159m[Genesis] [21:18:33] [INFO] Running at [38;5;121m58.75[0m[38;5;159m FPS.[0m
[38;5;159m[Genesis] [21:18:33] [INFO] Running at [38;5;121m60.90[0m[38;5;159m FPS.[0m
[38;5;159m[Genesis] [21:18:33] [INFO] Running at [38;5;121m62.32[0m[38;5;159m FPS.[0m
[38;5;159m[Genesis] [21:18:33] [INFO] Running at [38;5;121m0.53[0m[38;5;159m FPS.[0m
[38;5;159m[Genesis] [21:18:33] [INFO] Running at [38;5;121m0.53[0m[38;5;159m FPS.[0m
[38;5;159m[Genesis] [21:18:33] [INFO] Running at [38;5;121m57.16[0m[38;5;159m FPS.[0m
[38;5;159m[Genesis] [21:18:33] [INFO] Running at [38;5;121m0.53[0m[38;5;159m FPS.[0m
[38;5;159m[Genesis] [21:18:33] [INFO] Scene [38;5;121m[3m<aa7ef13>[0m[38;5;159m created.[0m
[38;5;159m[Genesis] [21:18:33] [INFO] Adding [38;5;121m<gs.RigidEntity>[0m[38;5;159m. idx: [38;5;121m0[0m[38;5;159m, uid: [38;5;121m[3m<7d18c3a>[0m[38;5;159m, morph: [38;5;121m<gs.morphs.Plane>[0m[38;5;159m, material: [38;5;121m<gs.materials.Rigid>[0m[38;5;159m.[0m
[38;5;159m[Genesis] [21:18:33] [INFO] Adding [38;5;121m<gs.RigidEntity>[0m[38;5;159m. idx: [38;5;121m1[0m[38;5;159m, uid: [38;5;121m[3m<de2e818>[0m[38;5;159m, morph: [38;5;121m<gs.morphs.URDF(file='/home/jkoba/SynologyDrive/genesis_humanoid_rl/assets/robots/g1/g1_29dof.urdf')>[0m[38;5;159m, material: [38;5;121m<gs.materials.Rigid>[0m[38;5;159m.[0m
[38;5;159m[Genesis] [21:18:35] [INFO] Building scene [38;5;121m[3m<aa7ef13>[0m[38;5;159m...[0m
[38;5;159m[Genesis] [21:18:43] [INFO] Compiling simulation kernels...[0m
[38;5;159m[Genesis] [21:19:17] [INFO] Building visualizer...[0m
[38;5;159m[Genesis] [21:19:17] [INFO] Running at [38;5;121m147.17[0m[38;5;159m FPS.[0m
[38;5;159m[Genesis] [21:19:17] [INFO] Running at [38;5;121m149.44[0m[38;5;159m FPS.[0m
[38;5;159m[Genesis] [21:19:17] [INFO] Running at [38;5;121m151.53[0m[38;5;159m FPS.[0m
[38;5;159m[Genesis] [21:19:17] [INFO] Running at [38;5;121m153.72[0m[38;5;159m FPS.[0m
[38;5;159m[Genesis] [21:19:17] [INFO] Running at [38;5;121m155.75[0m[38;5;159m FPS.[0m
[38;5;159m[Genesis] [21:19:17] [INFO] Running at [38;5;121m157.83[0m[38;5;159m FPS.[0m
[38;5;159m[Genesis] [21:19:17] [INFO] Running at [38;5;121m153.51[0m[38;5;159m FPS.[0m
[38;5;159m[Genesis] [21:19:17] [INFO] Running at [38;5;121m148.92[0m[38;5;159m FPS.[0m
[38;5;159m[Genesis] [21:19:17] [INFO] Running at [38;5;121m144.77[0m[38;5;159m FPS.[0m
[38;5;159m[Genesis] [21:19:17] [INFO] Running at [38;5;121m141.04[0m[38;5;159m FPS.[0m
[38;5;159m[Genesis] [21:19:17] [INFO] Running at [38;5;121m0.25[0m[38;5;159m FPS.[0m
[38;5;159m[Genesis] [21:19:17] [INFO] Running at [38;5;121m0.25[0m[38;5;159m FPS.[0m
[38;5;159m[Genesis] [21:19:17] [INFO] Running at [38;5;121m0.45[0m[38;5;159m FPS.[0m
[38;5;159m[Genesis] [21:19:17] [INFO] Running at [38;5;121m0.26[0m[38;5;159m FPS.[0m
[38;5;159m[Genesis] [21:19:17] [INFO] Running at [38;5;121m0.47[0m[38;5;159m FPS.[0m
[38;5;159m[Genesis] [21:19:17] [INFO] Running at [38;5;121m0.26[0m[38;5;159m FPS.[0m
[38;5;159m[Genesis] [21:19:17] [INFO] Running at [38;5;121m0.28[0m[38;5;159m FPS.[0m
[38;5;159m[Genesis] [21:19:17] [INFO] Running at [38;5;121m0.50[0m[38;5;159m FPS.[0m
[38;5;159m[Genesis] [21:19:17] [INFO] Running at [38;5;121m0.28[0m[38;5;159m FPS.[0m
[38;5;159m[Genesis] [21:19:17] [INFO] Running at [38;5;121m0.29[0m[38;5;159m FPS.[0m
[38;5;159m[Genesis] [21:19:17] [INFO] Running at [38;5;121m0.52[0m[38;5;159m FPS.[0m
[38;5;159m[Genesis] [21:19:17] [INFO] Running at [38;5;121m0.29[0m[38;5;159m FPS.[0m
[38;5;159m[Genesis] [21:19:17] [INFO] Running at [38;5;121m58.87[0m[38;5;159m FPS.[0m
[38;5;159m[Genesis] [21:19:17] [INFO] Running at [38;5;121m0.55[0m[38;5;159m FPS.[0m
[38;5;159m[Genesis] [21:19:17] [INFO] Running at [38;5;121m61.01[0m[38;5;159m FPS.[0m
[38;5;159m[Genesis] [21:19:17] [INFO] Running at [38;5;121m63.18[0m[38;5;159m FPS.[0m
[38;5;159m[Genesis] [21:19:17] [INFO] Running at [38;5;121m65.42[0m[38;5;159m FPS.[0m
[38;5;159m[Genesis] [21:19:17] [INFO] Running at [38;5;121m0.31[0m[38;5;159m FPS.[0m
[38;5;159m[Genesis] [21:19:17] [INFO] Running at [38;5;121m0.31[0m[38;5;159m FPS.[0m
[38;5;159m[Genesis] [21:19:17] [INFO] Running at [38;5;121m60.69[0m[38;5;159m FPS.[0m
[38;5;159m[Genesis] [21:19:18] [INFO] Running at [38;5;121m40.41[0m[38;5;159m FPS.[0m
[38;5;159m[Genesis] [21:19:18] [INFO] Running at [38;5;121m0.32[0m[38;5;159m FPS.[0m
[38;5;159m[Genesis] [21:19:18] [INFO] Running at [38;5;121m0.57[0m[38;5;159m FPS.[0m
[38;5;159m[Genesis] [21:19:18] [INFO] Running at [38;5;121m0.32[0m[38;5;159m FPS.[0m
[38;5;159m[Genesis] [21:19:18] [INFO] Running at [38;5;121m42.09[0m[38;5;159m FPS.[0m
[38;5;159m[Genesis] [21:19:18] [INFO] Running at [38;5;121m0.60[0m[38;5;159m FPS.[0m
[38;5;159m[Genesis] [21:19:18] [INFO] Running at [38;5;121m0.34[0m[38;5;159m FPS.[0m
[38;5;159m[Genesis] [21:19:18] [INFO] Running at [38;5;121m0.34[0m[38;5;159m FPS.[0m
[38;5;159m[Genesis] [21:19:18] [INFO] Running at [38;5;121m43.81[0m[38;5;159m FPS.[0m
[38;5;159m[Genesis] [21:19:18] [INFO] Running at [38;5;121m0.36[0m[38;5;159m FPS.[0m
[38;5;159m[Genesis] [21:19:18] [INFO] Running at [38;5;121m0.36[0m[38;5;159m FPS.[0m
[38;5;159m[Genesis] [21:19:18] [INFO] Running at [38;5;121m0.63[0m[38;5;159m FPS.[0m
[38;5;159m[Genesis] [21:19:18] [INFO] Running at [38;5;121m45.58[0m[38;5;159m FPS.[0m
[38;5;159m[Genesis] [21:19:18] [INFO] Running at [38;5;121m0.67[0m[38;5;159m FPS.[0m
[38;5;159m[Genesis] [21:19:18] [INFO] Running at [38;5;121m0.37[0m[38;5;159m FPS.[0m
[38;5;159m[Genesis] [21:19:18] [INFO] Running at [38;5;121m0.37[0m[38;5;159m FPS.[0m
[38;5;159m[Genesis] [21:19:18] [INFO] Running at [38;5;121m44.46[0m[38;5;159m FPS.[0m
[38;5;159m[Genesis] [21:19:18] [INFO] Running at [38;5;121m0.70[0m[38;5;159m FPS.[0m
[38;5;159m[Genesis] [21:19:18] [INFO] Running at [38;5;121m0.39[0m[38;5;159m FPS.[0m
[38;5;159m[Genesis] [21:19:18] [INFO] Running at [38;5;121m0.39[0m[38;5;159m FPS.[0m
[38;5;159m[Genesis] [21:19:18] [INFO] Scene [38;5;121m[3m<74ffaae>[0m[38;5;159m created.[0m
[38;5;159m[Genesis] [21:19:18] [INFO] Adding [38;5;121m<gs.RigidEntity>[0m[38;5;159m. idx: [38;5;121m0[0m[38;5;159m, uid: [38;5;121m[3m<1f85049>[0m[38;5;159m, morph: [38;5;121m<gs.morphs.Plane>[0m[38;5;159m, material: [38;5;121m<gs.materials.Rigid>[0m[38;5;159m.[0m
[38;5;159m[Genesis] [21:19:18] [INFO] Adding [38;5;121m<gs.RigidEntity>[0m[38;5;159m. idx: [38;5;121m1[0m[38;5;159m, uid: [38;5;121m[3m<e67efb1>[0m[38;5;159m, morph: [38;5;121m<gs.morphs.URDF(file='/home/jkoba/SynologyDrive/genesis_humanoid_rl/assets/robots/g1/g1_29dof.urdf')>[0m[38;5;159m, material: [38;5;121m<gs.materials.Rigid>[0m[38;5;159m.[0m
[38;5;159m[Genesis] [21:19:19] [INFO] Building scene [38;5;121m[3m<74ffaae>[0m[38;5;159m...[0m
[38;5;159m[Genesis] [21:19:28] [INFO] Compiling simulation kernels...[0m
[38;5;159m[Genesis] [21:20:01] [INFO] Building visualizer...[0m
[38;5;159m[Genesis] [21:20:02] [INFO] Running at [38;5;121m147.84[0m[38;5;159m FPS.[0m
[38;5;159m[Genesis] [21:20:02] [INFO] Running at [38;5;121m149.52[0m[38;5;159m FPS.[0m
[38;5;159m[Genesis] [21:20:02] [INFO] Running at [38;5;121m151.63[0m[38;5;159m FPS.[0m
[38;5;159m[Genesis] [21:20:02] [INFO] Running at [38;5;121m153.73[0m[38;5;159m FPS.[0m
[38;5;159m[Genesis] [21:20:02] [INFO] Running at [38;5;121m155.58[0m[38;5;159m FPS.[0m
[38;5;159m[Genesis] [21:20:02] [INFO] Running at [38;5;121m157.57[0m[38;5;159m FPS.[0m
[38;5;159m[Genesis] [21:20:02] [INFO] Running at [38;5;121m154.05[0m[38;5;159m FPS.[0m
[38;5;159m[Genesis] [21:20:02] [INFO] Running at [38;5;121m149.47[0m[38;5;159m FPS.[0m
[38;5;159m[Genesis] [21:20:02] [INFO] Running at [38;5;121m145.29[0m[38;5;159m FPS.[0m
[38;5;159m[Genesis] [21:20:02] [INFO] Running at [38;5;121m141.52[0m[38;5;159m FPS.[0m
[38;5;159m[Genesis] [21:20:02] [INFO] Running at [38;5;121m0.45[0m[38;5;159m FPS.[0m
[38;5;159m[Genesis] [21:20:02] [INFO] Running at [38;5;121m0.22[0m[38;5;159m FPS.[0m
[38;5;159m[Genesis] [21:20:02] [INFO] Running at [38;5;121m0.28[0m[38;5;159m FPS.[0m
[38;5;159m[Genesis] [21:20:02] [INFO] Running at [38;5;121m0.47[0m[38;5;159m FPS.[0m
[38;5;159m[Genesis] [21:20:02] [INFO] Running at [38;5;121m0.23[0m[38;5;159m FPS.[0m
[38;5;159m[Genesis] [21:20:02] [INFO] Running at [38;5;121m0.30[0m[38;5;159m FPS.[0m
[38;5;159m[Genesis] [21:20:02] [INFO] Running at [38;5;121m0.50[0m[38;5;159m FPS.[0m
[38;5;159m[Genesis] [21:20:02] [INFO] Running at [38;5;121m0.24[0m[38;5;159m FPS.[0m
[38;5;159m[Genesis] [21:20:02] [INFO] Running at [38;5;121m0.31[0m[38;5;159m FPS.[0m
[38;5;159m[Genesis] [21:20:02] [INFO] Running at [38;5;121m0.52[0m[38;5;159m FPS.[0m
[38;5;159m[Genesis] [21:20:02] [INFO] Running at [38;5;121m0.25[0m[38;5;159m FPS.[0m
[38;5;159m[Genesis] [21:20:02] [INFO] Running at [38;5;121m0.33[0m[38;5;159m FPS.[0m
[38;5;159m[Genesis] [21:20:02] [INFO] Running at [38;5;121m0.55[0m[38;5;159m FPS.[0m
[38;5;159m[Genesis] [21:20:02] [INFO] Running at [38;5;121m58.68[0m[38;5;159m FPS.[0m
[38;5;159m[Genesis] [21:20:02] [INFO] Running at [38;5;121m60.82[0m[38;5;159m FPS.[0m
[38;5;159m[Genesis] [21:20:02] [INFO] Running at [38;5;121m0.27[0m[38;5;159m FPS.[0m
[38;5;159m[Genesis] [21:20:02] [INFO] Running at [38;5;121m63.01[0m[38;5;159m FPS.[0m
[38;5;159m[Genesis] [21:20:02] [INFO] Running at [38;5;121m65.23[0m[38;5;159m FPS.[0m
[38;5;159m[Genesis] [21:20:02] [INFO] Running at [38;5;121m0.34[0m[38;5;159m FPS.[0m
[38;5;159m[Genesis] [21:20:02] [INFO] Running at [38;5;121m60.53[0m[38;5;159m FPS.[0m
[38;5;159m[Genesis] [21:20:02] [INFO] Scene [38;5;121m[3m<02b8e17>[0m[38;5;159m created.[0m
[38;5;159m[Genesis] [21:20:02] [INFO] Adding [38;5;121m<gs.RigidEntity>[0m[38;5;159m. idx: [38;5;121m0[0m[38;5;159m, uid: [38;5;121m[3m<ea54a20>[0m[38;5;159m, morph: [38;5;121m<gs.morphs.Plane>[0m[38;5;159m, material: [38;5;121m<gs.materials.Rigid>[0m[38;5;159m.[0m
[38;5;159m[Genesis] [21:20:02] [INFO] Adding [38;5;121m<gs.RigidEntity>[0m[38;5;159m. idx: [38;5;121m1[0m[38;5;159m, uid: [38;5;121m[3m<3c82fe0>[0m[38;5;159m, morph: [38;5;121m<gs.morphs.URDF(file='/home/jkoba/SynologyDrive/genesis_humanoid_rl/assets/robots/g1/g1_29dof.urdf')>[0m[38;5;159m, material: [38;5;121m<gs.materials.Rigid>[0m[38;5;159m.[0m
[38;5;159m[Genesis] [21:20:04] [INFO] Building scene [38;5;121m[3m<02b8e17>[0m[38;5;159m...[0m
[38;5;159m[Genesis] [21:20:12] [INFO] Compiling simulation kernels...[0m
[38;5;159m[Genesis] [21:20:45] [INFO] Building visualizer...[0m
[38;5;159m[Genesis] [21:20:46] [INFO] Running at [38;5;121m149.11[0m[38;5;159m FPS.[0m
[38;5;159m[Genesis] [21:20:46] [INFO] Running at [38;5;121m150.84[0m[38;5;159m FPS.[0m
[38;5;159m[Genesis] [21:20:46] [INFO] Running at [38;5;121m152.95[0m[38;5;159m FPS.[0m
[38;5;159m[Genesis] [21:20:46] [INFO] Running at [38;5;121m155.08[0m[38;5;159m FPS.[0m
[38;5;159m[Genesis] [21:20:46] [INFO] Running at [38;5;121m157.07[0m[38;5;159m FPS.[0m
[38;5;159m[Genesis] [21:20:46] [INFO] Running at [38;5;121m159.08[0m[38;5;159m FPS.[0m
[38;5;159m[Genesis] [21:20:46] [INFO] Running at [38;5;121m154.93[0m[38;5;159m FPS.[0m
[38;5;159m[Genesis] [21:20:46] [INFO] Running at [38;5;121m150.24[0m[38;5;159m FPS.[0m
[38;5;159m[Genesis] [21:20:46] [INFO] Running at [38;5;121m145.96[0m[38;5;159m FPS.[0m
[38;5;159m[Genesis] [21:20:46] [INFO] Running at [38;5;121m142.11[0m[38;5;159m FPS.[0m
[38;5;159m[Genesis] [21:20:46] [INFO] Running at [38;5;121m0.26[0m[38;5;159m FPS.[0m
[38;5;159m[Genesis] [21:20:46] [INFO] Running at [38;5;121m0.20[0m[38;5;159m FPS.[0m
[38;5;159m[Genesis] [21:20:46] [INFO] Running at [38;5;121m0.45[0m[38;5;159m FPS.[0m
[38;5;159m[Genesis] [21:20:46] [INFO] Running at [38;5;121m0.27[0m[38;5;159m FPS.[0m
[38;5;159m[Genesis] [21:20:46] [INFO] Running at [38;5;121m0.21[0m[38;5;159m FPS.[0m
[38;5;159m[Genesis] [21:20:46] [INFO] Running at [38;5;121m0.48[0m[38;5;159m FPS.[0m
[38;5;159m[Genesis] [21:20:46] [INFO] Running at [38;5;121m0.28[0m[38;5;159m FPS.[0m
[38;5;159m[Genesis] [21:20:46] [INFO] Running at [38;5;121m0.50[0m[38;5;159m FPS.[0m
[38;5;159m[Genesis] [21:20:46] [INFO] Running at [38;5;121m0.22[0m[38;5;159m FPS.[0m
[38;5;159m[Genesis] [21:20:46] [INFO] Running at [38;5;121m0.30[0m[38;5;159m FPS.[0m
[38;5;159m[Genesis] [21:20:46] [INFO] Running at [38;5;121m0.53[0m[38;5;159m FPS.[0m
[38;5;159m[Genesis] [21:20:46] [INFO] Running at [38;5;121m0.24[0m[38;5;159m FPS.[0m
[38;5;159m[Genesis] [21:20:46] [INFO] Running at [38;5;121m59.12[0m[38;5;159m FPS.[0m
[38;5;159m[Genesis] [21:20:46] [INFO] Running at [38;5;121m0.56[0m[38;5;159m FPS.[0m
[38;5;159m[Genesis] [21:20:46] [INFO] Running at [38;5;121m61.27[0m[38;5;159m FPS.[0m
[38;5;159m[Genesis] [21:20:46] [INFO] Running at [38;5;121m63.48[0m[38;5;159m FPS.[0m
[38;5;159m[Genesis] [21:20:46] [INFO] Running at [38;5;121m65.72[0m[38;5;159m FPS.[0m
[38;5;159m[Genesis] [21:20:46] [INFO] Running at [38;5;121m0.31[0m[38;5;159m FPS.[0m
[38;5;159m[Genesis] [21:20:46] [INFO] Running at [38;5;121m0.25[0m[38;5;159m FPS.[0m
[38;5;159m[Genesis] [21:20:46] [INFO] Running at [38;5;121m60.80[0m[38;5;159m FPS.[0m
[38;5;159m[Genesis] [21:20:46] [INFO] Running at [38;5;121m0.33[0m[38;5;159m FPS.[0m
[38;5;159m[Genesis] [21:20:46] [INFO] Running at [38;5;121m0.26[0m[38;5;159m FPS.[0m
[38;5;159m[Genesis] [21:20:46] [INFO] Running at [38;5;121m0.58[0m[38;5;159m FPS.[0m
[38;5;159m[Genesis] [21:20:46] [INFO] Running at [38;5;121m39.22[0m[38;5;159m FPS.[0m
[38;5;159m[Genesis] [21:20:46] [INFO] Running at [38;5;121m0.35[0m[38;5;159m FPS.[0m
[38;5;159m[Genesis] [21:20:46] [INFO] Running at [38;5;121m0.61[0m[38;5;159m FPS.[0m
[38;5;159m[Genesis] [21:20:46] [INFO] Running at [38;5;121m0.27[0m[38;5;159m FPS.[0m
[38;5;159m[Genesis] [21:20:46] [INFO] Running at [38;5;121m40.86[0m[38;5;159m FPS.[0m
[38;5;159m[Genesis] [21:20:46] [INFO] Running at [38;5;121m0.36[0m[38;5;159m FPS.[0m
[38;5;159m[Genesis] [21:20:46] [INFO] Running at [38;5;121m0.64[0m[38;5;159m FPS.[0m
[38;5;159m[Genesis] [21:20:46] [INFO] Running at [38;5;121m42.55[0m[38;5;159m FPS.[0m
[38;5;159m[Genesis] [21:20:46] [INFO] Running at [38;5;121m0.29[0m[38;5;159m FPS.[0m
[38;5;159m[Genesis] [21:20:46] [INFO] Running at [38;5;121m0.68[0m[38;5;159m FPS.[0m
[38;5;159m[Genesis] [21:20:46] [INFO] Running at [38;5;121m44.29[0m[38;5;159m FPS.[0m
[38;5;159m[Genesis] [21:20:46] [INFO] Running at [38;5;121m0.38[0m[38;5;159m FPS.[0m
[38;5;159m[Genesis] [21:20:46] [INFO] Running at [38;5;121m0.30[0m[38;5;159m FPS.[0m
[38;5;159m[Genesis] [21:20:46] [INFO] Running at [38;5;121m0.71[0m[38;5;159m FPS.[0m
[38;5;159m[Genesis] [21:20:46] [INFO] Running at [38;5;121m42.75[0m[38;5;159m FPS.[0m
[38;5;159m[Genesis] [21:20:46] [INFO] Running at [38;5;121m0.40[0m[38;5;159m FPS.[0m
[38;5;159m[Genesis] [21:20:46] [INFO] Running at [38;5;121m0.32[0m[38;5;159m FPS.[0m
[38;5;159m[Genesis] [21:20:46] [INFO] Running at [38;5;121m0.42[0m[38;5;159m FPS.[0m
[38;5;159m[Genesis] [21:20:46] [INFO] Running at [38;5;121m0.33[0m[38;5;159m FPS.[0m
[38;5;159m[Genesis] [21:20:46] [INFO] Running at [38;5;121m0.74[0m[38;5;159m FPS.[0m
[38;5;159m[Genesis] [21:20:46] [INFO] Running at [38;5;121m29.12[0m[38;5;159m FPS.[0m
[38;5;159m[Genesis] [21:20:46] [INFO] Running at [38;5;121m0.44[0m[38;5;159m FPS.[0m
[38;5;159m[Genesis] [21:20:46] [INFO] Running at [38;5;121m0.35[0m[38;5;159m FPS.[0m
[38;5;159m[Genesis] [21:20:46] [INFO] Running at [38;5;121m0.78[0m[38;5;159m FPS.[0m
[38;5;159m[Genesis] [21:20:46] [INFO] Running at [38;5;121m30.42[0m[38;5;159m FPS.[0m
[38;5;159m[Genesis] [21:20:46] [INFO] Running at [38;5;121m0.47[0m[38;5;159m FPS.[0m
[38;5;159m[Genesis] [21:20:46] [INFO] Running at [38;5;121m0.82[0m[38;5;159m FPS.[0m
[38;5;159m[Genesis] [21:20:46] [INFO] Running at [38;5;121m31.76[0m[38;5;159m FPS.[0m
[38;5;159m[Genesis] [21:20:46] [INFO] Running at [38;5;121m0.37[0m[38;5;159m FPS.[0m
[38;5;159m[Genesis] [21:20:46] [INFO] Running at [38;5;121m33.16[0m[38;5;159m FPS.[0m
[38;5;159m[Genesis] [21:20:46] [INFO] Running at [38;5;121m0.49[0m[38;5;159m FPS.[0m
[38;5;159m[Genesis] [21:20:46] [INFO] Running at [38;5;121m0.39[0m[38;5;159m FPS.[0m
[38;5;159m[Genesis] [21:20:46] [INFO] Running at [38;5;121m0.87[0m[38;5;159m FPS.[0m
[38;5;159m[Genesis] [21:20:46] [INFO] Running at [38;5;121m32.69[0m[38;5;159m FPS.[0m
[38;5;159m[Genesis] [21:20:46] [INFO] Running at [38;5;121m0.41[0m[38;5;159m FPS.[0m
[38;5;159m[Genesis] [21:20:46] [INFO] Running at [38;5;121m0.91[0m[38;5;159m FPS.[0m
[38;5;159m[Genesis] [21:20:46] [INFO] Running at [38;5;121m0.52[0m[38;5;159m FPS.[0m
[38;5;159m[Genesis] [21:20:47] [INFO] Running at [38;5;121m0.54[0m[38;5;159m FPS.[0m
[38;5;159m[Genesis] [21:20:47] [INFO] Running at [38;5;121m0.43[0m[38;5;159m FPS.[0m
[38;5;159m[Genesis] [21:20:47] [INFO] Running at [38;5;121m0.95[0m[38;5;159m FPS.[0m
[38;5;159m[Genesis] [21:20:47] [INFO] Running at [38;5;121m23.35[0m[38;5;159m FPS.[0m
[38;5;159m[Genesis] [21:20:47] [INFO] Running at [38;5;121m0.57[0m[38;5;159m FPS.[0m
[38;5;159m[Genesis] [21:20:47] [INFO] Running at [38;5;121m0.45[0m[38;5;159m FPS.[0m
[38;5;159m[Genesis] [21:20:47] [INFO] Running at [38;5;121m24.42[0m[38;5;159m FPS.[0m
[38;5;159m[Genesis] [21:20:47] [INFO] Running at [38;5;121m1.00[0m[38;5;159m FPS.[0m
[38;5;159m[Genesis] [21:20:47] [INFO] Running at [38;5;121m0.60[0m[38;5;159m FPS.[0m
[38;5;159m[Genesis] [21:20:47] [INFO] Running at [38;5;121m0.48[0m[38;5;159m FPS.[0m
[38;5;159m[Genesis] [21:20:47] [INFO] Running at [38;5;121m25.54[0m[38;5;159m FPS.[0m
[38;5;159m[Genesis] [21:20:47] [INFO] Running at [38;5;121m1.05[0m[38;5;159m FPS.[0m
[38;5;159m[Genesis] [21:20:47] [INFO] Running at [38;5;121m0.63[0m[38;5;159m FPS.[0m
[38;5;159m[Genesis] [21:20:47] [INFO] Running at [38;5;121m0.50[0m[38;5;159m FPS.[0m
[38;5;159m[Genesis] [21:20:47] [INFO] Running at [38;5;121m1.10[0m[38;5;159m FPS.[0m
[38;5;159m[Genesis] [21:20:47] [INFO] Running at [38;5;121m26.29[0m[38;5;159m FPS.[0m
[38;5;159m[Genesis] [21:20:47] [INFO] Running at [38;5;121m0.66[0m[38;5;159m FPS.[0m
[38;5;159m[Genesis] [21:20:47] [INFO] Running at [38;5;121m0.53[0m[38;5;159m FPS.[0m
[38;5;159m[Genesis] [21:20:47] [INFO] Running at [38;5;121m25.23[0m[38;5;159m FPS.[0m
[38;5;159m[Genesis] [21:20:47] [INFO] Running at [38;5;121m1.15[0m[38;5;159m FPS.[0m
[38;5;159m[Genesis] [21:20:47] [INFO] Running at [38;5;121m1.19[0m[38;5;159m FPS.[0m
[38;5;159m[Genesis] [21:20:47] [INFO] Running at [38;5;121m0.69[0m[38;5;159m FPS.[0m
[38;5;159m[Genesis] [21:20:47] [INFO] Running at [38;5;121m19.09[0m[38;5;159m FPS.[0m
[38;5;159m[Genesis] [21:20:47] [INFO] Running at [38;5;121m0.55[0m[38;5;159m FPS.[0m
[38;5;159m[Genesis] [21:20:47] [INFO] Running at [38;5;121m0.72[0m[38;5;159m FPS.[0m
[38;5;159m[Genesis] [21:20:47] [INFO] Running at [38;5;121m1.26[0m[38;5;159m FPS.[0m
[38;5;159m[Genesis] [21:20:47] [INFO] Running at [38;5;121m20.00[0m[38;5;159m FPS.[0m
[38;5;159m[Genesis] [21:20:47] [INFO] Running at [38;5;121m0.58[0m[38;5;159m FPS.[0m
[38;5;159m[Genesis] [21:20:47] [INFO] Running at [38;5;121m0.76[0m[38;5;159m FPS.[0m
[38;5;159m[Genesis] [21:20:47] [INFO] Running at [38;5;121m20.94[0m[38;5;159m FPS.[0m
[38;5;159m[Genesis] [21:20:47] [INFO] Running at [38;5;121m1.32[0m[38;5;159m FPS.[0m
[38;5;159m[Genesis] [21:20:47] [INFO] Running at [38;5;121m0.61[0m[38;5;159m FPS.[0m
[38;5;159m[Genesis] [21:20:47] [INFO] Running at [38;5;121m1.39[0m[38;5;159m FPS.[0m
[38;5;159m[Genesis] [21:20:47] [INFO] Running at [38;5;121m21.72[0m[38;5;159m FPS.[0m
[38;5;159m[Genesis] [21:20:47] [INFO] Running at [38;5;121m0.80[0m[38;5;159m FPS.[0m
[38;5;159m[Genesis] [21:20:47] [INFO] Running at [38;5;121m0.64[0m[38;5;159m FPS.[0m
[38;5;159m[Genesis] [21:20:47] [INFO] Running at [38;5;121m21.35[0m[38;5;159m FPS.[0m
[38;5;159m[Genesis] [21:20:47] [INFO] Running at [38;5;121m0.67[0m[38;5;159m FPS.[0m
[38;5;159m[Genesis] [21:20:47] [INFO] Running at [38;5;121m0.84[0m[38;5;159m FPS.[0m
[38;5;159m[Genesis] [21:20:47] [INFO] Running at [38;5;121m1.46[0m[38;5;159m FPS.[0m
[38;5;159m[Genesis] [21:20:47] [INFO] Running at [38;5;121m0.87[0m[38;5;159m FPS.[0m
[38;5;159m[Genesis] [21:20:47] [INFO] Running at [38;5;121m0.70[0m[38;5;159m FPS.[0m
[38;5;159m[Genesis] [21:20:47] [INFO] Running at [38;5;121m1.50[0m[38;5;159m FPS.[0m
[38;5;159m[Genesis] [21:20:47] [INFO] Running at [38;5;121m16.63[0m[38;5;159m FPS.[0m
[38;5;159m[Genesis] [21:20:47] [INFO] Running at [38;5;121m0.92[0m[38;5;159m FPS.[0m
[38;5;159m[Genesis] [21:20:47] [INFO] Running at [38;5;121m0.74[0m[38;5;159m FPS.[0m
[38;5;159m[Genesis] [21:20:47] [INFO] Running at [38;5;121m1.58[0m[38;5;159m FPS.[0m
[38;5;159m[Genesis] [21:20:47] [INFO] Running at [38;5;121m17.43[0m[38;5;159m FPS.[0m
[38;5;159m[Genesis] [21:20:47] [INFO] Running at [38;5;121m0.97[0m[38;5;159m FPS.[0m
[38;5;159m[Genesis] [21:20:47] [INFO] Running at [38;5;121m0.78[0m[38;5;159m FPS.[0m
[38;5;159m[Genesis] [21:20:47] [INFO] Running at [38;5;121m1.66[0m[38;5;159m FPS.[0m
[38;5;159m[Genesis] [21:20:47] [INFO] Running at [38;5;121m18.26[0m[38;5;159m FPS.[0m
[38;5;159m[Genesis] [21:20:47] [INFO] Running at [38;5;121m0.82[0m[38;5;159m FPS.[0m
[38;5;159m[Genesis] [21:20:47] [INFO] Running at [38;5;121m1.02[0m[38;5;159m FPS.[0m
[38;5;159m[Genesis] [21:20:47] [INFO] Running at [38;5;121m1.74[0m[38;5;159m FPS.[0m
[38;5;159m[Genesis] [21:20:47] [INFO] Running at [38;5;121m18.91[0m[38;5;159m FPS.[0m
[38;5;159m[Genesis] [21:20:48] [INFO] Running at [38;5;121m0.86[0m[38;5;159m FPS.[0m
[38;5;159m[Genesis] [21:20:48] [INFO] Running at [38;5;121m1.83[0m[38;5;159m FPS.[0m
[38;5;159m[Genesis] [21:20:48] [INFO] Running at [38;5;121m18.77[0m[38;5;159m FPS.[0m
[38;5;159m[Genesis] [21:20:48] [INFO] Running at [38;5;121m1.07[0m[38;5;159m FPS.[0m
[38;5;159m[Genesis] [21:20:48] [INFO] Running at [38;5;121m1.11[0m[38;5;159m FPS.[0m
[38;5;159m[Genesis] [21:20:48] [INFO] Running at [38;5;121m0.89[0m[38;5;159m FPS.[0m
[38;5;159m[Genesis] [21:20:48] [INFO] Running at [38;5;121m15.69[0m[38;5;159m FPS.[0m
[38;5;159m[Genesis] [21:20:48] [INFO] Running at [38;5;121m1.87[0m[38;5;159m FPS.[0m
[38;5;159m[Genesis] [21:20:48] [INFO] Running at [38;5;121m1.17[0m[38;5;159m FPS.[0m
[38;5;159m[Genesis] [21:20:48] [INFO] Running at [38;5;121m16.44[0m[38;5;159m FPS.[0m
[38;5;159m[Genesis] [21:20:48] [INFO] Running at [38;5;121m0.94[0m[38;5;159m FPS.[0m
[38;5;159m[Genesis] [21:20:48] [INFO] Running at [38;5;121m1.97[0m[38;5;159m FPS.[0m
[38;5;159m[Genesis] [21:20:48] [INFO] Running at [38;5;121m1.23[0m[38;5;159m FPS.[0m
[38;5;159m[Genesis] [21:20:48] [INFO] Running at [38;5;121m17.23[0m[38;5;159m FPS.[0m
[38;5;159m[Genesis] [21:20:48] [INFO] Running at [38;5;121m0.99[0m[38;5;159m FPS.[0m
[38;5;159m[Genesis] [21:20:48] [INFO] Running at [38;5;121m2.07[0m[38;5;159m FPS.[0m
[38;5;159m[Genesis] [21:20:48] [INFO] Running at [38;5;121m1.29[0m[38;5;159m FPS.[0m
[38;5;159m[Genesis] [21:20:48] [INFO] Running at [38;5;121m1.04[0m[38;5;159m FPS.[0m
[38;5;159m[Genesis] [21:20:48] [INFO] Running at [38;5;121m17.98[0m[38;5;159m FPS.[0m
[38;5;159m[Genesis] [21:20:48] [INFO] Running at [38;5;121m2.18[0m[38;5;159m FPS.[0m
[38;5;159m[Genesis] [21:20:48] [INFO] Running at [38;5;121m1.35[0m[38;5;159m FPS.[0m
[38;5;159m[Genesis] [21:20:48] [INFO] Running at [38;5;121m1.09[0m[38;5;159m FPS.[0m
[38;5;159m[Genesis] [21:20:48] [INFO] Running at [38;5;121m2.27[0m[38;5;159m FPS.[0m
[38;5;159m[Genesis] [21:20:48] [INFO] Running at [38;5;121m17.49[0m[38;5;159m FPS.[0m
[38;5;159m[Genesis] [21:20:48] [INFO] Running at [38;5;121m1.40[0m[38;5;159m FPS.[0m
[38;5;159m[Genesis] [21:20:48] [INFO] Running at [38;5;121m2.32[0m[38;5;159m FPS.[0m
[38;5;159m[Genesis] [21:20:48] [INFO] Running at [38;5;121m14.87[0m[38;5;159m FPS.[0m
[38;5;159m[Genesis] [21:20:48] [INFO] Running at [38;5;121m1.13[0m[38;5;159m FPS.[0m
[38;5;159m[Genesis] [21:20:48] [INFO] Running at [38;5;121m1.47[0m[38;5;159m FPS.[0m
[38;5;159m[Genesis] [21:20:48] [INFO] Running at [38;5;121m2.44[0m[38;5;159m FPS.[0m
[38;5;159m[Genesis] [21:20:48] [INFO] Running at [38;5;121m15.59[0m[38;5;159m FPS.[0m
[38;5;159m[Genesis] [21:20:48] [INFO] Running at [38;5;121m1.19[0m[38;5;159m FPS.[0m
[38;5;159m[Genesis] [21:20:48] [INFO] Running at [38;5;121m1.55[0m[38;5;159m FPS.[0m
[38;5;159m[Genesis] [21:20:48] [INFO] Running at [38;5;121m16.35[0m[38;5;159m FPS.[0m
[38;5;159m[Genesis] [21:20:48] [INFO] Running at [38;5;121m2.57[0m[38;5;159m FPS.[0m
[38;5;159m[Genesis] [21:20:48] [INFO] Running at [38;5;121m1.25[0m[38;5;159m FPS.[0m
[38;5;159m[Genesis] [21:20:48] [INFO] Running at [38;5;121m2.70[0m[38;5;159m FPS.[0m
[38;5;159m[Genesis] [21:20:48] [INFO] Running at [38;5;121m1.63[0m[38;5;159m FPS.[0m
[38;5;159m[Genesis] [21:20:48] [INFO] Running at [38;5;121m1.31[0m[38;5;159m FPS.[0m
[38;5;159m[Genesis] [21:20:48] [INFO] Running at [38;5;121m16.89[0m[38;5;159m FPS.[0m
[38;5;159m[Genesis] [21:20:48] [INFO] Running at [38;5;121m1.38[0m[38;5;159m FPS.[0m
[38;5;159m[Genesis] [21:20:48] [INFO] Running at [38;5;121m2.82[0m[38;5;159m FPS.[0m
[38;5;159m[Genesis] [21:20:48] [INFO] Running at [38;5;121m1.70[0m[38;5;159m FPS.[0m
[38;5;159m[Genesis] [21:20:48] [INFO] Running at [38;5;121m16.50[0m[38;5;159m FPS.[0m
[38;5;159m[Genesis] [21:20:49] [INFO] Running at [38;5;121m1.74[0m[38;5;159m FPS.[0m
[38;5;159m[Genesis] [21:20:49] [INFO] Running at [38;5;121m1.42[0m[38;5;159m FPS.[0m
[38;5;159m[Genesis] [21:20:49] [INFO] Running at [38;5;121m2.84[0m[38;5;159m FPS.[0m
[38;5;159m[Genesis] [21:20:49] [INFO] Running at [38;5;121m14.02[0m[38;5;159m FPS.[0m
[38;5;159m[Genesis] [21:20:49] [INFO] Running at [38;5;121m1.84[0m[38;5;159m FPS.[0m
[38;5;159m[Genesis] [21:20:49] [INFO] Running at [38;5;121m1.49[0m[38;5;159m FPS.[0m
[38;5;159m[Genesis] [21:20:49] [INFO] Running at [38;5;121m14.70[0m[38;5;159m FPS.[0m
[38;5;159m[Genesis] [21:20:49] [INFO] Running at [38;5;121m2.98[0m[38;5;159m FPS.[0m
[38;5;159m[Genesis] [21:20:49] [INFO] Running at [38;5;121m1.93[0m[38;5;159m FPS.[0m
[38;5;159m[Genesis] [21:20:49] [INFO] Running at [38;5;121m1.57[0m[38;5;159m FPS.[0m
[38;5;159m[Genesis] [21:20:49] [INFO] Running at [38;5;121m3.14[0m[38;5;159m FPS.[0m
[38;5;159m[Genesis] [21:20:49] [INFO] Running at [38;5;121m15.42[0m[38;5;159m FPS.[0m
[38;5;159m[Genesis] [21:20:49] [INFO] Running at [38;5;121m3.29[0m[38;5;159m FPS.[0m
[38;5;159m[Genesis] [21:20:49] [INFO] Running at [38;5;121m16.02[0m[38;5;159m FPS.[0m
[38;5;159m[Genesis] [21:20:49] [INFO] Running at [38;5;121m2.03[0m[38;5;159m FPS.[0m
[38;5;159m[Genesis] [21:20:49] [INFO] Running at [38;5;121m1.65[0m[38;5;159m FPS.[0m
[38;5;159m[Genesis] [21:20:49] [INFO] Running at [38;5;121m3.43[0m[38;5;159m FPS.[0m
[38;5;159m[Genesis] [21:20:49] [INFO] Running at [38;5;121m2.12[0m[38;5;159m FPS.[0m
[38;5;159m[Genesis] [21:20:49] [INFO] Running at [38;5;121m15.81[0m[38;5;159m FPS.[0m
[38;5;159m[Genesis] [21:20:49] [INFO] Running at [38;5;121m1.72[0m[38;5;159m FPS.[0m
[38;5;159m[Genesis] [21:20:49] [INFO] Running at [38;5;121m2.16[0m[38;5;159m FPS.[0m
[38;5;159m[Genesis] [21:20:49] [INFO] Running at [38;5;121m1.77[0m[38;5;159m FPS.[0m
[38;5;159m[Genesis] [21:20:49] [INFO] Running at [38;5;121m3.43[0m[38;5;159m FPS.[0m
[38;5;159m[Genesis] [21:20:49] [INFO] Running at [38;5;121m13.50[0m[38;5;159m FPS.[0m
[38;5;159m[Genesis] [21:20:49] [INFO] Running at [38;5;121m2.27[0m[38;5;159m FPS.[0m
[38;5;159m[Genesis] [21:20:49] [INFO] Running at [38;5;121m1.86[0m[38;5;159m FPS.[0m
[38;5;159m[Genesis] [21:20:49] [INFO] Running at [38;5;121m3.60[0m[38;5;159m FPS.[0m
[38;5;159m[Genesis] [21:20:49] [INFO] Running at [38;5;121m14.16[0m[38;5;159m FPS.[0m
[38;5;159m[Genesis] [21:20:49] [INFO] Running at [38;5;121m2.39[0m[38;5;159m FPS.[0m
[38;5;159m[Genesis] [21:20:49] [INFO] Running at [38;5;121m1.96[0m[38;5;159m FPS.[0m
[38;5;159m[Genesis] [21:20:49] [INFO] Running at [38;5;121m3.79[0m[38;5;159m FPS.[0m
[38;5;159m[Genesis] [21:20:49] [INFO] Running at [38;5;121m14.85[0m[38;5;159m FPS.[0m
[38;5;159m[Genesis] [21:20:49] [INFO] Running at [38;5;121m3.98[0m[38;5;159m FPS.[0m
[38;5;159m[Genesis] [21:20:49] [INFO] Running at [38;5;121m2.52[0m[38;5;159m FPS.[0m
[38;5;159m[Genesis] [21:20:49] [INFO] Running at [38;5;121m15.40[0m[38;5;159m FPS.[0m
[38;5;159m[Genesis] [21:20:49] [INFO] Running at [38;5;121m2.06[0m[38;5;159m FPS.[0m
[38;5;159m[Genesis] [21:20:49] [INFO] Running at [38;5;121m2.63[0m[38;5;159m FPS.[0m
[38;5;159m[Genesis] [21:20:49] [INFO] Running at [38;5;121m4.13[0m[38;5;159m FPS.[0m
[38;5;159m[Genesis] [21:20:49] [INFO] Running at [38;5;121m15.24[0m[38;5;159m FPS.[0m
[38;5;159m[Genesis] [21:20:49] [INFO] Running at [38;5;121m2.15[0m[38;5;159m FPS.[0m
[38;5;159m[Genesis] [21:20:49] [INFO] Running at [38;5;121m2.66[0m[38;5;159m FPS.[0m
[38;5;159m[Genesis] [21:20:49] [INFO] Running at [38;5;121m2.20[0m[38;5;159m FPS.[0m
[38;5;159m[Genesis] [21:20:49] [INFO] Running at [38;5;121m4.09[0m[38;5;159m FPS.[0m
[38;5;159m[Genesis] [21:20:49] [INFO] Running at [38;5;121m13.22[0m[38;5;159m FPS.[0m
[38;5;159m[Genesis] [21:20:49] [INFO] Running at [38;5;121m2.80[0m[38;5;159m FPS.[0m
[38;5;159m[Genesis] [21:20:49] [INFO] Running at [38;5;121m2.31[0m[38;5;159m FPS.[0m
[38;5;159m[Genesis] [21:20:49] [INFO] Running at [38;5;121m13.87[0m[38;5;159m FPS.[0m
[38;5;159m[Genesis] [21:20:49] [INFO] Running at [38;5;121m4.30[0m[38;5;159m FPS.[0m
[38;5;159m[Genesis] [21:20:49] [INFO] Running at [38;5;121m2.94[0m[38;5;159m FPS.[0m
[38;5;159m[Genesis] [21:20:49] [INFO] Running at [38;5;121m2.43[0m[38;5;159m FPS.[0m
[38;5;159m[Genesis] [21:20:49] [INFO] Running at [38;5;121m14.54[0m[38;5;159m FPS.[0m
[38;5;159m[Genesis] [21:20:49] [INFO] Running at [38;5;121m4.53[0m[38;5;159m FPS.[0m
[38;5;159m[Genesis] [21:20:49] [INFO] Running at [38;5;121m3.09[0m[38;5;159m FPS.[0m
[38;5;159m[Genesis] [21:20:49] [INFO] Running at [38;5;121m4.75[0m[38;5;159m FPS.[0m
[38;5;159m[Genesis] [21:20:49] [INFO] Running at [38;5;121m15.11[0m[38;5;159m FPS.[0m
[38;5;159m[Genesis] [21:20:49] [INFO] Running at [38;5;121m2.55[0m[38;5;159m FPS.[0m
[38;5;159m[Genesis] [21:20:49] [INFO] Running at [38;5;121m15.06[0m[38;5;159m FPS.[0m
[38;5;159m[Genesis] [21:20:49] [INFO] Running at [38;5;121m3.21[0m[38;5;159m FPS.[0m
[38;5;159m[Genesis] [21:20:49] [INFO] Running at [38;5;121m4.90[0m[38;5;159m FPS.[0m
[38;5;159m[Genesis] [21:20:49] [INFO] Running at [38;5;121m2.64[0m[38;5;159m FPS.[0m
[38;5;159m[Genesis] [21:20:50] [INFO] Running at [38;5;121m12.48[0m[38;5;159m FPS.[0m
[38;5;159m[Genesis] [21:20:50] [INFO] Running at [38;5;121m4.75[0m[38;5;159m FPS.[0m
[38;5;159m[Genesis] [21:20:50] [INFO] Running at [38;5;121m3.20[0m[38;5;159m FPS.[0m
[38;5;159m[Genesis] [21:20:50] [INFO] Running at [38;5;121m2.67[0m[38;5;159m FPS.[0m
[38;5;159m[Genesis] [21:20:50] [INFO] Running at [38;5;121m13.09[0m[38;5;159m FPS.[0m
[38;5;159m[Genesis] [21:20:50] [INFO] Running at [38;5;121m4.99[0m[38;5;159m FPS.[0m
[38;5;159m[Genesis] [21:20:50] [INFO] Running at [38;5;121m3.36[0m[38;5;159m FPS.[0m
[38;5;159m[Genesis] [21:20:50] [INFO] Running at [38;5;121m2.81[0m[38;5;159m FPS.[0m
[38;5;159m[Genesis] [21:20:50] [INFO] Running at [38;5;121m13.73[0m[38;5;159m FPS.[0m
[38;5;159m[Genesis] [21:20:50] [INFO] Running at [38;5;121m2.96[0m[38;5;159m FPS.[0m
[38;5;159m[Genesis] [21:20:50] [INFO] Running at [38;5;121m5.25[0m[38;5;159m FPS.[0m
[38;5;159m[Genesis] [21:20:50] [INFO] Running at [38;5;121m3.54[0m[38;5;159m FPS.[0m
[38;5;159m[Genesis] [21:20:50] [INFO] Running at [38;5;121m5.50[0m[38;5;159m FPS.[0m
[38;5;159m[Genesis] [21:20:50] [INFO] Running at [38;5;121m14.28[0m[38;5;159m FPS.[0m
[38;5;159m[Genesis] [21:20:50] [INFO] Running at [38;5;121m3.11[0m[38;5;159m FPS.[0m
[38;5;159m[Genesis] [21:20:50] [INFO] Running at [38;5;121m3.70[0m[38;5;159m FPS.[0m
[38;5;159m[Genesis] [21:20:50] [INFO] Running at [38;5;121m14.28[0m[38;5;159m FPS.[0m
[38;5;159m[Genesis] [21:20:50] [INFO] Running at [38;5;121m5.66[0m[38;5;159m FPS.[0m
[38;5;159m[Genesis] [21:20:50] [INFO] Running at [38;5;121m3.83[0m[38;5;159m FPS.[0m
[38;5;159m[Genesis] [21:20:50] [INFO] Running at [38;5;121m3.21[0m[38;5;159m FPS.[0m
[38;5;159m[Genesis] [21:20:50] [INFO] Running at [38;5;121m3.79[0m[38;5;159m FPS.[0m
[38;5;159m[Genesis] [21:20:50] [INFO] Running at [38;5;121m5.40[0m[38;5;159m FPS.[0m
[38;5;159m[Genesis] [21:20:50] [INFO] Running at [38;5;121m3.21[0m[38;5;159m FPS.[0m
[38;5;159m[Genesis] [21:20:50] [INFO] Running at [38;5;121m11.85[0m[38;5;159m FPS.[0m
[38;5;159m[Genesis] [21:20:50] [INFO] Running at [38;5;121m3.98[0m[38;5;159m FPS.[0m
[38;5;159m[Genesis] [21:20:50] [INFO] Running at [38;5;121m5.68[0m[38;5;159m FPS.[0m
[38;5;159m[Genesis] [21:20:50] [INFO] Running at [38;5;121m3.38[0m[38;5;159m FPS.[0m
[38;5;159m[Genesis] [21:20:50] [INFO] Running at [38;5;121m12.44[0m[38;5;159m FPS.[0m
[38;5;159m[Genesis] [21:20:50] [INFO] Running at [38;5;121m4.19[0m[38;5;159m FPS.[0m
[38;5;159m[Genesis] [21:20:50] [INFO] Running at [38;5;121m5.96[0m[38;5;159m FPS.[0m
[38;5;159m[Genesis] [21:20:50] [INFO] Running at [38;5;121m3.55[0m[38;5;159m FPS.[0m
[38;5;159m[Genesis] [21:20:50] [INFO] Running at [38;5;121m13.05[0m[38;5;159m FPS.[0m
[38;5;159m[Genesis] [21:20:50] [INFO] Running at [38;5;121m4.39[0m[38;5;159m FPS.[0m
[38;5;159m[Genesis] [21:20:50] [INFO] Running at [38;5;121m6.25[0m[38;5;159m FPS.[0m
[38;5;159m[Genesis] [21:20:50] [INFO] Running at [38;5;121m13.58[0m[38;5;159m FPS.[0m
[38;5;159m[Genesis] [21:20:50] [INFO] Running at [38;5;121m3.72[0m[38;5;159m FPS.[0m
[38;5;159m[Genesis] [21:20:50] [INFO] Running at [38;5;121m4.55[0m[38;5;159m FPS.[0m
[38;5;159m[Genesis] [21:20:50] [INFO] Running at [38;5;121m13.53[0m[38;5;159m FPS.[0m
[38;5;159m[Genesis] [21:20:50] [INFO] Running at [38;5;121m6.39[0m[38;5;159m FPS.[0m
[38;5;159m[Genesis] [21:20:50] [INFO] Running at [38;5;121m3.85[0m[38;5;159m FPS.[0m
[38;5;159m[Genesis] [21:20:51] [INFO] Running at [38;5;121m6.06[0m[38;5;159m FPS.[0m
[38;5;159m[Genesis] [21:20:51] [INFO] Running at [38;5;121m11.50[0m[38;5;159m FPS.[0m
[38;5;159m[Genesis] [21:20:51] [INFO] Running at [38;5;121m3.81[0m[38;5;159m FPS.[0m
[38;5;159m[Genesis] [21:20:51] [INFO] Running at [38;5;121m4.42[0m[38;5;159m FPS.[0m
[38;5;159m[Genesis] [21:20:51] [INFO] Running at [38;5;121m6.37[0m[38;5;159m FPS.[0m
[38;5;159m[Genesis] [21:20:51] [INFO] Running at [38;5;121m4.00[0m[38;5;159m FPS.[0m
[38;5;159m[Genesis] [21:20:51] [INFO] Running at [38;5;121m12.07[0m[38;5;159m FPS.[0m
[38;5;159m[Genesis] [21:20:51] [INFO] Running at [38;5;121m4.65[0m[38;5;159m FPS.[0m
[38;5;159m[Genesis] [21:20:51] [INFO] Running at [38;5;121m6.69[0m[38;5;159m FPS.[0m
[38;5;159m[Genesis] [21:20:51] [INFO] Running at [38;5;121m4.21[0m[38;5;159m FPS.[0m
[38;5;159m[Genesis] [21:20:51] [INFO] Running at [38;5;121m4.88[0m[38;5;159m FPS.[0m
[38;5;159m[Genesis] [21:20:51] [INFO] Running at [38;5;121m12.66[0m[38;5;159m FPS.[0m
[38;5;159m[Genesis] [21:20:51] [INFO] Running at [38;5;121m13.21[0m[38;5;159m FPS.[0m
[38;5;159m[Genesis] [21:20:51] [INFO] Running at [38;5;121m5.12[0m[38;5;159m FPS.[0m
[38;5;159m[Genesis] [21:20:51] [INFO] Running at [38;5;121m7.00[0m[38;5;159m FPS.[0m
[38;5;159m[Genesis] [21:20:51] [INFO] Running at [38;5;121m4.41[0m[38;5;159m FPS.[0m
[38;5;159m[Genesis] [21:20:51] [INFO] Running at [38;5;121m13.19[0m[38;5;159m FPS.[0m
[38;5;159m[Genesis] [21:20:51] [INFO] Running at [38;5;121m4.56[0m[38;5;159m FPS.[0m
[38;5;159m[Genesis] [21:20:51] [INFO] Running at [38;5;121m5.26[0m[38;5;159m FPS.[0m
[38;5;159m[Genesis] [21:20:51] [INFO] Running at [38;5;121m7.11[0m[38;5;159m FPS.[0m
[38;5;159m[Genesis] [21:20:51] [INFO] Running at [38;5;121m5.09[0m[38;5;159m FPS.[0m
[38;5;159m[Genesis] [21:20:51] [INFO] Running at [38;5;121m4.45[0m[38;5;159m FPS.[0m
[38;5;159m[Genesis] [21:20:51] [INFO] Running at [38;5;121m6.71[0m[38;5;159m FPS.[0m
[38;5;159m[Genesis] [21:20:51] [INFO] Running at [38;5;121m11.27[0m[38;5;159m FPS.[0m
[38;5;159m[Genesis] [21:20:51] [INFO] Running at [38;5;121m5.35[0m[38;5;159m FPS.[0m
[38;5;159m[Genesis] [21:20:51] [INFO] Running at [38;5;121m4.68[0m[38;5;159m FPS.[0m
[38;5;159m[Genesis] [21:20:51] [INFO] Running at [38;5;121m7.05[0m[38;5;159m FPS.[0m
[38;5;159m[Genesis] [21:20:51] [INFO] Running at [38;5;121m11.82[0m[38;5;159m FPS.[0m
[38;5;159m[Genesis] [21:20:51] [INFO] Running at [38;5;121m5.62[0m[38;5;159m FPS.[0m
[38;5;159m[Genesis] [21:20:51] [INFO] Running at [38;5;121m4.92[0m[38;5;159m FPS.[0m
[38;5;159m[Genesis] [21:20:51] [INFO] Running at [38;5;121m7.40[0m[38;5;159m FPS.[0m
[38;5;159m[Genesis] [21:20:51] [INFO] Running at [38;5;121m12.40[0m[38;5;159m FPS.[0m
[38;5;159m[Genesis] [21:20:51] [INFO] Running at [38;5;121m5.90[0m[38;5;159m FPS.[0m
[38;5;159m[Genesis] [21:20:51] [INFO] Running at [38;5;121m12.91[0m[38;5;159m FPS.[0m
[38;5;159m[Genesis] [21:20:51] [INFO] Running at [38;5;121m5.15[0m[38;5;159m FPS.[0m
[38;5;159m[Genesis] [21:20:51] [INFO] Running at [38;5;121m7.72[0m[38;5;159m FPS.[0m
[38;5;159m[Genesis] [21:20:51] [INFO] Running at [38;5;121m7.90[0m[38;5;159m FPS.[0m
[38;5;159m[Genesis] [21:20:51] [INFO] Running at [38;5;121m12.91[0m[38;5;159m FPS.[0m
[38;5;159m[Genesis] [21:20:51] [INFO] Running at [38;5;121m6.03[0m[38;5;159m FPS.[0m
[38;5;159m[Genesis] [21:20:51] [INFO] Running at [38;5;121m5.26[0m[38;5;159m FPS.[0m
[38;5;159m[Genesis] [21:20:52] [INFO] Running at [38;5;121m5.75[0m[38;5;159m FPS.[0m
[38;5;159m[Genesis] [21:20:52] [INFO] Running at [38;5;121m7.28[0m[38;5;159m FPS.[0m
[38;5;159m[Genesis] [21:20:52] [INFO] Running at [38;5;121m5.11[0m[38;5;159m FPS.[0m
[38;5;159m[Genesis] [21:20:52] [INFO] Running at [38;5;121m11.01[0m[38;5;159m FPS.[0m
[38;5;159m[Genesis] [21:20:52] [INFO] Running at [38;5;121m6.04[0m[38;5;159m FPS.[0m
[38;5;159m[Genesis] [21:20:52] [INFO] Running at [38;5;121m7.64[0m[38;5;159m FPS.[0m
[38;5;159m[Genesis] [21:20:52] [INFO] Running at [38;5;121m5.37[0m[38;5;159m FPS.[0m
[38;5;159m[Genesis] [21:20:52] [INFO] Running at [38;5;121m11.56[0m[38;5;159m FPS.[0m
[38;5;159m[Genesis] [21:20:52] [INFO] Running at [38;5;121m6.34[0m[38;5;159m FPS.[0m
[38;5;159m[Genesis] [21:20:52] [INFO] Running at [38;5;121m8.03[0m[38;5;159m FPS.[0m
[38;5;159m[Genesis] [21:20:52] [INFO] Running at [38;5;121m5.64[0m[38;5;159m FPS.[0m
[38;5;159m[Genesis] [21:20:52] [INFO] Running at [38;5;121m12.12[0m[38;5;159m FPS.[0m
[38;5;159m[Genesis] [21:20:52] [INFO] Running at [38;5;121m5.92[0m[38;5;159m FPS.[0m
[38;5;159m[Genesis] [21:20:52] [INFO] Running at [38;5;121m12.63[0m[38;5;159m FPS.[0m
[38;5;159m[Genesis] [21:20:52] [INFO] Running at [38;5;121m6.64[0m[38;5;159m FPS.[0m
[38;5;159m[Genesis] [21:20:52] [INFO] Running at [38;5;121m8.37[0m[38;5;159m FPS.[0m
[38;5;159m[Genesis] [21:20:52] [INFO] Running at [38;5;121m6.78[0m[38;5;159m FPS.[0m
[38;5;159m[Genesis] [21:20:52] [INFO] Running at [38;5;121m6.03[0m[38;5;159m FPS.[0m
[38;5;159m[Genesis] [21:20:52] [INFO] Running at [38;5;121m12.44[0m[38;5;159m FPS.[0m
[38;5;159m[Genesis] [21:20:52] [INFO] Running at [38;5;121m8.39[0m[38;5;159m FPS.[0m
[38;5;159m[Genesis] [21:20:52] [INFO] Running at [38;5;121m6.36[0m[38;5;159m FPS.[0m
[38;5;159m[Genesis] [21:20:52] [INFO] Running at [38;5;121m5.74[0m[38;5;159m FPS.[0m
[38;5;159m[Genesis] [21:20:52] [INFO] Running at [38;5;121m10.77[0m[38;5;159m FPS.[0m
[38;5;159m[Genesis] [21:20:52] [INFO] Running at [38;5;121m7.76[0m[38;5;159m FPS.[0m
[38;5;159m[Genesis] [21:20:52] [INFO] Running at [38;5;121m6.68[0m[38;5;159m FPS.[0m
[38;5;159m[Genesis] [21:20:52] [INFO] Running at [38;5;121m6.03[0m[38;5;159m FPS.[0m
[38;5;159m[Genesis] [21:20:52] [INFO] Running at [38;5;121m11.30[0m[38;5;159m FPS.[0m
[38;5;159m[Genesis] [21:20:52] [INFO] Running at [38;5;121m8.15[0m[38;5;159m FPS.[0m
[38;5;159m[Genesis] [21:20:52] [INFO] Running at [38;5;121m7.01[0m[38;5;159m FPS.[0m
[38;5;159m[Genesis] [21:20:52] [INFO] Running at [38;5;121m6.34[0m[38;5;159m FPS.[0m
[38;5;159m[Genesis] [21:20:52] [INFO] Running at [38;5;121m11.86[0m[38;5;159m FPS.[0m
[38;5;159m[Genesis] [21:20:52] [INFO] Running at [38;5;121m8.55[0m[38;5;159m FPS.[0m
[38;5;159m[Genesis] [21:20:52] [INFO] Running at [38;5;121m6.65[0m[38;5;159m FPS.[0m
[38;5;159m[Genesis] [21:20:52] [INFO] Running at [38;5;121m12.35[0m[38;5;159m FPS.[0m
[38;5;159m[Genesis] [21:20:52] [INFO] Running at [38;5;121m7.33[0m[38;5;159m FPS.[0m
[38;5;159m[Genesis] [21:20:52] [INFO] Running at [38;5;121m8.91[0m[38;5;159m FPS.[0m
[38;5;159m[Genesis] [21:20:52] [INFO] Running at [38;5;121m6.83[0m[38;5;159m FPS.[0m
[38;5;159m[Genesis] [21:20:52] [INFO] Running at [38;5;121m7.51[0m[38;5;159m FPS.[0m
[38;5;159m[Genesis] [21:20:52] [INFO] Running at [38;5;121m9.05[0m[38;5;159m FPS.[0m
[38;5;159m[Genesis] [21:20:52] [INFO] Running at [38;5;121m12.30[0m[38;5;159m FPS.[0m
[38;5;159m[Genesis] [21:20:52] [INFO] Running at [38;5;121m7.03[0m[38;5;159m FPS.[0m
[38;5;159m[Genesis] [21:20:52] [INFO] Running at [38;5;121m6.44[0m[38;5;159m FPS.[0m
[38;5;159m[Genesis] [21:20:52] [INFO] Running at [38;5;121m10.84[0m[38;5;159m FPS.[0m
[38;5;159m[Genesis] [21:20:52] [INFO] Running at [38;5;121m8.32[0m[38;5;159m FPS.[0m
[38;5;159m[Genesis] [21:20:52] [INFO] Running at [38;5;121m7.39[0m[38;5;159m FPS.[0m
[38;5;159m[Genesis] [21:20:52] [INFO] Running at [38;5;121m6.77[0m[38;5;159m FPS.[0m
[38;5;159m[Genesis] [21:20:52] [INFO] Running at [38;5;121m11.38[0m[38;5;159m FPS.[0m
[38;5;159m[Genesis] [21:20:52] [INFO] Running at [38;5;121m8.74[0m[38;5;159m FPS.[0m
[38;5;159m[Genesis] [21:20:52] [INFO] Running at [38;5;121m7.76[0m[38;5;159m FPS.[0m
[38;5;159m[Genesis] [21:20:52] [INFO] Running at [38;5;121m7.11[0m[38;5;159m FPS.[0m
[38;5;159m[Genesis] [21:20:52] [INFO] Running at [38;5;121m11.94[0m[38;5;159m FPS.[0m
[38;5;159m[Genesis] [21:20:52] [INFO] Running at [38;5;121m9.18[0m[38;5;159m FPS.[0m
[38;5;159m[Genesis] [21:20:52] [INFO] Running at [38;5;121m8.11[0m[38;5;159m FPS.[0m
[38;5;159m[Genesis] [21:20:52] [INFO] Running at [38;5;121m7.43[0m[38;5;159m FPS.[0m
[38;5;159m[Genesis] [21:20:52] [INFO] Running at [38;5;121m9.56[0m[38;5;159m FPS.[0m
[38;5;159m[Genesis] [21:20:52] [INFO] Running at [38;5;121m12.36[0m[38;5;159m FPS.[0m
[38;5;159m[Genesis] [21:20:53] [INFO] Running at [38;5;121m9.75[0m[38;5;159m FPS.[0m
[38;5;159m[Genesis] [21:20:53] [INFO] Running at [38;5;121m7.61[0m[38;5;159m FPS.[0m
[38;5;159m[Genesis] [21:20:53] [INFO] Running at [38;5;121m8.23[0m[38;5;159m FPS.[0m
[38;5;159m[Genesis] [21:20:53] [INFO] Running at [38;5;121m12.13[0m[38;5;159m FPS.[0m
[38;5;159m[Genesis] [21:20:53] [INFO] Running at [38;5;121m7.68[0m[38;5;159m FPS.[0m
[38;5;159m[Genesis] [21:20:53] [INFO] Running at [38;5;121m7.12[0m[38;5;159m FPS.[0m
[38;5;159m[Genesis] [21:20:53] [INFO] Running at [38;5;121m8.83[0m[38;5;159m FPS.[0m
[38;5;159m[Genesis] [21:20:53] [INFO] Running at [38;5;121m10.93[0m[38;5;159m FPS.[0m
[38;5;159m[Genesis] [21:20:53] [INFO] Running at [38;5;121m8.06[0m[38;5;159m FPS.[0m
[38;5;159m[Genesis] [21:20:53] [INFO] Running at [38;5;121m7.48[0m[38;5;159m FPS.[0m
[38;5;159m[Genesis] [21:20:53] [INFO] Running at [38;5;121m11.47[0m[38;5;159m FPS.[0m
[38;5;159m[Genesis] [21:20:53] [INFO] Running at [38;5;121m9.27[0m[38;5;159m FPS.[0m
[38;5;159m[Genesis] [21:20:53] [INFO] Running at [38;5;121m8.47[0m[38;5;159m FPS.[0m
[38;5;159m[Genesis] [21:20:53] [INFO] Running at [38;5;121m7.86[0m[38;5;159m FPS.[0m
[38;5;159m[Genesis] [21:20:53] [INFO] Running at [38;5;121m12.03[0m[38;5;159m FPS.[0m
[38;5;159m[Genesis] [21:20:53] [INFO] Running at [38;5;121m9.73[0m[38;5;159m FPS.[0m
[38;5;159m[Genesis] [21:20:53] [INFO] Running at [38;5;121m8.87[0m[38;5;159m FPS.[0m
[38;5;159m[Genesis] [21:20:53] [INFO] Running at [38;5;121m8.22[0m[38;5;159m FPS.[0m
[38;5;159m[Genesis] [21:20:53] [INFO] Running at [38;5;121m10.12[0m[38;5;159m FPS.[0m
[38;5;159m[Genesis] [21:20:53] [INFO] Running at [38;5;121m12.45[0m[38;5;159m FPS.[0m
[38;5;159m[Genesis] [21:20:53] [INFO] Running at [38;5;121m9.07[0m[38;5;159m FPS.[0m
[38;5;159m[Genesis] [21:20:53] [INFO] Running at [38;5;121m8.40[0m[38;5;159m FPS.[0m
[38;5;159m[Genesis] [21:20:53] [INFO] Running at [38;5;121m12.40[0m[38;5;159m FPS.[0m
[38;5;159m[Genesis] [21:20:53] [INFO] Running at [38;5;121m10.08[0m[38;5;159m FPS.[0m
[38;5;159m[Genesis] [21:20:53] [INFO] Running at [38;5;121m8.13[0m[38;5;159m FPS.[0m
[38;5;159m[Genesis] [21:20:53] [INFO] Running at [38;5;121m10.76[0m[38;5;159m FPS.[0m
[38;5;159m[Genesis] [21:20:53] [INFO] Running at [38;5;121m7.64[0m[38;5;159m FPS.[0m
[38;5;159m[Genesis] [21:20:53] [INFO] Running at [38;5;121m9.11[0m[38;5;159m FPS.[0m
[38;5;159m[Genesis] [21:20:53] [INFO] Running at [38;5;121m8.53[0m[38;5;159m FPS.[0m
[38;5;159m[Genesis] [21:20:53] [INFO] Running at [38;5;121m11.29[0m[38;5;159m FPS.[0m
[38;5;159m[Genesis] [21:20:53] [INFO] Running at [38;5;121m8.02[0m[38;5;159m FPS.[0m
[38;5;159m[Genesis] [21:20:53] [INFO] Running at [38;5;121m9.57[0m[38;5;159m FPS.[0m
[38;5;159m[Genesis] [21:20:53] [INFO] Running at [38;5;121m8.96[0m[38;5;159m FPS.[0m
[38;5;159m[Genesis] [21:20:53] [INFO] Running at [38;5;121m11.85[0m[38;5;159m FPS.[0m
[38;5;159m[Genesis] [21:20:53] [INFO] Running at [38;5;121m8.43[0m[38;5;159m FPS.[0m
[38;5;159m[Genesis] [21:20:53] [INFO] Running at [38;5;121m10.04[0m[38;5;159m FPS.[0m
[38;5;159m[Genesis] [21:20:53] [INFO] Running at [38;5;121m9.38[0m[38;5;159m FPS.[0m
[38;5;159m[Genesis] [21:20:53] [INFO] Running at [38;5;121m8.79[0m[38;5;159m FPS.[0m
[38;5;159m[Genesis] [21:20:53] [INFO] Running at [38;5;121m10.44[0m[38;5;159m FPS.[0m
[38;5;159m[Genesis] [21:20:53] [INFO] Running at [38;5;121m12.27[0m[38;5;159m FPS.[0m
[38;5;159m[Genesis] [21:20:53] [INFO] Running at [38;5;121m9.51[0m[38;5;159m FPS.[0m
[38;5;159m[Genesis] [21:20:53] [INFO] Running at [38;5;121m8.93[0m[38;5;159m FPS.[0m
[38;5;159m[Genesis] [21:20:53] [INFO] Running at [38;5;121m12.17[0m[38;5;159m FPS.[0m
[38;5;159m[Genesis] [21:20:53] [INFO] Running at [38;5;121m10.30[0m[38;5;159m FPS.[0m
[38;5;159m[Genesis] [21:20:54] [INFO] Running at [38;5;121m8.59[0m[38;5;159m FPS.[0m
[38;5;159m[Genesis] [21:20:54] [INFO] Running at [38;5;121m8.17[0m[38;5;159m FPS.[0m
[38;5;159m[Genesis] [21:20:54] [INFO] Running at [38;5;121m10.73[0m[38;5;159m FPS.[0m
[38;5;159m[Genesis] [21:20:54] [INFO] Running at [38;5;121m9.42[0m[38;5;159m FPS.[0m
[38;5;159m[Genesis] [21:20:54] [INFO] Running at [38;5;121m9.02[0m[38;5;159m FPS.[0m
[38;5;159m[Genesis] [21:20:54] [INFO] Running at [38;5;121m8.58[0m[38;5;159m FPS.[0m
[38;5;159m[Genesis] [21:20:54] [INFO] Running at [38;5;121m9.47[0m[38;5;159m FPS.[0m
[38;5;159m[Genesis] [21:20:54] [INFO] Running at [38;5;121m9.01[0m[38;5;159m FPS.[0m
[38;5;159m[Genesis] [21:20:54] [INFO] Running at [38;5;121m11.25[0m[38;5;159m FPS.[0m
[38;5;159m[Genesis] [21:20:54] [INFO] Running at [38;5;121m9.88[0m[38;5;159m FPS.[0m
[38;5;159m[Genesis] [21:20:54] [INFO] Running at [38;5;121m11.80[0m[38;5;159m FPS.[0m
[38;5;159m[Genesis] [21:20:54] [INFO] Running at [38;5;121m10.37[0m[38;5;159m FPS.[0m
[38;5;159m[Genesis] [21:20:54] [INFO] Running at [38;5;121m9.91[0m[38;5;159m FPS.[0m
[38;5;159m[Genesis] [21:20:54] [INFO] Running at [38;5;121m12.34[0m[38;5;159m FPS.[0m
[38;5;159m[Genesis] [21:20:54] [INFO] Running at [38;5;121m9.39[0m[38;5;159m FPS.[0m
[38;5;159m[Genesis] [21:20:54] [INFO] Running at [38;5;121m10.81[0m[38;5;159m FPS.[0m
[38;5;159m[Genesis] [21:20:54] [INFO] Running at [38;5;121m12.43[0m[38;5;159m FPS.[0m
[38;5;159m[Genesis] [21:20:54] [INFO] Running at [38;5;121m10.95[0m[38;5;159m FPS.[0m
[38;5;159m[Genesis] [21:20:54] [INFO] Running at [38;5;121m9.98[0m[38;5;159m FPS.[0m
[38;5;159m[Genesis] [21:20:54] [INFO] Running at [38;5;121m9.51[0m[38;5;159m FPS.[0m
[38;5;159m[Genesis] [21:20:54] [INFO] Running at [38;5;121m9.15[0m[38;5;159m FPS.[0m
[38;5;159m[Genesis] [21:20:54] [INFO] Running at [38;5;121m10.97[0m[38;5;159m FPS.[0m
[38;5;159m[Genesis] [21:20:54] [INFO] Running at [38;5;121m8.78[0m[38;5;159m FPS.[0m
[38;5;159m[Genesis] [21:20:54] [INFO] Running at [38;5;121m9.88[0m[38;5;159m FPS.[0m
[38;5;159m[Genesis] [21:20:54] [INFO] Running at [38;5;121m9.60[0m[38;5;159m FPS.[0m
[38;5;159m[Genesis] [21:20:54] [INFO] Running at [38;5;121m11.51[0m[38;5;159m FPS.[0m
[38;5;159m[Genesis] [21:20:54] [INFO] Running at [38;5;121m9.21[0m[38;5;159m FPS.[0m
[38;5;159m[Genesis] [21:20:54] [INFO] Running at [38;5;121m10.37[0m[38;5;159m FPS.[0m
[38;5;159m[Genesis] [21:20:54] [INFO] Running at [38;5;121m10.08[0m[38;5;159m FPS.[0m
[38;5;159m[Genesis] [21:20:54] [INFO] Running at [38;5;121m12.07[0m[38;5;159m FPS.[0m
[38;5;159m[Genesis] [21:20:54] [INFO] Running at [38;5;121m9.67[0m[38;5;159m FPS.[0m
[38;5;159m[Genesis] [21:20:54] [INFO] Running at [38;5;121m10.88[0m[38;5;159m FPS.[0m
[38;5;159m[Genesis] [21:20:54] [INFO] Running at [38;5;121m10.55[0m[38;5;159m FPS.[0m
[38;5;159m[Genesis] [21:20:54] [INFO] Running at [38;5;121m10.12[0m[38;5;159m FPS.[0m
[38;5;159m[Genesis] [21:20:54] [INFO] Running at [38;5;121m12.58[0m[38;5;159m FPS.[0m
[38;5;159m[Genesis] [21:20:54] [INFO] Running at [38;5;121m11.32[0m[38;5;159m FPS.[0m
[38;5;159m[Genesis] [21:20:54] [INFO] Running at [38;5;121m10.65[0m[38;5;159m FPS.[0m
[38;5;159m[Genesis] [21:20:54] [INFO] Running at [38;5;121m12.58[0m[38;5;159m FPS.[0m
[38;5;159m[Genesis] [21:20:54] [INFO] Running at [38;5;121m11.38[0m[38;5;159m FPS.[0m
[38;5;159m[Genesis] [21:20:54] [INFO] Running at [38;5;121m10.14[0m[38;5;159m FPS.[0m
[38;5;159m[Genesis] [21:20:55] [INFO] Running at [38;5;121m10.18[0m[38;5;159m FPS.[0m
[38;5;159m[Genesis] [21:20:55] [INFO] Running at [38;5;121m9.56[0m[38;5;159m FPS.[0m
[38;5;159m[Genesis] [21:20:55] [INFO] Running at [38;5;121m11.05[0m[38;5;159m FPS.[0m
[38;5;159m[Genesis] [21:20:55] [INFO] Running at [38;5;121m9.25[0m[38;5;159m FPS.[0m
[38;5;159m[Genesis] [21:20:55] [INFO] Running at [38;5;121m10.03[0m[38;5;159m FPS.[0m
[38;5;159m[Genesis] [21:20:55] [INFO] Running at [38;5;121m10.69[0m[38;5;159m FPS.[0m
[38;5;159m[Genesis] [21:20:55] [INFO] Running at [38;5;121m9.71[0m[38;5;159m FPS.[0m
[38;5;159m[Genesis] [21:20:55] [INFO] Running at [38;5;121m11.59[0m[38;5;159m FPS.[0m
[38;5;159m[Genesis] [21:20:55] [INFO] Running at [38;5;121m10.53[0m[38;5;159m FPS.[0m
[38;5;159m[Genesis] [21:20:55] [INFO] Running at [38;5;121m10.19[0m[38;5;159m FPS.[0m
[38;5;159m[Genesis] [21:20:55] [INFO] Running at [38;5;121m11.21[0m[38;5;159m FPS.[0m
[38;5;159m[Genesis] [21:20:55] [INFO] Running at [38;5;121m12.15[0m[38;5;159m FPS.[0m
[38;5;159m[Genesis] [21:20:55] [INFO] Running at [38;5;121m11.73[0m[38;5;159m FPS.[0m
[38;5;159m[Genesis] [21:20:55] [INFO] Running at [38;5;121m12.70[0m[38;5;159m FPS.[0m
[38;5;159m[Genesis] [21:20:55] [INFO] Running at [38;5;121m11.00[0m[38;5;159m FPS.[0m
[38;5;159m[Genesis] [21:20:55] [INFO] Running at [38;5;121m10.63[0m[38;5;159m FPS.[0m
[38;5;159m[Genesis] [21:20:55] [INFO] Running at [38;5;121m12.84[0m[38;5;159m FPS.[0m
[38;5;159m[Genesis] [21:20:55] [INFO] Running at [38;5;121m11.18[0m[38;5;159m FPS.[0m
[38;5;159m[Genesis] [21:20:55] [INFO] Running at [38;5;121m11.79[0m[38;5;159m FPS.[0m
[38;5;159m[Genesis] [21:20:55] [INFO] Running at [38;5;121m10.63[0m[38;5;159m FPS.[0m
[38;5;159m[Genesis] [21:20:55] [INFO] Running at [38;5;121m10.13[0m[38;5;159m FPS.[0m
[38;5;159m[Genesis] [21:20:55] [INFO] Running at [38;5;121m9.87[0m[38;5;159m FPS.[0m
[38;5;159m[Genesis] [21:20:55] [INFO] Running at [38;5;121m10.66[0m[38;5;159m FPS.[0m
[38;5;159m[Genesis] [21:20:55] [INFO] Running at [38;5;121m11.38[0m[38;5;159m FPS.[0m
[38;5;159m[Genesis] [21:20:55] [INFO] Running at [38;5;121m10.63[0m[38;5;159m FPS.[0m
[38;5;159m[Genesis] [21:20:55] [INFO] Running at [38;5;121m10.36[0m[38;5;159m FPS.[0m
[38;5;159m[Genesis] [21:20:55] [INFO] Running at [38;5;121m11.94[0m[38;5;159m FPS.[0m
[38;5;159m[Genesis] [21:20:55] [INFO] Running at [38;5;121m11.19[0m[38;5;159m FPS.[0m
[38;5;159m[Genesis] [21:20:55] [INFO] Running at [38;5;121m11.15[0m[38;5;159m FPS.[0m
[38;5;159m[Genesis] [21:20:55] [INFO] Running at [38;5;121m10.87[0m[38;5;159m FPS.[0m
[38;5;159m[Genesis] [21:20:55] [INFO] Running at [38;5;121m11.74[0m[38;5;159m FPS.[0m
[38;5;159m[Genesis] [21:20:55] [INFO] Running at [38;5;121m12.52[0m[38;5;159m FPS.[0m
[38;5;159m[Genesis] [21:20:55] [INFO] Running at [38;5;121m11.70[0m[38;5;159m FPS.[0m
[38;5;159m[Genesis] [21:20:55] [INFO] Running at [38;5;121m11.36[0m[38;5;159m FPS.[0m
[38;5;159m[Genesis] [21:20:55] [INFO] Running at [38;5;121m13.04[0m[38;5;159m FPS.[0m
[38;5;159m[Genesis] [21:20:55] [INFO] Running at [38;5;121m12.19[0m[38;5;159m FPS.[0m
[38;5;159m[Genesis] [21:20:55] [INFO] Running at [38;5;121m11.95[0m[38;5;159m FPS.[0m
[38;5;159m[Genesis] [21:20:55] [INFO] Running at [38;5;121m13.18[0m[38;5;159m FPS.[0m
[38;5;159m[Genesis] [21:20:55] [INFO] Running at [38;5;121m11.31[0m[38;5;159m FPS.[0m
[38;5;159m[Genesis] [21:20:55] [INFO] Running at [38;5;121m12.15[0m[38;5;159m FPS.[0m
[38;5;159m[Genesis] [21:20:55] [INFO] Running at [38;5;121m10.49[0m[38;5;159m FPS.[0m
[38;5;159m[Genesis] [21:20:55] [INFO] Running at [38;5;121m10.29[0m[38;5;159m FPS.[0m
[38;5;159m[Genesis] [21:20:55] [INFO] Running at [38;5;121m10.96[0m[38;5;159m FPS.[0m
[38;5;159m[Genesis] [21:20:55] [INFO] Running at [38;5;121m11.52[0m[38;5;159m FPS.[0m
[38;5;159m[Genesis] [21:20:55] [INFO] Running at [38;5;121m11.01[0m[38;5;159m FPS.[0m
[38;5;159m[Genesis] [21:20:55] [INFO] Running at [38;5;121m10.80[0m[38;5;159m FPS.[0m
[38;5;159m[Genesis] [21:20:55] [INFO] Running at [38;5;121m11.50[0m[38;5;159m FPS.[0m
[38;5;159m[Genesis] [21:20:55] [INFO] Running at [38;5;121m12.09[0m[38;5;159m FPS.[0m
[38;5;159m[Genesis] [21:20:55] [INFO] Running at [38;5;121m11.56[0m[38;5;159m FPS.[0m
[38;5;159m[Genesis] [21:20:55] [INFO] Running at [38;5;121m11.34[0m[38;5;159m FPS.[0m
[38;5;159m[Genesis] [21:20:55] [INFO] Running at [38;5;121m12.06[0m[38;5;159m FPS.[0m
[38;5;159m[Genesis] [21:20:55] [INFO] Running at [38;5;121m12.68[0m[38;5;159m FPS.[0m
[38;5;159m[Genesis] [21:20:55] [INFO] Running at [38;5;121m12.11[0m[38;5;159m FPS.[0m
[38;5;159m[Genesis] [21:20:55] [INFO] Running at [38;5;121m11.86[0m[38;5;159m FPS.[0m
[38;5;159m[Genesis] [21:20:55] [INFO] Running at [38;5;121m13.22[0m[38;5;159m FPS.[0m
[38;5;159m[Genesis] [21:20:55] [INFO] Running at [38;5;121m12.53[0m[38;5;159m FPS.[0m
[38;5;159m[Genesis] [21:20:55] [INFO] Running at [38;5;121m12.33[0m[38;5;159m FPS.[0m
[38;5;159m[Genesis] [21:20:55] [INFO] Running at [38;5;121m13.27[0m[38;5;159m FPS.[0m
[38;5;159m[Genesis] [21:20:55] [INFO] Running at [38;5;121m11.90[0m[38;5;159m FPS.[0m
[38;5;159m[Genesis] [21:20:55] [INFO] Running at [38;5;121m12.41[0m[38;5;159m FPS.[0m
[38;5;159m[Genesis] [21:20:56] [INFO] Scene [38;5;121m[3m<59e2b42>[0m[38;5;159m created.[0m
[38;5;159m[Genesis] [21:20:56] [INFO] Adding [38;5;121m<gs.RigidEntity>[0m[38;5;159m. idx: [38;5;121m0[0m[38;5;159m, uid: [38;5;121m[3m<471ef8f>[0m[38;5;159m, morph: [38;5;121m<gs.morphs.Plane>[0m[38;5;159m, material: [38;5;121m<gs.materials.Rigid>[0m[38;5;159m.[0m
[38;5;159m[Genesis] [21:20:56] [INFO] Adding [38;5;121m<gs.RigidEntity>[0m[38;5;159m. idx: [38;5;121m1[0m[38;5;159m, uid: [38;5;121m[3m<d4da6e6>[0m[38;5;159m, morph: [38;5;121m<gs.morphs.URDF(file='/home/jkoba/SynologyDrive/genesis_humanoid_rl/assets/robots/g1/g1_29dof.urdf')>[0m[38;5;159m, material: [38;5;121m<gs.materials.Rigid>[0m[38;5;159m.[0m
[38;5;159m[Genesis] [21:20:57] [INFO] Building scene [38;5;121m[3m<59e2b42>[0m[38;5;159m...[0m
[38;5;159m[Genesis] [21:21:06] [INFO] Compiling simulation kernels...[0m
[38;5;159m[Genesis] [21:21:40] [INFO] Building visualizer...[0m
[38;5;159m[Genesis] [21:21:40] [INFO] Running at [38;5;121m143.88[0m[38;5;159m FPS.[0m
[38;5;159m[Genesis] [21:21:40] [INFO] Running at [38;5;121m145.77[0m[38;5;159m FPS.[0m
[38;5;159m[Genesis] [21:21:40] [INFO] Running at [38;5;121m147.99[0m[38;5;159m FPS.[0m
[38;5;159m[Genesis] [21:21:40] [INFO] Running at [38;5;121m150.26[0m[38;5;159m FPS.[0m
[38;5;159m[Genesis] [21:21:40] [INFO] Running at [38;5;121m152.46[0m[38;5;159m FPS.[0m
[38;5;159m[Genesis] [21:21:40] [INFO] Running at [38;5;121m154.60[0m[38;5;159m FPS.[0m
[38;5;159m[Genesis] [21:21:40] [INFO] Running at [38;5;121m150.64[0m[38;5;159m FPS.[0m
[38;5;159m[Genesis] [21:21:40] [INFO] Running at [38;5;121m146.41[0m[38;5;159m FPS.[0m
[38;5;159m[Genesis] [21:21:40] [INFO] Running at [38;5;121m142.53[0m[38;5;159m FPS.[0m
[38;5;159m[Genesis] [21:21:40] [INFO] Running at [38;5;121m139.01[0m[38;5;159m FPS.[0m
[38;5;159m[Genesis] [21:21:40] [INFO] Running at [38;5;121m0.43[0m[38;5;159m FPS.[0m
[38;5;159m[Genesis] [21:21:40] [INFO] Running at [38;5;121m0.43[0m[38;5;159m FPS.[0m
[38;5;159m[Genesis] [21:21:40] [INFO] Running at [38;5;121m0.43[0m[38;5;159m FPS.[0m
[38;5;159m[Genesis] [21:21:40] [INFO] Running at [38;5;121m0.45[0m[38;5;159m FPS.[0m
[38;5;159m[Genesis] [21:21:40] [INFO] Running at [38;5;121m0.46[0m[38;5;159m FPS.[0m
[38;5;159m[Genesis] [21:21:40] [INFO] Running at [38;5;121m0.45[0m[38;5;159m FPS.[0m
[38;5;159m[Genesis] [21:21:40] [INFO] Running at [38;5;121m0.48[0m[38;5;159m FPS.[0m
[38;5;159m[Genesis] [21:21:40] [INFO] Running at [38;5;121m0.48[0m[38;5;159m FPS.[0m
[38;5;159m[Genesis] [21:21:40] [INFO] Running at [38;5;121m0.48[0m[38;5;159m FPS.[0m
[38;5;159m[Genesis] [21:21:40] [INFO] Running at [38;5;121m0.50[0m[38;5;159m FPS.[0m
[38;5;159m[Genesis] [21:21:40] [INFO] Running at [38;5;121m0.50[0m[38;5;159m FPS.[0m
[38;5;159m[Genesis] [21:21:40] [INFO] Running at [38;5;121m0.50[0m[38;5;159m FPS.[0m
[38;5;159m[Genesis] [21:21:40] [INFO] Running at [38;5;121m57.20[0m[38;5;159m FPS.[0m
[38;5;159m[Genesis] [21:21:40] [INFO] Running at [38;5;121m59.32[0m[38;5;159m FPS.[0m
[38;5;159m[Genesis] [21:21:40] [INFO] Running at [38;5;121m61.50[0m[38;5;159m FPS.[0m
[38;5;159m[Genesis] [21:21:40] [INFO] Running at [38;5;121m62.96[0m[38;5;159m FPS.[0m
[38;5;159m[Genesis] [21:21:40] [INFO] Running at [38;5;121m0.53[0m[38;5;159m FPS.[0m
[38;5;159m[Genesis] [21:21:40] [INFO] Running at [38;5;121m0.53[0m[38;5;159m FPS.[0m
[38;5;159m[Genesis] [21:21:40] [INFO] Running at [38;5;121m57.69[0m[38;5;159m FPS.[0m
[38;5;159m[Genesis] [21:21:40] [INFO] Running at [38;5;121m0.53[0m[38;5;159m FPS.[0m
[38;5;159m[Genesis] [21:21:41] [INFO] Running at [38;5;121m0.55[0m[38;5;159m FPS.[0m
[38;5;159m[Genesis] [21:21:41] [INFO] Running at [38;5;121m0.55[0m[38;5;159m FPS.[0m
[38;5;159m[Genesis] [21:21:41] [INFO] Running at [38;5;121m35.16[0m[38;5;159m FPS.[0m
[38;5;159m[Genesis] [21:21:41] [INFO] Running at [38;5;121m0.55[0m[38;5;159m FPS.[0m
[38;5;159m[Genesis] [21:21:41] [INFO] Running at [38;5;121m36.67[0m[38;5;159m FPS.[0m
[38;5;159m[Genesis] [21:21:41] [INFO] Running at [38;5;121m0.58[0m[38;5;159m FPS.[0m
[38;5;159m[Genesis] [21:21:41] [INFO] Running at [38;5;121m0.58[0m[38;5;159m FPS.[0m
[38;5;159m[Genesis] [21:21:41] [INFO] Running at [38;5;121m0.58[0m[38;5;159m FPS.[0m
[38;5;159m[Genesis] [21:21:41] [INFO] Running at [38;5;121m38.22[0m[38;5;159m FPS.[0m
[38;5;159m[Genesis] [21:21:41] [INFO] Running at [38;5;121m0.61[0m[38;5;159m FPS.[0m
[38;5;159m[Genesis] [21:21:41] [INFO] Running at [38;5;121m0.61[0m[38;5;159m FPS.[0m
[38;5;159m[Genesis] [21:21:41] [INFO] Running at [38;5;121m0.61[0m[38;5;159m FPS.[0m
[38;5;159m[Genesis] [21:21:41] [INFO] Running at [38;5;121m39.83[0m[38;5;159m FPS.[0m
[38;5;159m[Genesis] [21:21:41] [INFO] Running at [38;5;121m0.65[0m[38;5;159m FPS.[0m
[38;5;159m[Genesis] [21:21:41] [INFO] Running at [38;5;121m0.64[0m[38;5;159m FPS.[0m
[38;5;159m[Genesis] [21:21:41] [INFO] Running at [38;5;121m0.64[0m[38;5;159m FPS.[0m
[38;5;159m[Genesis] [21:21:41] [INFO] Running at [38;5;121m38.92[0m[38;5;159m FPS.[0m
[38;5;159m[Genesis] [21:21:41] [INFO] Running at [38;5;121m0.68[0m[38;5;159m FPS.[0m
[38;5;159m[Genesis] [21:21:41] [INFO] Running at [38;5;121m0.68[0m[38;5;159m FPS.[0m
[38;5;159m[Genesis] [21:21:41] [INFO] Running at [38;5;121m0.68[0m[38;5;159m FPS.[0m
[38;5;159m[Genesis] [21:21:41] [INFO] Running at [38;5;121m26.71[0m[38;5;159m FPS.[0m
[38;5;159m[Genesis] [21:21:41] [INFO] Running at [38;5;121m0.71[0m[38;5;159m FPS.[0m
[38;5;159m[Genesis] [21:21:41] [INFO] Running at [38;5;121m0.71[0m[38;5;159m FPS.[0m
[38;5;159m[Genesis] [21:21:41] [INFO] Running at [38;5;121m0.71[0m[38;5;159m FPS.[0m
[38;5;159m[Genesis] [21:21:41] [INFO] Running at [38;5;121m27.92[0m[38;5;159m FPS.[0m
[38;5;159m[Genesis] [21:21:41] [INFO] Running at [38;5;121m0.74[0m[38;5;159m FPS.[0m
[38;5;159m[Genesis] [21:21:41] [INFO] Running at [38;5;121m0.74[0m[38;5;159m FPS.[0m
[38;5;159m[Genesis] [21:21:41] [INFO] Running at [38;5;121m0.74[0m[38;5;159m FPS.[0m
[38;5;159m[Genesis] [21:21:41] [INFO] Running at [38;5;121m29.17[0m[38;5;159m FPS.[0m
[38;5;159m[Genesis] [21:21:41] [INFO] Running at [38;5;121m0.78[0m[38;5;159m FPS.[0m
[38;5;159m[Genesis] [21:21:41] [INFO] Running at [38;5;121m0.78[0m[38;5;159m FPS.[0m
[38;5;159m[Genesis] [21:21:41] [INFO] Running at [38;5;121m0.78[0m[38;5;159m FPS.[0m
[38;5;159m[Genesis] [21:21:41] [INFO] Running at [38;5;121m30.48[0m[38;5;159m FPS.[0m
[38;5;159m[Genesis] [21:21:41] [INFO] Running at [38;5;121m0.83[0m[38;5;159m FPS.[0m
[38;5;159m[Genesis] [21:21:41] [INFO] Running at [38;5;121m0.82[0m[38;5;159m FPS.[0m
[38;5;159m[Genesis] [21:21:41] [INFO] Running at [38;5;121m0.82[0m[38;5;159m FPS.[0m
[38;5;159m[Genesis] [21:21:41] [INFO] Running at [38;5;121m30.27[0m[38;5;159m FPS.[0m
[38;5;159m[Genesis] [21:21:41] [INFO] Running at [38;5;121m0.86[0m[38;5;159m FPS.[0m
[38;5;159m[Genesis] [21:21:41] [INFO] Running at [38;5;121m0.87[0m[38;5;159m FPS.[0m
[38;5;159m[Genesis] [21:21:41] [INFO] Running at [38;5;121m0.86[0m[38;5;159m FPS.[0m
[38;5;159m[Genesis] [21:21:41] [INFO] Scene [38;5;121m[3m<7fe4baa>[0m[38;5;159m created.[0m
[38;5;159m[Genesis] [21:21:41] [INFO] Adding [38;5;121m<gs.RigidEntity>[0m[38;5;159m. idx: [38;5;121m0[0m[38;5;159m, uid: [38;5;121m[3m<c4eb3a5>[0m[38;5;159m, morph: [38;5;121m<gs.morphs.Plane>[0m[38;5;159m, material: [38;5;121m<gs.materials.Rigid>[0m[38;5;159m.[0m
[38;5;159m[Genesis] [21:21:41] [INFO] Adding [38;5;121m<gs.RigidEntity>[0m[38;5;159m. idx: [38;5;121m1[0m[38;5;159m, uid: [38;5;121m[3m<9823d03>[0m[38;5;159m, morph: [38;5;121m<gs.morphs.URDF(file='/home/jkoba/SynologyDrive/genesis_humanoid_rl/assets/robots/g1/g1_29dof.urdf')>[0m[38;5;159m, material: [38;5;121m<gs.materials.Rigid>[0m[38;5;159m.[0m
[38;5;159m[Genesis] [21:21:42] [INFO] Building scene [38;5;121m[3m<7fe4baa>[0m[38;5;159m...[0m
[38;5;159m[Genesis] [21:21:51] [INFO] Compiling simulation kernels...[0m
[38;5;159m[Genesis] [21:22:24] [INFO] Building visualizer...[0m
[38;5;159m[Genesis] [21:22:25] [INFO] Running at [38;5;121m149.58[0m[38;5;159m FPS.[0m
[38;5;159m[Genesis] [21:22:25] [INFO] Running at [38;5;121m151.73[0m[38;5;159m FPS.[0m
[38;5;159m[Genesis] [21:22:25] [INFO] Running at [38;5;121m153.73[0m[38;5;159m FPS.[0m
[38;5;159m[Genesis] [21:22:25] [INFO] Running at [38;5;121m155.81[0m[38;5;159m FPS.[0m
[38;5;159m[Genesis] [21:22:25] [INFO] Running at [38;5;121m157.72[0m[38;5;159m FPS.[0m
[38;5;159m[Genesis] [21:22:25] [INFO] Running at [38;5;121m159.70[0m[38;5;159m FPS.[0m
[38;5;159m[Genesis] [21:22:25] [INFO] Running at [38;5;121m155.47[0m[38;5;159m FPS.[0m
[38;5;159m[Genesis] [21:22:25] [INFO] Running at [38;5;121m150.65[0m[38;5;159m FPS.[0m
[38;5;159m[Genesis] [21:22:25] [INFO] Running at [38;5;121m146.32[0m[38;5;159m FPS.[0m
[38;5;159m[Genesis] [21:22:25] [INFO] Running at [38;5;121m142.44[0m[38;5;159m FPS.[0m
[38;5;159m[Genesis] [21:22:25] [INFO] Running at [38;5;121m0.45[0m[38;5;159m FPS.[0m
[38;5;159m[Genesis] [21:22:25] [INFO] Running at [38;5;121m0.30[0m[38;5;159m FPS.[0m
[38;5;159m[Genesis] [21:22:25] [INFO] Running at [38;5;121m0.30[0m[38;5;159m FPS.[0m
[38;5;159m[Genesis] [21:22:25] [INFO] Running at [38;5;121m0.47[0m[38;5;159m FPS.[0m
[38;5;159m[Genesis] [21:22:25] [INFO] Running at [38;5;121m0.32[0m[38;5;159m FPS.[0m
[38;5;159m[Genesis] [21:22:25] [INFO] Running at [38;5;121m0.32[0m[38;5;159m FPS.[0m
[38;5;159m[Genesis] [21:22:25] [INFO] Running at [38;5;121m0.49[0m[38;5;159m FPS.[0m
[38;5;159m[Genesis] [21:22:25] [INFO] Running at [38;5;121m0.34[0m[38;5;159m FPS.[0m
[38;5;159m[Genesis] [21:22:25] [INFO] Running at [38;5;121m0.34[0m[38;5;159m FPS.[0m
[38;5;159m[Genesis] [21:22:25] [INFO] Running at [38;5;121m0.52[0m[38;5;159m FPS.[0m
[38;5;159m[Genesis] [21:22:25] [INFO] Running at [38;5;121m0.35[0m[38;5;159m FPS.[0m
[38;5;159m[Genesis] [21:22:25] [INFO] Running at [38;5;121m0.35[0m[38;5;159m FPS.[0m
[38;5;159m[Genesis] [21:22:25] [INFO] Running at [38;5;121m58.54[0m[38;5;159m FPS.[0m
[38;5;159m[Genesis] [21:22:25] [INFO] Running at [38;5;121m60.67[0m[38;5;159m FPS.[0m
[38;5;159m[Genesis] [21:22:25] [INFO] Running at [38;5;121m62.84[0m[38;5;159m FPS.[0m
[38;5;159m[Genesis] [21:22:25] [INFO] Running at [38;5;121m65.05[0m[38;5;159m FPS.[0m
[38;5;159m[Genesis] [21:22:25] [INFO] Running at [38;5;121m0.37[0m[38;5;159m FPS.[0m
[38;5;159m[Genesis] [21:22:25] [INFO] Running at [38;5;121m0.55[0m[38;5;159m FPS.[0m
[38;5;159m[Genesis] [21:22:25] [INFO] Running at [38;5;121m0.37[0m[38;5;159m FPS.[0m
[38;5;159m[Genesis] [21:22:25] [INFO] Running at [38;5;121m60.41[0m[38;5;159m FPS.[0m
[38;5;159m[Genesis] [21:22:25] [INFO] Running at [38;5;121m0.57[0m[38;5;159m FPS.[0m
[38;5;159m[Genesis] [21:22:25] [INFO] Running at [38;5;121m0.39[0m[38;5;159m FPS.[0m
[38;5;159m[Genesis] [21:22:25] [INFO] Running at [38;5;121m0.39[0m[38;5;159m FPS.[0m
[38;5;159m[Genesis] [21:22:25] [INFO] Running at [38;5;121m37.65[0m[38;5;159m FPS.[0m
[38;5;159m[Genesis] [21:22:25] [INFO] Running at [38;5;121m0.60[0m[38;5;159m FPS.[0m
[38;5;159m[Genesis] [21:22:25] [INFO] Running at [38;5;121m0.41[0m[38;5;159m FPS.[0m
[38;5;159m[Genesis] [21:22:25] [INFO] Running at [38;5;121m0.41[0m[38;5;159m FPS.[0m
[38;5;159m[Genesis] [21:22:25] [INFO] Running at [38;5;121m39.24[0m[38;5;159m FPS.[0m
[38;5;159m[Genesis] [21:22:25] [INFO] Running at [38;5;121m0.63[0m[38;5;159m FPS.[0m
[38;5;159m[Genesis] [21:22:25] [INFO] Running at [38;5;121m0.43[0m[38;5;159m FPS.[0m
[38;5;159m[Genesis] [21:22:25] [INFO] Running at [38;5;121m0.43[0m[38;5;159m FPS.[0m
[38;5;159m[Genesis] [21:22:25] [INFO] Running at [38;5;121m40.88[0m[38;5;159m FPS.[0m
[38;5;159m[Genesis] [21:22:25] [INFO] Running at [38;5;121m42.56[0m[38;5;159m FPS.[0m
[38;5;159m[Genesis] [21:22:25] [INFO] Running at [38;5;121m0.45[0m[38;5;159m FPS.[0m
[38;5;159m[Genesis] [21:22:25] [INFO] Running at [38;5;121m0.67[0m[38;5;159m FPS.[0m
[38;5;159m[Genesis] [21:22:25] [INFO] Running at [38;5;121m0.45[0m[38;5;159m FPS.[0m
[38;5;159m[Genesis] [21:22:25] [INFO] Running at [38;5;121m41.21[0m[38;5;159m FPS.[0m
[38;5;159m[Genesis] [21:22:25] [INFO] Running at [38;5;121m0.48[0m[38;5;159m FPS.[0m
[38;5;159m[Genesis] [21:22:25] [INFO] Running at [38;5;121m0.48[0m[38;5;159m FPS.[0m
[38;5;159m[Genesis] [21:22:25] [INFO] Running at [38;5;121m0.70[0m[38;5;159m FPS.[0m
[38;5;159m[Genesis] [21:22:26] [INFO] Scene [38;5;121m[3m<5c68860>[0m[38;5;159m created.[0m
[38;5;159m[Genesis] [21:22:26] [INFO] Adding [38;5;121m<gs.RigidEntity>[0m[38;5;159m. idx: [38;5;121m0[0m[38;5;159m, uid: [38;5;121m[3m<ef318c7>[0m[38;5;159m, morph: [38;5;121m<gs.morphs.Plane>[0m[38;5;159m, material: [38;5;121m<gs.materials.Rigid>[0m[38;5;159m.[0m
[38;5;159m[Genesis] [21:22:26] [INFO] Scene [38;5;121m[3m<a4f2720>[0m[38;5;159m created.[0m
[38;5;159m[Genesis] [21:22:26] [INFO] Adding [38;5;121m<gs.RigidEntity>[0m[38;5;159m. idx: [38;5;121m0[0m[38;5;159m, uid: [38;5;121m[3m<f5cbfe4>[0m[38;5;159m, morph: [38;5;121m<gs.morphs.Plane>[0m[38;5;159m, material: [38;5;121m<gs.materials.Rigid>[0m[38;5;159m.[0m
[38;5;159m[Genesis] [21:22:26] [INFO] Adding [38;5;121m<gs.RigidEntity>[0m[38;5;159m. idx: [38;5;121m1[0m[38;5;159m, uid: [38;5;121m[3m<41d3ddd>[0m[38;5;159m, morph: [38;5;121m<gs.morphs.URDF(file='/home/jkoba/SynologyDrive/genesis_humanoid_rl/assets/robots/g1/g1_29dof.urdf')>[0m[38;5;159m, material: [38;5;121m<gs.materials.Rigid>[0m[38;5;159m.[0m
[38;5;159m[Genesis] [21:22:26] [INFO] Adding [38;5;121m<gs.RigidEntity>[0m[38;5;159m. idx: [38;5;121m1[0m[38;5;159m, uid: [38;5;121m[3m<074854c>[0m[38;5;159m, morph: [38;5;121m<gs.morphs.URDF(file='/home/jkoba/SynologyDrive/genesis_humanoid_rl/assets/robots/g1/g1_29dof.urdf')>[0m[38;5;159m, material: [38;5;121m<gs.materials.Rigid>[0m[38;5;159m.[0m
[38;5;159m[Genesis] [21:22:28] [INFO] Building scene [38;5;121m[3m<5c68860>[0m[38;5;159m...[0m
[38;5;159m[Genesis] [21:22:28] [INFO] Building scene [38;5;121m[3m<a4f2720>[0m[38;5;159m...[0m
[38;5;159m[Genesis] [21:22:39] [INFO] Compiling simulation kernels...[0m
[38;5;159m[Genesis] [21:22:39] [INFO] Compiling simulation kernels...[0m
[38;5;159m[Genesis] [21:23:16] [INFO] Building visualizer...[0m
[38;5;159m[Genesis] [21:23:16] [INFO] Building visualizer...[0m
[38;5;159m[Genesis] [21:23:16] [INFO] Running at [38;5;121m136.04[0m[38;5;159m FPS.[0m
[38;5;159m[Genesis] [21:23:16] [INFO] Running at [38;5;121m138.27[0m[38;5;159m FPS.[0m
[38;5;159m[Genesis] [21:23:16] [INFO] Running at [38;5;121m140.28[0m[38;5;159m FPS.[0m
[38;5;159m[Genesis] [21:23:16] [INFO] Running at [38;5;121m142.33[0m[38;5;159m FPS.[0m
[38;5;159m[Genesis] [21:23:16] [INFO] Running at [38;5;121m144.22[0m[38;5;159m FPS.[0m
[38;5;159m[Genesis] [21:23:16] [INFO] Running at [38;5;121m146.08[0m[38;5;159m FPS.[0m
[38;5;159m[Genesis] [21:23:16] [INFO] Running at [38;5;121m144.14[0m[38;5;159m FPS.[0m
[38;5;159m[Genesis] [21:23:16] [INFO] Running at [38;5;121m140.56[0m[38;5;159m FPS.[0m
[38;5;159m[Genesis] [21:23:16] [INFO] Running at [38;5;121m137.28[0m[38;5;159m FPS.[0m
[38;5;159m[Genesis] [21:23:16] [INFO] Running at [38;5;121m133.81[0m[38;5;159m FPS.[0m
[38;5;159m[Genesis] [21:23:16] [INFO] Running at [38;5;121m128.85[0m[38;5;159m FPS.[0m
[38;5;159m[Genesis] [21:23:16] [INFO] Running at [38;5;121m131.05[0m[38;5;159m FPS.[0m
[38;5;159m[Genesis] [21:23:16] [INFO] Running at [38;5;121m133.28[0m[38;5;159m FPS.[0m
[38;5;159m[Genesis] [21:23:16] [INFO] Running at [38;5;121m135.56[0m[38;5;159m FPS.[0m
[38;5;159m[Genesis] [21:23:16] [INFO] Running at [38;5;121m137.44[0m[38;5;159m FPS.[0m
[38;5;159m[Genesis] [21:23:16] [INFO] Running at [38;5;121m135.73[0m[38;5;159m FPS.[0m
[38;5;159m[Genesis] [21:23:16] [INFO] Running at [38;5;121m134.31[0m[38;5;159m FPS.[0m
[38;5;159m[Genesis] [21:23:16] [INFO] Running at [38;5;121m133.02[0m[38;5;159m FPS.[0m
[38;5;159m[Genesis] [21:23:16] [INFO] Running at [38;5;121m131.84[0m[38;5;159m FPS.[0m
[38;5;159m[Genesis] [21:23:16] [INFO] Running at [38;5;121m130.70[0m[38;5;159m FPS.[0m
[38;5;159m[Genesis] [21:23:17] [INFO] Running at [38;5;121m0.26[0m[38;5;159m FPS.[0m
[38;5;159m[Genesis] [21:23:17] [INFO] Running at [38;5;121m0.39[0m[38;5;159m FPS.[0m
[38;5;159m[Genesis] [21:23:17] [INFO] Running at [38;5;121m0.27[0m[38;5;159m FPS.[0m
[38;5;159m[Genesis] [21:23:17] [INFO] Running at [38;5;121m0.41[0m[38;5;159m FPS.[0m
[38;5;159m[Genesis] [21:23:17] [INFO] Running at [38;5;121m0.28[0m[38;5;159m FPS.[0m
[38;5;159m[Genesis] [21:23:17] [INFO] Running at [38;5;121m0.43[0m[38;5;159m FPS.[0m
[38;5;159m[Genesis] [21:23:17] [INFO] Running at [38;5;121m0.30[0m[38;5;159m FPS.[0m
[38;5;159m[Genesis] [21:23:17] [INFO] Running at [38;5;121m0.45[0m[38;5;159m FPS.[0m
[38;5;159m[Genesis] [21:23:17] [INFO] Running at [38;5;121m0.48[0m[38;5;159m FPS.[0m
[38;5;159m[Genesis] [21:23:17] [INFO] Running at [38;5;121m0.31[0m[38;5;159m FPS.[0m
[38;5;159m[Genesis] [21:23:17] [INFO] Running at [38;5;121m44.13[0m[38;5;159m FPS.[0m
[38;5;159m[Genesis] [21:23:17] [INFO] Running at [38;5;121m56.25[0m[38;5;159m FPS.[0m
[38;5;159m[Genesis] [21:23:17] [INFO] Running at [38;5;121m45.86[0m[38;5;159m FPS.[0m
[38;5;159m[Genesis] [21:23:17] [INFO] Running at [38;5;121m58.22[0m[38;5;159m FPS.[0m
[38;5;159m[Genesis] [21:23:17] [INFO] Running at [38;5;121m47.65[0m[38;5;159m FPS.[0m
[38;5;159m[Genesis] [21:23:17] [INFO] Running at [38;5;121m60.27[0m[38;5;159m FPS.[0m
[38;5;159m[Genesis] [21:23:17] [INFO] Running at [38;5;121m49.46[0m[38;5;159m FPS.[0m
[38;5;159m[Genesis] [21:23:17] [INFO] Running at [38;5;121m62.32[0m[38;5;159m FPS.[0m
[38;5;159m[Genesis] [21:23:17] [INFO] Running at [38;5;121m47.68[0m[38;5;159m FPS.[0m
[38;5;159m[Genesis] [21:23:17] [INFO] Running at [38;5;121m58.51[0m[38;5;159m FPS.[0m
[38;5;159m[Genesis] [21:23:17] [INFO] Running at [38;5;121m0.33[0m[38;5;159m FPS.[0m
[38;5;159m[Genesis] [21:23:17] [INFO] Running at [38;5;121m35.46[0m[38;5;159m FPS.[0m
[38;5;159m[Genesis] [21:23:17] [INFO] Running at [38;5;121m40.97[0m[38;5;159m FPS.[0m
[38;5;159m[Genesis] [21:23:17] [INFO] Running at [38;5;121m0.50[0m[38;5;159m FPS.[0m
[38;5;159m[Genesis] [21:23:17] [INFO] Running at [38;5;121m0.35[0m[38;5;159m FPS.[0m
[38;5;159m[Genesis] [21:23:17] [INFO] Running at [38;5;121m36.95[0m[38;5;159m FPS.[0m
[38;5;159m[Genesis] [21:23:17] [INFO] Running at [38;5;121m0.52[0m[38;5;159m FPS.[0m
[38;5;159m[Genesis] [21:23:17] [INFO] Running at [38;5;121m42.61[0m[38;5;159m FPS.[0m
[38;5;159m[Genesis] [21:23:17] [INFO] Running at [38;5;121m0.36[0m[38;5;159m FPS.[0m
[38;5;159m[Genesis] [21:23:17] [INFO] Running at [38;5;121m38.46[0m[38;5;159m FPS.[0m
[38;5;159m[Genesis] [21:23:17] [INFO] Running at [38;5;121m0.55[0m[38;5;159m FPS.[0m
[38;5;159m[Genesis] [21:23:17] [INFO] Running at [38;5;121m44.28[0m[38;5;159m FPS.[0m
[38;5;159m[Genesis] [21:23:17] [INFO] Running at [38;5;121m40.03[0m[38;5;159m FPS.[0m
[38;5;159m[Genesis] [21:23:17] [INFO] Running at [38;5;121m45.99[0m[38;5;159m FPS.[0m
[38;5;159m[Genesis] [21:23:17] [INFO] Running at [38;5;121m0.58[0m[38;5;159m FPS.[0m
[38;5;159m[Genesis] [21:23:17] [INFO] Running at [38;5;121m0.38[0m[38;5;159m FPS.[0m
[38;5;159m[Genesis] [21:23:17] [INFO] Running at [38;5;121m39.43[0m[38;5;159m FPS.[0m
[38;5;159m[Genesis] [21:23:17] [INFO] Running at [38;5;121m44.69[0m[38;5;159m FPS.[0m
[38;5;159m[Genesis] [21:23:17] [INFO] Running at [38;5;121m0.61[0m[38;5;159m FPS.[0m
[38;5;159m[Genesis] [21:23:17] [INFO] Running at [38;5;121m0.40[0m[38;5;159m FPS.[0m
[38;5;159m[Genesis] [21:23:17] [INFO] Running at [38;5;121m30.24[0m[38;5;159m FPS.[0m
[38;5;159m[Genesis] [21:23:17] [INFO] Running at [38;5;121m0.42[0m[38;5;159m FPS.[0m
[38;5;159m[Genesis] [21:23:17] [INFO] Running at [38;5;121m0.64[0m[38;5;159m FPS.[0m
[38;5;159m[Genesis] [21:23:17] [INFO] Running at [38;5;121m27.76[0m[38;5;159m FPS.[0m
[38;5;159m[Genesis] [21:23:17] [INFO] Running at [38;5;121m0.44[0m[38;5;159m FPS.[0m
[38;5;159m[Genesis] [21:23:17] [INFO] Running at [38;5;121m31.56[0m[38;5;159m FPS.[0m
[38;5;159m[Genesis] [21:23:17] [INFO] Running at [38;5;121m0.67[0m[38;5;159m FPS.[0m
[38;5;159m[Genesis] [21:23:17] [INFO] Running at [38;5;121m28.99[0m[38;5;159m FPS.[0m
[38;5;159m[Genesis] [21:23:17] [INFO] Running at [38;5;121m0.47[0m[38;5;159m FPS.[0m
[38;5;159m[Genesis] [21:23:17] [INFO] Running at [38;5;121m32.92[0m[38;5;159m FPS.[0m
[38;5;159m[Genesis] [21:23:17] [INFO] Running at [38;5;121m0.71[0m[38;5;159m FPS.[0m
[38;5;159m[Genesis] [21:23:17] [INFO] Running at [38;5;121m30.26[0m[38;5;159m FPS.[0m
[38;5;159m[Genesis] [21:23:17] [INFO] Running at [38;5;121m34.32[0m[38;5;159m FPS.[0m
[38;5;159m[Genesis] [21:23:17] [INFO] Running at [38;5;121m31.58[0m[38;5;159m FPS.[0m
[38;5;159m[Genesis] [21:23:17] [INFO] Running at [38;5;121m0.49[0m[38;5;159m FPS.[0m
[38;5;159m[Genesis] [21:23:17] [INFO] Running at [38;5;121m0.74[0m[38;5;159m FPS.[0m
[38;5;159m[Genesis] [21:23:17] [INFO] Running at [38;5;121m31.62[0m[38;5;159m FPS.[0m
[38;5;159m[Genesis] [21:23:17] [INFO] Running at [38;5;121m34.09[0m[38;5;159m FPS.[0m
[38;5;159m[Genesis] [21:23:17] [INFO] Running at [38;5;121m0.52[0m[38;5;159m FPS.[0m
[38;5;159m[Genesis] [21:23:17] [INFO] Running at [38;5;121m0.78[0m[38;5;159m FPS.[0m
[38;5;159m[Genesis] [21:23:17] [INFO] Running at [38;5;121m0.81[0m[38;5;159m FPS.[0m
[38;5;159m[Genesis] [21:23:17] [INFO] Running at [38;5;121m23.14[0m[38;5;159m FPS.[0m
[38;5;159m[Genesis] [21:23:17] [INFO] Running at [38;5;121m0.54[0m[38;5;159m FPS.[0m
[38;5;159m[Genesis] [21:23:17] [INFO] Running at [38;5;121m24.42[0m[38;5;159m FPS.[0m
[38;5;159m[Genesis] [21:23:17] [INFO] Running at [38;5;121m0.86[0m[38;5;159m FPS.[0m
[38;5;159m[Genesis] [21:23:17] [INFO] Running at [38;5;121m24.19[0m[38;5;159m FPS.[0m
[38;5;159m[Genesis] [21:23:17] [INFO] Running at [38;5;121m0.57[0m[38;5;159m FPS.[0m
[38;5;159m[Genesis] [21:23:17] [INFO] Running at [38;5;121m25.52[0m[38;5;159m FPS.[0m
[38;5;159m[Genesis] [21:23:17] [INFO] Running at [38;5;121m0.90[0m[38;5;159m FPS.[0m
[38;5;159m[Genesis] [21:23:17] [INFO] Running at [38;5;121m25.28[0m[38;5;159m FPS.[0m
[38;5;159m[Genesis] [21:23:17] [INFO] Running at [38;5;121m0.60[0m[38;5;159m FPS.[0m
[38;5;159m[Genesis] [21:23:17] [INFO] Running at [38;5;121m26.65[0m[38;5;159m FPS.[0m
[38;5;159m[Genesis] [21:23:17] [INFO] Running at [38;5;121m26.42[0m[38;5;159m FPS.[0m
[38;5;159m[Genesis] [21:23:17] [INFO] Running at [38;5;121m27.79[0m[38;5;159m FPS.[0m
[38;5;159m[Genesis] [21:23:17] [INFO] Running at [38;5;121m0.95[0m[38;5;159m FPS.[0m
[38;5;159m[Genesis] [21:23:17] [INFO] Running at [38;5;121m0.63[0m[38;5;159m FPS.[0m
[38;5;159m[Genesis] [21:23:18] [INFO] Running at [38;5;121m25.63[0m[38;5;159m FPS.[0m
[38;5;159m[Genesis] [21:23:18] [INFO] Running at [38;5;121m0.99[0m[38;5;159m FPS.[0m
[38;5;159m[Genesis] [21:23:18] [INFO] Running at [38;5;121m26.51[0m[38;5;159m FPS.[0m
[38;5;159m[Genesis] [21:23:18] [INFO] Running at [38;5;121m0.66[0m[38;5;159m FPS.[0m
[38;5;159m[Genesis] [21:23:18] [INFO] Running at [38;5;121m19.30[0m[38;5;159m FPS.[0m
[38;5;159m[Genesis] [21:23:18] [INFO] Running at [38;5;121m0.69[0m[38;5;159m FPS.[0m
[38;5;159m[Genesis] [21:23:18] [INFO] Running at [38;5;121m19.99[0m[38;5;159m FPS.[0m
[38;5;159m[Genesis] [21:23:18] [INFO] Running at [38;5;121m1.03[0m[38;5;159m FPS.[0m
[38;5;159m[Genesis] [21:23:18] [INFO] Running at [38;5;121m20.20[0m[38;5;159m FPS.[0m
[38;5;159m[Genesis] [21:23:18] [INFO] Running at [38;5;121m0.73[0m[38;5;159m FPS.[0m
[38;5;159m[Genesis] [21:23:18] [INFO] Running at [38;5;121m20.91[0m[38;5;159m FPS.[0m
[38;5;159m[Genesis] [21:23:18] [INFO] Running at [38;5;121m1.08[0m[38;5;159m FPS.[0m
[38;5;159m[Genesis] [21:23:18] [INFO] Running at [38;5;121m21.13[0m[38;5;159m FPS.[0m
[38;5;159m[Genesis] [21:23:18] [INFO] Running at [38;5;121m0.76[0m[38;5;159m FPS.[0m
[38;5;159m[Genesis] [21:23:18] [INFO] Running at [38;5;121m21.87[0m[38;5;159m FPS.[0m
[38;5;159m[Genesis] [21:23:18] [INFO] Running at [38;5;121m1.14[0m[38;5;159m FPS.[0m
[38;5;159m[Genesis] [21:23:18] [INFO] Running at [38;5;121m1.20[0m[38;5;159m FPS.[0m
[38;5;159m[Genesis] [21:23:18] [INFO] Running at [38;5;121m0.80[0m[38;5;159m FPS.[0m
[38;5;159m[Genesis] [21:23:18] [INFO] Running at [38;5;121m21.95[0m[38;5;159m FPS.[0m
[38;5;159m[Genesis] [21:23:18] [INFO] Running at [38;5;121m22.68[0m[38;5;159m FPS.[0m
[38;5;159m[Genesis] [21:23:18] [INFO] Running at [38;5;121m1.26[0m[38;5;159m FPS.[0m
[38;5;159m[Genesis] [21:23:18] [INFO] Running at [38;5;121m0.84[0m[38;5;159m FPS.[0m
[38;5;159m[Genesis] [21:23:18] [INFO] Running at [38;5;121m21.19[0m[38;5;159m FPS.[0m
[38;5;159m[Genesis] [21:23:18] [INFO] Running at [38;5;121m21.80[0m[38;5;159m FPS.[0m
[38;5;159m[Genesis] [21:23:18] [INFO] Running at [38;5;121m0.88[0m[38;5;159m FPS.[0m
[38;5;159m[Genesis] [21:23:18] [INFO] Running at [38;5;121m17.35[0m[38;5;159m FPS.[0m
[38;5;159m[Genesis] [21:23:18] [INFO] Running at [38;5;121m16.94[0m[38;5;159m FPS.[0m
[38;5;159m[Genesis] [21:23:18] [INFO] Running at [38;5;121m1.30[0m[38;5;159m FPS.[0m
[38;5;159m[Genesis] [21:23:18] [INFO] Running at [38;5;121m0.92[0m[38;5;159m FPS.[0m
[38;5;159m[Genesis] [21:23:18] [INFO] Running at [38;5;121m17.74[0m[38;5;159m FPS.[0m
[38;5;159m[Genesis] [21:23:18] [INFO] Running at [38;5;121m1.37[0m[38;5;159m FPS.[0m
[38;5;159m[Genesis] [21:23:18] [INFO] Running at [38;5;121m18.17[0m[38;5;159m FPS.[0m
[38;5;159m[Genesis] [21:23:18] [INFO] Running at [38;5;121m0.97[0m[38;5;159m FPS.[0m
[38;5;159m[Genesis] [21:23:18] [INFO] Running at [38;5;121m18.57[0m[38;5;159m FPS.[0m
[38;5;159m[Genesis] [21:23:18] [INFO] Running at [38;5;121m1.44[0m[38;5;159m FPS.[0m
[38;5;159m[Genesis] [21:23:18] [INFO] Running at [38;5;121m19.02[0m[38;5;159m FPS.[0m
[38;5;159m[Genesis] [21:23:18] [INFO] Running at [38;5;121m1.02[0m[38;5;159m FPS.[0m
[38;5;159m[Genesis] [21:23:18] [INFO] Running at [38;5;121m19.33[0m[38;5;159m FPS.[0m
[38;5;159m[Genesis] [21:23:18] [INFO] Running at [38;5;121m19.73[0m[38;5;159m FPS.[0m
[38;5;159m[Genesis] [21:23:18] [INFO] Running at [38;5;121m1.51[0m[38;5;159m FPS.[0m
[38;5;159m[Genesis] [21:23:18] [INFO] Running at [38;5;121m19.14[0m[38;5;159m FPS.[0m
[38;5;159m[Genesis] [21:23:18] [INFO] Running at [38;5;121m1.07[0m[38;5;159m FPS.[0m
[38;5;159m[Genesis] [21:23:18] [INFO] Running at [38;5;121m1.58[0m[38;5;159m FPS.[0m
[38;5;159m[Genesis] [21:23:18] [INFO] Running at [38;5;121m19.05[0m[38;5;159m FPS.[0m
[38;5;159m[Genesis] [21:23:19] [INFO] Running at [38;5;121m15.37[0m[38;5;159m FPS.[0m
[38;5;159m[Genesis] [21:23:19] [INFO] Running at [38;5;121m15.65[0m[38;5;159m FPS.[0m
[38;5;159m[Genesis] [21:23:19] [INFO] Running at [38;5;121m1.11[0m[38;5;159m FPS.[0m
[38;5;159m[Genesis] [21:23:19] [INFO] Running at [38;5;121m1.63[0m[38;5;159m FPS.[0m
[38;5;159m[Genesis] [21:23:19] [INFO] Running at [38;5;121m16.11[0m[38;5;159m FPS.[0m
[38;5;159m[Genesis] [21:23:19] [INFO] Running at [38;5;121m16.40[0m[38;5;159m FPS.[0m
[38;5;159m[Genesis] [21:23:19] [INFO] Running at [38;5;121m1.71[0m[38;5;159m FPS.[0m
[38;5;159m[Genesis] [21:23:19] [INFO] Running at [38;5;121m1.17[0m[38;5;159m FPS.[0m
[38;5;159m[Genesis] [21:23:19] [INFO] Running at [38;5;121m16.87[0m[38;5;159m FPS.[0m
[38;5;159m[Genesis] [21:23:19] [INFO] Running at [38;5;121m17.17[0m[38;5;159m FPS.[0m
[38;5;159m[Genesis] [21:23:19] [INFO] Running at [38;5;121m1.23[0m[38;5;159m FPS.[0m
[38;5;159m[Genesis] [21:23:19] [INFO] Running at [38;5;121m1.80[0m[38;5;159m FPS.[0m
[38;5;159m[Genesis] [21:23:19] [INFO] Running at [38;5;121m17.67[0m[38;5;159m FPS.[0m
[38;5;159m[Genesis] [21:23:19] [INFO] Running at [38;5;121m1.29[0m[38;5;159m FPS.[0m
[38;5;159m[Genesis] [21:23:19] [INFO] Running at [38;5;121m17.72[0m[38;5;159m FPS.[0m
[38;5;159m[Genesis] [21:23:19] [INFO] Running at [38;5;121m1.89[0m[38;5;159m FPS.[0m
[38;5;159m[Genesis] [21:23:19] [INFO] Running at [38;5;121m17.50[0m[38;5;159m FPS.[0m
[38;5;159m[Genesis] [21:23:19] [INFO] Running at [38;5;121m1.35[0m[38;5;159m FPS.[0m
[38;5;159m[Genesis] [21:23:19] [INFO] Running at [38;5;121m17.52[0m[38;5;159m FPS.[0m
[38;5;159m[Genesis] [21:23:19] [INFO] Running at [38;5;121m1.97[0m[38;5;159m FPS.[0m
[38;5;159m[Genesis] [21:23:19] [INFO] Running at [38;5;121m2.03[0m[38;5;159m FPS.[0m
[38;5;159m[Genesis] [21:23:19] [INFO] Running at [38;5;121m14.95[0m[38;5;159m FPS.[0m
[38;5;159m[Genesis] [21:23:19] [INFO] Running at [38;5;121m1.40[0m[38;5;159m FPS.[0m
[38;5;159m[Genesis] [21:23:19] [INFO] Running at [38;5;121m14.73[0m[38;5;159m FPS.[0m
[38;5;159m[Genesis] [21:23:19] [INFO] Running at [38;5;121m15.66[0m[38;5;159m FPS.[0m
[38;5;159m[Genesis] [21:23:19] [INFO] Running at [38;5;121m2.13[0m[38;5;159m FPS.[0m
[38;5;159m[Genesis] [21:23:19] [INFO] Running at [38;5;121m1.47[0m[38;5;159m FPS.[0m
[38;5;159m[Genesis] [21:23:19] [INFO] Running at [38;5;121m15.43[0m[38;5;159m FPS.[0m
[38;5;159m[Genesis] [21:23:19] [INFO] Running at [38;5;121m2.24[0m[38;5;159m FPS.[0m
[38;5;159m[Genesis] [21:23:19] [INFO] Running at [38;5;121m16.41[0m[38;5;159m FPS.[0m
[38;5;159m[Genesis] [21:23:19] [INFO] Running at [38;5;121m1.55[0m[38;5;159m FPS.[0m
[38;5;159m[Genesis] [21:23:19] [INFO] Running at [38;5;121m16.17[0m[38;5;159m FPS.[0m
[38;5;159m[Genesis] [21:23:19] [INFO] Running at [38;5;121m16.90[0m[38;5;159m FPS.[0m
[38;5;159m[Genesis] [21:23:19] [INFO] Running at [38;5;121m17.13[0m[38;5;159m FPS.[0m
[38;5;159m[Genesis] [21:23:19] [INFO] Running at [38;5;121m1.63[0m[38;5;159m FPS.[0m
[38;5;159m[Genesis] [21:23:19] [INFO] Running at [38;5;121m2.36[0m[38;5;159m FPS.[0m
[38;5;159m[Genesis] [21:23:19] [INFO] Running at [38;5;121m1.71[0m[38;5;159m FPS.[0m
[38;5;159m[Genesis] [21:23:19] [INFO] Running at [38;5;121m16.96[0m[38;5;159m FPS.[0m
[38;5;159m[Genesis] [21:23:19] [INFO] Running at [38;5;121m16.65[0m[38;5;159m FPS.[0m
[38;5;159m[Genesis] [21:23:19] [INFO] Running at [38;5;121m2.45[0m[38;5;159m FPS.[0m
[38;5;159m[Genesis] [21:23:19] [INFO] Running at [38;5;121m2.49[0m[38;5;159m FPS.[0m
[38;5;159m[Genesis] [21:23:19] [INFO] Running at [38;5;121m1.75[0m[38;5;159m FPS.[0m
[38;5;159m[Genesis] [21:23:19] [INFO] Running at [38;5;121m14.04[0m[38;5;159m FPS.[0m
[38;5;159m[Genesis] [21:23:19] [INFO] Running at [38;5;121m13.89[0m[38;5;159m FPS.[0m
[38;5;159m[Genesis] [21:23:19] [INFO] Running at [38;5;121m2.62[0m[38;5;159m FPS.[0m
[38;5;159m[Genesis] [21:23:19] [INFO] Running at [38;5;121m14.71[0m[38;5;159m FPS.[0m
[38;5;159m[Genesis] [21:23:19] [INFO] Running at [38;5;121m1.84[0m[38;5;159m FPS.[0m
[38;5;159m[Genesis] [21:23:19] [INFO] Running at [38;5;121m14.56[0m[38;5;159m FPS.[0m
[38;5;159m[Genesis] [21:23:19] [INFO] Running at [38;5;121m2.76[0m[38;5;159m FPS.[0m
[38;5;159m[Genesis] [21:23:19] [INFO] Running at [38;5;121m1.93[0m[38;5;159m FPS.[0m
[38;5;159m[Genesis] [21:23:19] [INFO] Running at [38;5;121m15.42[0m[38;5;159m FPS.[0m
[38;5;159m[Genesis] [21:23:19] [INFO] Running at [38;5;121m15.26[0m[38;5;159m FPS.[0m
[38;5;159m[Genesis] [21:23:19] [INFO] Running at [38;5;121m16.09[0m[38;5;159m FPS.[0m
[38;5;159m[Genesis] [21:23:19] [INFO] Running at [38;5;121m2.90[0m[38;5;159m FPS.[0m
[38;5;159m[Genesis] [21:23:19] [INFO] Running at [38;5;121m15.86[0m[38;5;159m FPS.[0m
[38;5;159m[Genesis] [21:23:19] [INFO] Running at [38;5;121m2.03[0m[38;5;159m FPS.[0m
[38;5;159m[Genesis] [21:23:19] [INFO] Running at [38;5;121m15.76[0m[38;5;159m FPS.[0m
[38;5;159m[Genesis] [21:23:19] [INFO] Running at [38;5;121m15.79[0m[38;5;159m FPS.[0m
[38;5;159m[Genesis] [21:23:19] [INFO] Running at [38;5;121m3.01[0m[38;5;159m FPS.[0m
[38;5;159m[Genesis] [21:23:19] [INFO] Running at [38;5;121m2.12[0m[38;5;159m FPS.[0m
[38;5;159m[Genesis] [21:23:20] [INFO] Running at [38;5;121m2.16[0m[38;5;159m FPS.[0m
[38;5;159m[Genesis] [21:23:20] [INFO] Running at [38;5;121m13.02[0m[38;5;159m FPS.[0m
[38;5;159m[Genesis] [21:23:20] [INFO] Running at [38;5;121m13.12[0m[38;5;159m FPS.[0m
[38;5;159m[Genesis] [21:23:20] [INFO] Running at [38;5;121m3.02[0m[38;5;159m FPS.[0m
[38;5;159m[Genesis] [21:23:20] [INFO] Running at [38;5;121m13.65[0m[38;5;159m FPS.[0m
[38;5;159m[Genesis] [21:23:20] [INFO] Running at [38;5;121m2.27[0m[38;5;159m FPS.[0m
[38;5;159m[Genesis] [21:23:20] [INFO] Running at [38;5;121m3.17[0m[38;5;159m FPS.[0m
[38;5;159m[Genesis] [21:23:20] [INFO] Running at [38;5;121m13.75[0m[38;5;159m FPS.[0m
[38;5;159m[Genesis] [21:23:20] [INFO] Running at [38;5;121m14.31[0m[38;5;159m FPS.[0m
[38;5;159m[Genesis] [21:23:20] [INFO] Running at [38;5;121m3.34[0m[38;5;159m FPS.[0m
[38;5;159m[Genesis] [21:23:20] [INFO] Running at [38;5;121m14.42[0m[38;5;159m FPS.[0m
[38;5;159m[Genesis] [21:23:20] [INFO] Running at [38;5;121m2.38[0m[38;5;159m FPS.[0m
[38;5;159m[Genesis] [21:23:20] [INFO] Running at [38;5;121m2.51[0m[38;5;159m FPS.[0m
[38;5;159m[Genesis] [21:23:20] [INFO] Running at [38;5;121m14.94[0m[38;5;159m FPS.[0m
[38;5;159m[Genesis] [21:23:20] [INFO] Running at [38;5;121m15.01[0m[38;5;159m FPS.[0m
[38;5;159m[Genesis] [21:23:20] [INFO] Running at [38;5;121m3.50[0m[38;5;159m FPS.[0m
[38;5;159m[Genesis] [21:23:20] [INFO] Running at [38;5;121m15.08[0m[38;5;159m FPS.[0m
[38;5;159m[Genesis] [21:23:20] [INFO] Running at [38;5;121m14.88[0m[38;5;159m FPS.[0m
[38;5;159m[Genesis] [21:23:20] [INFO] Running at [38;5;121m2.61[0m[38;5;159m FPS.[0m
[38;5;159m[Genesis] [21:23:20] [INFO] Running at [38;5;121m3.62[0m[38;5;159m FPS.[0m
[38;5;159m[Genesis] [21:23:20] [INFO] Running at [38;5;121m2.64[0m[38;5;159m FPS.[0m
[38;5;159m[Genesis] [21:23:20] [INFO] Running at [38;5;121m12.72[0m[38;5;159m FPS.[0m
[38;5;159m[Genesis] [21:23:20] [INFO] Running at [38;5;121m12.79[0m[38;5;159m FPS.[0m
[38;5;159m[Genesis] [21:23:20] [INFO] Running at [38;5;121m3.63[0m[38;5;159m FPS.[0m
[38;5;159m[Genesis] [21:23:20] [INFO] Running at [38;5;121m2.78[0m[38;5;159m FPS.[0m
[38;5;159m[Genesis] [21:23:20] [INFO] Running at [38;5;121m13.33[0m[38;5;159m FPS.[0m
[38;5;159m[Genesis] [21:23:20] [INFO] Running at [38;5;121m13.41[0m[38;5;159m FPS.[0m
[38;5;159m[Genesis] [21:23:20] [INFO] Running at [38;5;121m3.81[0m[38;5;159m FPS.[0m
[38;5;159m[Genesis] [21:23:20] [INFO] Running at [38;5;121m2.93[0m[38;5;159m FPS.[0m
[38;5;159m[Genesis] [21:23:20] [INFO] Running at [38;5;121m13.98[0m[38;5;159m FPS.[0m
[38;5;159m[Genesis] [21:23:20] [INFO] Running at [38;5;121m14.06[0m[38;5;159m FPS.[0m
[38;5;159m[Genesis] [21:23:20] [INFO] Running at [38;5;121m4.01[0m[38;5;159m FPS.[0m
[38;5;159m[Genesis] [21:23:20] [INFO] Running at [38;5;121m14.59[0m[38;5;159m FPS.[0m
[38;5;159m[Genesis] [21:23:20] [INFO] Running at [38;5;121m14.65[0m[38;5;159m FPS.[0m
[38;5;159m[Genesis] [21:23:20] [INFO] Running at [38;5;121m4.21[0m[38;5;159m FPS.[0m
[38;5;159m[Genesis] [21:23:20] [INFO] Running at [38;5;121m3.07[0m[38;5;159m FPS.[0m
[38;5;159m[Genesis] [21:23:20] [INFO] Running at [38;5;121m3.20[0m[38;5;159m FPS.[0m
[38;5;159m[Genesis] [21:23:20] [INFO] Running at [38;5;121m14.49[0m[38;5;159m FPS.[0m
[38;5;159m[Genesis] [21:23:20] [INFO] Running at [38;5;121m4.35[0m[38;5;159m FPS.[0m
[38;5;159m[Genesis] [21:23:20] [INFO] Running at [38;5;121m14.37[0m[38;5;159m FPS.[0m
[38;5;159m[Genesis] [21:23:21] [INFO] Running at [38;5;121m3.21[0m[38;5;159m FPS.[0m
[38;5;159m[Genesis] [21:23:21] [INFO] Running at [38;5;121m12.51[0m[38;5;159m FPS.[0m
[38;5;159m[Genesis] [21:23:21] [INFO] Running at [38;5;121m12.59[0m[38;5;159m FPS.[0m
[38;5;159m[Genesis] [21:23:21] [INFO] Running at [38;5;121m4.31[0m[38;5;159m FPS.[0m
[38;5;159m[Genesis] [21:23:21] [INFO] Running at [38;5;121m3.37[0m[38;5;159m FPS.[0m
[38;5;159m[Genesis] [21:23:21] [INFO] Running at [38;5;121m13.20[0m[38;5;159m FPS.[0m
[38;5;159m[Genesis] [21:23:21] [INFO] Running at [38;5;121m4.53[0m[38;5;159m FPS.[0m
[38;5;159m[Genesis] [21:23:21] [INFO] Running at [38;5;121m13.11[0m[38;5;159m FPS.[0m
[38;5;159m[Genesis] [21:23:21] [INFO] Running at [38;5;121m3.55[0m[38;5;159m FPS.[0m
[38;5;159m[Genesis] [21:23:21] [INFO] Running at [38;5;121m13.84[0m[38;5;159m FPS.[0m
[38;5;159m[Genesis] [21:23:21] [INFO] Running at [38;5;121m4.76[0m[38;5;159m FPS.[0m
[38;5;159m[Genesis] [21:23:21] [INFO] Running at [38;5;121m13.75[0m[38;5;159m FPS.[0m
[38;5;159m[Genesis] [21:23:21] [INFO] Running at [38;5;121m3.73[0m[38;5;159m FPS.[0m
[38;5;159m[Genesis] [21:23:21] [INFO] Running at [38;5;121m14.36[0m[38;5;159m FPS.[0m
[38;5;159m[Genesis] [21:23:21] [INFO] Running at [38;5;121m4.99[0m[38;5;159m FPS.[0m
[38;5;159m[Genesis] [21:23:21] [INFO] Running at [38;5;121m14.34[0m[38;5;159m FPS.[0m
[38;5;159m[Genesis] [21:23:21] [INFO] Running at [38;5;121m3.87[0m[38;5;159m FPS.[0m
[38;5;159m[Genesis] [21:23:21] [INFO] Running at [38;5;121m5.16[0m[38;5;159m FPS.[0m
[38;5;159m[Genesis] [21:23:21] [INFO] Running at [38;5;121m14.19[0m[38;5;159m FPS.[0m
[38;5;159m[Genesis] [21:23:21] [INFO] Running at [38;5;121m14.23[0m[38;5;159m FPS.[0m
[38;5;159m[Genesis] [21:23:21] [INFO] Running at [38;5;121m3.84[0m[38;5;159m FPS.[0m
[38;5;159m[Genesis] [21:23:21] [INFO] Running at [38;5;121m12.32[0m[38;5;159m FPS.[0m
[38;5;159m[Genesis] [21:23:21] [INFO] Running at [38;5;121m12.38[0m[38;5;159m FPS.[0m
[38;5;159m[Genesis] [21:23:21] [INFO] Running at [38;5;121m5.02[0m[38;5;159m FPS.[0m
[38;5;159m[Genesis] [21:23:21] [INFO] Running at [38;5;121m4.04[0m[38;5;159m FPS.[0m
[38;5;159m[Genesis] [21:23:21] [INFO] Running at [38;5;121m12.92[0m[38;5;159m FPS.[0m
[38;5;159m[Genesis] [21:23:21] [INFO] Running at [38;5;121m12.98[0m[38;5;159m FPS.[0m
[38;5;159m[Genesis] [21:23:21] [INFO] Running at [38;5;121m5.28[0m[38;5;159m FPS.[0m
[38;5;159m[Genesis] [21:23:21] [INFO] Running at [38;5;121m4.24[0m[38;5;159m FPS.[0m
[38;5;159m[Genesis] [21:23:21] [INFO] Running at [38;5;121m13.55[0m[38;5;159m FPS.[0m
[38;5;159m[Genesis] [21:23:21] [INFO] Running at [38;5;121m13.61[0m[38;5;159m FPS.[0m
[38;5;159m[Genesis] [21:23:21] [INFO] Running at [38;5;121m5.55[0m[38;5;159m FPS.[0m
[38;5;159m[Genesis] [21:23:21] [INFO] Running at [38;5;121m4.46[0m[38;5;159m FPS.[0m
[38;5;159m[Genesis] [21:23:21] [INFO] Running at [38;5;121m14.13[0m[38;5;159m FPS.[0m
[38;5;159m[Genesis] [21:23:21] [INFO] Running at [38;5;121m14.10[0m[38;5;159m FPS.[0m
[38;5;159m[Genesis] [21:23:21] [INFO] Running at [38;5;121m5.80[0m[38;5;159m FPS.[0m
[38;5;159m[Genesis] [21:23:21] [INFO] Running at [38;5;121m4.61[0m[38;5;159m FPS.[0m
[38;5;159m[Genesis] [21:23:21] [INFO] Running at [38;5;121m14.06[0m[38;5;159m FPS.[0m
[38;5;159m[Genesis] [21:23:21] [INFO] Running at [38;5;121m5.95[0m[38;5;159m FPS.[0m
[38;5;159m[Genesis] [21:23:21] [INFO] Running at [38;5;121m13.77[0m[38;5;159m FPS.[0m
[38;5;159m[Genesis] [21:23:21] [INFO] Running at [38;5;121m11.94[0m[38;5;159m FPS.[0m
[38;5;159m[Genesis] [21:23:21] [INFO] Running at [38;5;121m5.71[0m[38;5;159m FPS.[0m
[38;5;159m[Genesis] [21:23:21] [INFO] Running at [38;5;121m4.48[0m[38;5;159m FPS.[0m
[38;5;159m[Genesis] [21:23:21] [INFO] Running at [38;5;121m11.88[0m[38;5;159m FPS.[0m
[38;5;159m[Genesis] [21:23:21] [INFO] Running at [38;5;121m4.71[0m[38;5;159m FPS.[0m
[38;5;159m[Genesis] [21:23:21] [INFO] Running at [38;5;121m12.53[0m[38;5;159m FPS.[0m
[38;5;159m[Genesis] [21:23:21] [INFO] Running at [38;5;121m12.46[0m[38;5;159m FPS.[0m
[38;5;159m[Genesis] [21:23:21] [INFO] Running at [38;5;121m6.00[0m[38;5;159m FPS.[0m
[38;5;159m[Genesis] [21:23:21] [INFO] Running at [38;5;121m4.96[0m[38;5;159m FPS.[0m
[38;5;159m[Genesis] [21:23:21] [INFO] Running at [38;5;121m13.07[0m[38;5;159m FPS.[0m
[38;5;159m[Genesis] [21:23:21] [INFO] Running at [38;5;121m13.14[0m[38;5;159m FPS.[0m
[38;5;159m[Genesis] [21:23:21] [INFO] Running at [38;5;121m6.30[0m[38;5;159m FPS.[0m
[38;5;159m[Genesis] [21:23:21] [INFO] Running at [38;5;121m13.60[0m[38;5;159m FPS.[0m
[38;5;159m[Genesis] [21:23:21] [INFO] Running at [38;5;121m13.65[0m[38;5;159m FPS.[0m
[38;5;159m[Genesis] [21:23:21] [INFO] Running at [38;5;121m6.58[0m[38;5;159m FPS.[0m
[38;5;159m[Genesis] [21:23:21] [INFO] Running at [38;5;121m5.19[0m[38;5;159m FPS.[0m
[38;5;159m[Genesis] [21:23:22] [INFO] Running at [38;5;121m13.55[0m[38;5;159m FPS.[0m
[38;5;159m[Genesis] [21:23:22] [INFO] Running at [38;5;121m5.34[0m[38;5;159m FPS.[0m
[38;5;159m[Genesis] [21:23:22] [INFO] Running at [38;5;121m13.52[0m[38;5;159m FPS.[0m
[38;5;159m[Genesis] [21:23:22] [INFO] Running at [38;5;121m6.73[0m[38;5;159m FPS.[0m
[38;5;159m[Genesis] [21:23:22] [INFO] Running at [38;5;121m5.14[0m[38;5;159m FPS.[0m
[38;5;159m[Genesis] [21:23:22] [INFO] Running at [38;5;121m11.51[0m[38;5;159m FPS.[0m
[38;5;159m[Genesis] [21:23:22] [INFO] Running at [38;5;121m11.46[0m[38;5;159m FPS.[0m
[38;5;159m[Genesis] [21:23:22] [INFO] Running at [38;5;121m6.34[0m[38;5;159m FPS.[0m
[38;5;159m[Genesis] [21:23:22] [INFO] Running at [38;5;121m5.40[0m[38;5;159m FPS.[0m
[38;5;159m[Genesis] [21:23:22] [INFO] Running at [38;5;121m12.02[0m[38;5;159m FPS.[0m
[38;5;159m[Genesis] [21:23:22] [INFO] Running at [38;5;121m12.07[0m[38;5;159m FPS.[0m
[38;5;159m[Genesis] [21:23:22] [INFO] Running at [38;5;121m6.66[0m[38;5;159m FPS.[0m
[38;5;159m[Genesis] [21:23:22] [INFO] Running at [38;5;121m5.67[0m[38;5;159m FPS.[0m
[38;5;159m[Genesis] [21:23:22] [INFO] Running at [38;5;121m12.61[0m[38;5;159m FPS.[0m
[38;5;159m[Genesis] [21:23:22] [INFO] Running at [38;5;121m12.66[0m[38;5;159m FPS.[0m
[38;5;159m[Genesis] [21:23:22] [INFO] Running at [38;5;121m7.00[0m[38;5;159m FPS.[0m
[38;5;159m[Genesis] [21:23:22] [INFO] Running at [38;5;121m13.16[0m[38;5;159m FPS.[0m
[38;5;159m[Genesis] [21:23:22] [INFO] Running at [38;5;121m5.94[0m[38;5;159m FPS.[0m
[38;5;159m[Genesis] [21:23:22] [INFO] Running at [38;5;121m13.12[0m[38;5;159m FPS.[0m
[38;5;159m[Genesis] [21:23:22] [INFO] Running at [38;5;121m7.30[0m[38;5;159m FPS.[0m
[38;5;159m[Genesis] [21:23:22] [INFO] Running at [38;5;121m7.46[0m[38;5;159m FPS.[0m
[38;5;159m[Genesis] [21:23:22] [INFO] Running at [38;5;121m12.99[0m[38;5;159m FPS.[0m
[38;5;159m[Genesis] [21:23:22] [INFO] Running at [38;5;121m6.06[0m[38;5;159m FPS.[0m
[38;5;159m[Genesis] [21:23:22] [INFO] Running at [38;5;121m12.88[0m[38;5;159m FPS.[0m
[38;5;159m[Genesis] [21:23:22] [INFO] Running at [38;5;121m5.79[0m[38;5;159m FPS.[0m
[38;5;159m[Genesis] [21:23:22] [INFO] Running at [38;5;121m11.16[0m[38;5;159m FPS.[0m
[38;5;159m[Genesis] [21:23:22] [INFO] Running at [38;5;121m11.21[0m[38;5;159m FPS.[0m
[38;5;159m[Genesis] [21:23:22] [INFO] Running at [38;5;121m6.94[0m[38;5;159m FPS.[0m
[38;5;159m[Genesis] [21:23:22] [INFO] Running at [38;5;121m6.09[0m[38;5;159m FPS.[0m
[38;5;159m[Genesis] [21:23:22] [INFO] Running at [38;5;121m11.71[0m[38;5;159m FPS.[0m
[38;5;159m[Genesis] [21:23:22] [INFO] Running at [38;5;121m11.75[0m[38;5;159m FPS.[0m
[38;5;159m[Genesis] [21:23:22] [INFO] Running at [38;5;121m7.29[0m[38;5;159m FPS.[0m
[38;5;159m[Genesis] [21:23:22] [INFO] Running at [38;5;121m6.40[0m[38;5;159m FPS.[0m
[38;5;159m[Genesis] [21:23:22] [INFO] Running at [38;5;121m12.28[0m[38;5;159m FPS.[0m
[38;5;159m[Genesis] [21:23:22] [INFO] Running at [38;5;121m12.33[0m[38;5;159m FPS.[0m
[38;5;159m[Genesis] [21:23:22] [INFO] Running at [38;5;121m7.66[0m[38;5;159m FPS.[0m
[38;5;159m[Genesis] [21:23:22] [INFO] Running at [38;5;121m6.71[0m[38;5;159m FPS.[0m
[38;5;159m[Genesis] [21:23:22] [INFO] Running at [38;5;121m12.76[0m[38;5;159m FPS.[0m
[38;5;159m[Genesis] [21:23:22] [INFO] Running at [38;5;121m12.79[0m[38;5;159m FPS.[0m
[38;5;159m[Genesis] [21:23:22] [INFO] Running at [38;5;121m7.98[0m[38;5;159m FPS.[0m
[38;5;159m[Genesis] [21:23:22] [INFO] Running at [38;5;121m6.89[0m[38;5;159m FPS.[0m
[38;5;159m[Genesis] [21:23:22] [INFO] Running at [38;5;121m8.16[0m[38;5;159m FPS.[0m
[38;5;159m[Genesis] [21:23:22] [INFO] Running at [38;5;121m12.75[0m[38;5;159m FPS.[0m
[38;5;159m[Genesis] [21:23:22] [INFO] Running at [38;5;121m12.58[0m[38;5;159m FPS.[0m
[38;5;159m[Genesis] [21:23:23] [INFO] Running at [38;5;121m6.56[0m[38;5;159m FPS.[0m
[38;5;159m[Genesis] [21:23:23] [INFO] Running at [38;5;121m11.34[0m[38;5;159m FPS.[0m
[38;5;159m[Genesis] [21:23:23] [INFO] Running at [38;5;121m11.38[0m[38;5;159m FPS.[0m
[38;5;159m[Genesis] [21:23:23] [INFO] Running at [38;5;121m7.67[0m[38;5;159m FPS.[0m
[38;5;159m[Genesis] [21:23:23] [INFO] Running at [38;5;121m6.89[0m[38;5;159m FPS.[0m
[38;5;159m[Genesis] [21:23:23] [INFO] Running at [38;5;121m11.89[0m[38;5;159m FPS.[0m
[38;5;159m[Genesis] [21:23:23] [INFO] Running at [38;5;121m8.06[0m[38;5;159m FPS.[0m
[38;5;159m[Genesis] [21:23:23] [INFO] Running at [38;5;121m11.94[0m[38;5;159m FPS.[0m
[38;5;159m[Genesis] [21:23:23] [INFO] Running at [38;5;121m7.24[0m[38;5;159m FPS.[0m
[38;5;159m[Genesis] [21:23:23] [INFO] Running at [38;5;121m12.48[0m[38;5;159m FPS.[0m
[38;5;159m[Genesis] [21:23:23] [INFO] Running at [38;5;121m12.52[0m[38;5;159m FPS.[0m
[38;5;159m[Genesis] [21:23:23] [INFO] Running at [38;5;121m8.46[0m[38;5;159m FPS.[0m
[38;5;159m[Genesis] [21:23:23] [INFO] Running at [38;5;121m7.60[0m[38;5;159m FPS.[0m
[38;5;159m[Genesis] [21:23:23] [INFO] Running at [38;5;121m12.96[0m[38;5;159m FPS.[0m
[38;5;159m[Genesis] [21:23:23] [INFO] Running at [38;5;121m12.99[0m[38;5;159m FPS.[0m
[38;5;159m[Genesis] [21:23:23] [INFO] Running at [38;5;121m8.81[0m[38;5;159m FPS.[0m
[38;5;159m[Genesis] [21:23:23] [INFO] Running at [38;5;121m7.80[0m[38;5;159m FPS.[0m
[38;5;159m[Genesis] [21:23:23] [INFO] Running at [38;5;121m13.03[0m[38;5;159m FPS.[0m
[38;5;159m[Genesis] [21:23:23] [INFO] Running at [38;5;121m12.97[0m[38;5;159m FPS.[0m
[38;5;159m[Genesis] [21:23:23] [INFO] Running at [38;5;121m8.91[0m[38;5;159m FPS.[0m
[38;5;159m[Genesis] [21:23:23] [INFO] Running at [38;5;121m7.19[0m[38;5;159m FPS.[0m
[38;5;159m[Genesis] [21:23:23] [INFO] Running at [38;5;121m11.21[0m[38;5;159m FPS.[0m
[38;5;159m[Genesis] [21:23:23] [INFO] Running at [38;5;121m11.25[0m[38;5;159m FPS.[0m
[38;5;159m[Genesis] [21:23:23] [INFO] Running at [38;5;121m8.21[0m[38;5;159m FPS.[0m
[38;5;159m[Genesis] [21:23:23] [INFO] Running at [38;5;121m7.55[0m[38;5;159m FPS.[0m
[38;5;159m[Genesis] [21:23:23] [INFO] Running at [38;5;121m11.76[0m[38;5;159m FPS.[0m
[38;5;159m[Genesis] [21:23:23] [INFO] Running at [38;5;121m11.80[0m[38;5;159m FPS.[0m
[38;5;159m[Genesis] [21:23:23] [INFO] Running at [38;5;121m8.62[0m[38;5;159m FPS.[0m
[38;5;159m[Genesis] [21:23:23] [INFO] Running at [38;5;121m7.93[0m[38;5;159m FPS.[0m
[38;5;159m[Genesis] [21:23:23] [INFO] Running at [38;5;121m12.33[0m[38;5;159m FPS.[0m
[38;5;159m[Genesis] [21:23:23] [INFO] Running at [38;5;121m12.38[0m[38;5;159m FPS.[0m
[38;5;159m[Genesis] [21:23:23] [INFO] Running at [38;5;121m9.05[0m[38;5;159m FPS.[0m
[38;5;159m[Genesis] [21:23:23] [INFO] Running at [38;5;121m8.33[0m[38;5;159m FPS.[0m
[38;5;159m[Genesis] [21:23:23] [INFO] Running at [38;5;121m9.45[0m[38;5;159m FPS.[0m
[38;5;159m[Genesis] [21:23:23] [INFO] Running at [38;5;121m12.81[0m[38;5;159m FPS.[0m
[38;5;159m[Genesis] [21:23:23] [INFO] Running at [38;5;121m12.83[0m[38;5;159m FPS.[0m
[38;5;159m[Genesis] [21:23:23] [INFO] Running at [38;5;121m8.55[0m[38;5;159m FPS.[0m
[38;5;159m[Genesis] [21:23:23] [INFO] Running at [38;5;121m9.62[0m[38;5;159m FPS.[0m
[38;5;159m[Genesis] [21:23:23] [INFO] Running at [38;5;121m12.88[0m[38;5;159m FPS.[0m
[38;5;159m[Genesis] [21:23:23] [INFO] Running at [38;5;121m12.75[0m[38;5;159m FPS.[0m
[38;5;159m[Genesis] [21:23:24] [INFO] Running at [38;5;121m7.88[0m[38;5;159m FPS.[0m
[38;5;159m[Genesis] [21:23:24] [INFO] Running at [38;5;121m11.33[0m[38;5;159m FPS.[0m
[38;5;159m[Genesis] [21:23:24] [INFO] Running at [38;5;121m11.37[0m[38;5;159m FPS.[0m
[38;5;159m[Genesis] [21:23:24] [INFO] Running at [38;5;121m8.81[0m[38;5;159m FPS.[0m
[38;5;159m[Genesis] [21:23:24] [INFO] Running at [38;5;121m8.27[0m[38;5;159m FPS.[0m
[38;5;159m[Genesis] [21:23:24] [INFO] Running at [38;5;121m11.89[0m[38;5;159m FPS.[0m
[38;5;159m[Genesis] [21:23:24] [INFO] Running at [38;5;121m11.93[0m[38;5;159m FPS.[0m
[38;5;159m[Genesis] [21:23:24] [INFO] Running at [38;5;121m9.25[0m[38;5;159m FPS.[0m
[38;5;159m[Genesis] [21:23:24] [INFO] Running at [38;5;121m8.69[0m[38;5;159m FPS.[0m
[38;5;159m[Genesis] [21:23:24] [INFO] Running at [38;5;121m12.47[0m[38;5;159m FPS.[0m
[38;5;159m[Genesis] [21:23:24] [INFO] Running at [38;5;121m12.51[0m[38;5;159m FPS.[0m
[38;5;159m[Genesis] [21:23:24] [INFO] Running at [38;5;121m9.71[0m[38;5;159m FPS.[0m
[38;5;159m[Genesis] [21:23:24] [INFO] Running at [38;5;121m9.12[0m[38;5;159m FPS.[0m
[38;5;159m[Genesis] [21:23:24] [INFO] Running at [38;5;121m10.14[0m[38;5;159m FPS.[0m
[38;5;159m[Genesis] [21:23:24] [INFO] Running at [38;5;121m12.95[0m[38;5;159m FPS.[0m
[38;5;159m[Genesis] [21:23:24] [INFO] Running at [38;5;121m12.97[0m[38;5;159m FPS.[0m
[38;5;159m[Genesis] [21:23:24] [INFO] Running at [38;5;121m9.34[0m[38;5;159m FPS.[0m
[38;5;159m[Genesis] [21:23:24] [INFO] Running at [38;5;121m13.08[0m[38;5;159m FPS.[0m
[38;5;159m[Genesis] [21:23:24] [INFO] Running at [38;5;121m10.29[0m[38;5;159m FPS.[0m
[38;5;159m[Genesis] [21:23:24] [INFO] Running at [38;5;121m12.88[0m[38;5;159m FPS.[0m
[38;5;159m[Genesis] [21:23:24] [INFO] Running at [38;5;121m8.64[0m[38;5;159m FPS.[0m
[38;5;159m[Genesis] [21:23:24] [INFO] Running at [38;5;121m11.67[0m[38;5;159m FPS.[0m
[38;5;159m[Genesis] [21:23:24] [INFO] Running at [38;5;121m11.71[0m[38;5;159m FPS.[0m
[38;5;159m[Genesis] [21:23:24] [INFO] Running at [38;5;121m9.51[0m[38;5;159m FPS.[0m
[38;5;159m[Genesis] [21:23:24] [INFO] Running at [38;5;121m9.07[0m[38;5;159m FPS.[0m
[38;5;159m[Genesis] [21:23:24] [INFO] Running at [38;5;121m12.24[0m[38;5;159m FPS.[0m
[38;5;159m[Genesis] [21:23:24] [INFO] Running at [38;5;121m12.28[0m[38;5;159m FPS.[0m
[38;5;159m[Genesis] [21:23:24] [INFO] Running at [38;5;121m9.98[0m[38;5;159m FPS.[0m
[38;5;159m[Genesis] [21:23:24] [INFO] Running at [38;5;121m9.52[0m[38;5;159m FPS.[0m
[38;5;159m[Genesis] [21:23:24] [INFO] Running at [38;5;121m12.84[0m[38;5;159m FPS.[0m
[38;5;159m[Genesis] [21:23:24] [INFO] Running at [38;5;121m12.88[0m[38;5;159m FPS.[0m
[38;5;159m[Genesis] [21:23:24] [INFO] Running at [38;5;121m10.47[0m[38;5;159m FPS.[0m
[38;5;159m[Genesis] [21:23:24] [INFO] Running at [38;5;121m10.00[0m[38;5;159m FPS.[0m
[38;5;159m[Genesis] [21:23:24] [INFO] Running at [38;5;121m10.92[0m[38;5;159m FPS.[0m
[38;5;159m[Genesis] [21:23:24] [INFO] Running at [38;5;121m13.33[0m[38;5;159m FPS.[0m
[38;5;159m[Genesis] [21:23:24] [INFO] Running at [38;5;121m13.36[0m[38;5;159m FPS.[0m
[38;5;159m[Genesis] [21:23:24] [INFO] Running at [38;5;121m10.22[0m[38;5;159m FPS.[0m
[38;5;159m[Genesis] [21:23:24] [INFO] Running at [38;5;121m11.01[0m[38;5;159m FPS.[0m
[38;5;159m[Genesis] [21:23:24] [INFO] Running at [38;5;121m13.22[0m[38;5;159m FPS.[0m
[38;5;159m[Genesis] [21:23:24] [INFO] Running at [38;5;121m13.24[0m[38;5;159m FPS.[0m
[38;5;159m[Genesis] [21:23:24] [INFO] Running at [38;5;121m9.24[0m[38;5;159m FPS.[0m
[38;5;159m[Genesis] [21:23:24] [INFO] Running at [38;5;121m11.82[0m[38;5;159m FPS.[0m
[38;5;159m[Genesis] [21:23:24] [INFO] Running at [38;5;121m10.00[0m[38;5;159m FPS.[0m
[38;5;159m[Genesis] [21:23:24] [INFO] Running at [38;5;121m11.79[0m[38;5;159m FPS.[0m
[38;5;159m[Genesis] [21:23:24] [INFO] Running at [38;5;121m9.70[0m[38;5;159m FPS.[0m
[38;5;159m[Genesis] [21:23:24] [INFO] Running at [38;5;121m12.40[0m[38;5;159m FPS.[0m
[38;5;159m[Genesis] [21:23:24] [INFO] Running at [38;5;121m12.37[0m[38;5;159m FPS.[0m
[38;5;159m[Genesis] [21:23:24] [INFO] Running at [38;5;121m10.50[0m[38;5;159m FPS.[0m
[38;5;159m[Genesis] [21:23:24] [INFO] Running at [38;5;121m10.18[0m[38;5;159m FPS.[0m
[38;5;159m[Genesis] [21:23:24] [INFO] Running at [38;5;121m13.01[0m[38;5;159m FPS.[0m
[38;5;159m[Genesis] [21:23:24] [INFO] Running at [38;5;121m12.97[0m[38;5;159m FPS.[0m
[38;5;159m[Genesis] [21:23:24] [INFO] Running at [38;5;121m11.02[0m[38;5;159m FPS.[0m
[38;5;159m[Genesis] [21:23:24] [INFO] Running at [38;5;121m11.51[0m[38;5;159m FPS.[0m
[38;5;159m[Genesis] [21:23:24] [INFO] Running at [38;5;121m10.64[0m[38;5;159m FPS.[0m
[38;5;159m[Genesis] [21:23:24] [INFO] Running at [38;5;121m13.53[0m[38;5;159m FPS.[0m
[38;5;159m[Genesis] [21:23:24] [INFO] Running at [38;5;121m13.43[0m[38;5;159m FPS.[0m
[38;5;159m[Genesis] [21:23:24] [INFO] Running at [38;5;121m10.83[0m[38;5;159m FPS.[0m
[38;5;159m[Genesis] [21:23:24] [INFO] Running at [38;5;121m13.56[0m[38;5;159m FPS.[0m
[38;5;159m[Genesis] [21:23:24] [INFO] Running at [38;5;121m11.46[0m[38;5;159m FPS.[0m
[38;5;159m[Genesis] [21:23:24] [INFO] Running at [38;5;121m13.32[0m[38;5;159m FPS.[0m
[38;5;159m[Genesis] [21:23:25] [INFO] Running at [38;5;121m11.87[0m[38;5;159m FPS.[0m
[38;5;159m[Genesis] [21:23:25] [INFO] Running at [38;5;121m11.89[0m[38;5;159m FPS.[0m
[38;5;159m[Genesis] [21:23:25] [INFO] Running at [38;5;121m9.76[0m[38;5;159m FPS.[0m
[38;5;159m[Genesis] [21:23:25] [INFO] Running at [38;5;121m10.42[0m[38;5;159m FPS.[0m
[38;5;159m[Genesis] [21:23:25] [INFO] Running at [38;5;121m12.45[0m[38;5;159m FPS.[0m
[38;5;159m[Genesis] [21:23:25] [INFO] Running at [38;5;121m12.47[0m[38;5;159m FPS.[0m
[38;5;159m[Genesis] [21:23:25] [INFO] Running at [38;5;121m10.24[0m[38;5;159m FPS.[0m
[38;5;159m[Genesis] [21:23:25] [INFO] Running at [38;5;121m10.93[0m[38;5;159m FPS.[0m
[38;5;159m[Genesis] [21:23:25] [INFO] Running at [38;5;121m13.08[0m[38;5;159m FPS.[0m
[38;5;159m[Genesis] [21:23:25] [INFO] Running at [38;5;121m13.06[0m[38;5;159m FPS.[0m
[38;5;159m[Genesis] [21:23:25] [INFO] Running at [38;5;121m10.75[0m[38;5;159m FPS.[0m
[38;5;159m[Genesis] [21:23:25] [INFO] Running at [38;5;121m11.47[0m[38;5;159m FPS.[0m
[38;5;159m[Genesis] [21:23:25] [INFO] Running at [38;5;121m11.27[0m[38;5;159m FPS.[0m
[38;5;159m[Genesis] [21:23:25] [INFO] Running at [38;5;121m13.65[0m[38;5;159m FPS.[0m
[38;5;159m[Genesis] [21:23:25] [INFO] Running at [38;5;121m11.97[0m[38;5;159m FPS.[0m
[38;5;159m[Genesis] [21:23:25] [INFO] Running at [38;5;121m13.58[0m[38;5;159m FPS.[0m
[38;5;159m[Genesis] [21:23:25] [INFO] Running at [38;5;121m11.45[0m[38;5;159m FPS.[0m
[38;5;159m[Genesis] [21:23:25] [INFO] Running at [38;5;121m13.69[0m[38;5;159m FPS.[0m
[38;5;159m[Genesis] [21:23:25] [INFO] Running at [38;5;121m13.61[0m[38;5;159m FPS.[0m
[38;5;159m[Genesis] [21:23:25] [INFO] Running at [38;5;121m11.88[0m[38;5;159m FPS.[0m
[38;5;159m[Genesis] [21:23:25] [INFO] Running at [38;5;121m11.99[0m[38;5;159m FPS.[0m
[38;5;159m[Genesis] [21:23:25] [INFO] Running at [38;5;121m10.25[0m[38;5;159m FPS.[0m
[38;5;159m[Genesis] [21:23:25] [INFO] Running at [38;5;121m10.82[0m[38;5;159m FPS.[0m
[38;5;159m[Genesis] [21:23:25] [INFO] Running at [38;5;121m12.00[0m[38;5;159m FPS.[0m
[38;5;159m[Genesis] [21:23:25] [INFO] Running at [38;5;121m12.57[0m[38;5;159m FPS.[0m
[38;5;159m[Genesis] [21:23:25] [INFO] Running at [38;5;121m12.59[0m[38;5;159m FPS.[0m
[38;5;159m[Genesis] [21:23:25] [INFO] Running at [38;5;121m10.76[0m[38;5;159m FPS.[0m
[38;5;159m[Genesis] [21:23:25] [INFO] Running at [38;5;121m11.35[0m[38;5;159m FPS.[0m
[38;5;159m[Genesis] [21:23:25] [INFO] Running at [38;5;121m13.19[0m[38;5;159m FPS.[0m
[38;5;159m[Genesis] [21:23:25] [INFO] Running at [38;5;121m11.28[0m[38;5;159m FPS.[0m
[38;5;159m[Genesis] [21:23:25] [INFO] Running at [38;5;121m13.20[0m[38;5;159m FPS.[0m
[38;5;159m[Genesis] [21:23:25] [INFO] Running at [38;5;121m11.91[0m[38;5;159m FPS.[0m
[38;5;159m[Genesis] [21:23:25] [INFO] Running at [38;5;121m11.82[0m[38;5;159m FPS.[0m
[38;5;159m[Genesis] [21:23:25] [INFO] Running at [38;5;121m13.77[0m[38;5;159m FPS.[0m
[38;5;159m[Genesis] [21:23:25] [INFO] Running at [38;5;121m12.42[0m[38;5;159m FPS.[0m
[38;5;159m[Genesis] [21:23:25] [INFO] Running at [38;5;121m13.70[0m[38;5;159m FPS.[0m
[38;5;159m[Genesis] [21:23:25] [INFO] Running at [38;5;121m11.99[0m[38;5;159m FPS.[0m
[38;5;159m[Genesis] [21:23:25] [INFO] Running at [38;5;121m13.81[0m[38;5;159m FPS.[0m
[38;5;159m[Genesis] [21:23:25] [INFO] Running at [38;5;121m12.31[0m[38;5;159m FPS.[0m
[38;5;159m[Genesis] [21:23:25] [INFO] Running at [38;5;121m13.34[0m[38;5;159m FPS.[0m
[38;5;159m[Genesis] [21:23:26] [INFO] Scene [38;5;121m[3m<b2fc9cb>[0m[38;5;159m created.[0m
[38;5;159m[Genesis] [21:23:26] [INFO] Adding [38;5;121m<gs.RigidEntity>[0m[38;5;159m. idx: [38;5;121m0[0m[38;5;159m, uid: [38;5;121m[3m<e9d15ce>[0m[38;5;159m, morph: [38;5;121m<gs.morphs.Plane>[0m[38;5;159m, material: [38;5;121m<gs.materials.Rigid>[0m[38;5;159m.[0m
[38;5;159m[Genesis] [21:23:26] [INFO] Adding [38;5;121m<gs.RigidEntity>[0m[38;5;159m. idx: [38;5;121m1[0m[38;5;159m, uid: [38;5;121m[3m<5b9ae28>[0m[38;5;159m, morph: [38;5;121m<gs.morphs.URDF(file='/home/jkoba/SynologyDrive/genesis_humanoid_rl/assets/robots/g1/g1_29dof.urdf')>[0m[38;5;159m, material: [38;5;121m<gs.materials.Rigid>[0m[38;5;159m.[0m
[38;5;159m[Genesis] [21:23:27] [INFO] Building scene [38;5;121m[3m<b2fc9cb>[0m[38;5;159m...[0m
[38;5;159m[Genesis] [21:23:36] [INFO] Compiling simulation kernels...[0m
[38;5;159m[Genesis] [21:24:09] [INFO] Building visualizer...[0m
[38;5;159m[Genesis] [21:24:10] [INFO] Running at [38;5;121m143.23[0m[38;5;159m FPS.[0m
[38;5;159m[Genesis] [21:24:10] [INFO] Running at [38;5;121m145.34[0m[38;5;159m FPS.[0m
[38;5;159m[Genesis] [21:24:10] [INFO] Running at [38;5;121m147.65[0m[38;5;159m FPS.[0m
[38;5;159m[Genesis] [21:24:10] [INFO] Running at [38;5;121m149.99[0m[38;5;159m FPS.[0m
[38;5;159m[Genesis] [21:24:10] [INFO] Running at [38;5;121m152.12[0m[38;5;159m FPS.[0m
[38;5;159m[Genesis] [21:24:10] [INFO] Running at [38;5;121m154.22[0m[38;5;159m FPS.[0m
[38;5;159m[Genesis] [21:24:10] [INFO] Running at [38;5;121m150.12[0m[38;5;159m FPS.[0m
[38;5;159m[Genesis] [21:24:10] [INFO] Running at [38;5;121m145.94[0m[38;5;159m FPS.[0m
[38;5;159m[Genesis] [21:24:10] [INFO] Running at [38;5;121m142.11[0m[38;5;159m FPS.[0m
[38;5;159m[Genesis] [21:24:10] [INFO] Running at [38;5;121m138.64[0m[38;5;159m FPS.[0m
[38;5;159m[Genesis] [21:24:10] [INFO] Running at [38;5;121m0.43[0m[38;5;159m FPS.[0m
[38;5;159m[Genesis] [21:24:10] [INFO] Running at [38;5;121m0.43[0m[38;5;159m FPS.[0m
[38;5;159m[Genesis] [21:24:10] [INFO] Running at [38;5;121m0.43[0m[38;5;159m FPS.[0m
[38;5;159m[Genesis] [21:24:10] [INFO] Running at [38;5;121m0.45[0m[38;5;159m FPS.[0m
[38;5;159m[Genesis] [21:24:10] [INFO] Running at [38;5;121m0.45[0m[38;5;159m FPS.[0m
[38;5;159m[Genesis] [21:24:10] [INFO] Running at [38;5;121m0.45[0m[38;5;159m FPS.[0m
[38;5;159m[Genesis] [21:24:10] [INFO] Running at [38;5;121m0.48[0m[38;5;159m FPS.[0m
[38;5;159m[Genesis] [21:24:10] [INFO] Running at [38;5;121m0.48[0m[38;5;159m FPS.[0m
[38;5;159m[Genesis] [21:24:10] [INFO] Running at [38;5;121m0.48[0m[38;5;159m FPS.[0m
[38;5;159m[Genesis] [21:24:10] [INFO] Running at [38;5;121m0.50[0m[38;5;159m FPS.[0m
[38;5;159m[Genesis] [21:24:10] [INFO] Running at [38;5;121m0.50[0m[38;5;159m FPS.[0m
[38;5;159m[Genesis] [21:24:10] [INFO] Running at [38;5;121m0.50[0m[38;5;159m FPS.[0m
[38;5;159m[Genesis] [21:24:10] [INFO] Running at [38;5;121m56.38[0m[38;5;159m FPS.[0m
[38;5;159m[Genesis] [21:24:10] [INFO] Running at [38;5;121m58.28[0m[38;5;159m FPS.[0m
[38;5;159m[Genesis] [21:24:10] [INFO] Running at [38;5;121m60.42[0m[38;5;159m FPS.[0m
[38;5;159m[Genesis] [21:24:10] [INFO] Running at [38;5;121m62.59[0m[38;5;159m FPS.[0m
[38;5;159m[Genesis] [21:24:10] [INFO] Running at [38;5;121m0.53[0m[38;5;159m FPS.[0m
[38;5;159m[Genesis] [21:24:10] [INFO] Running at [38;5;121m0.53[0m[38;5;159m FPS.[0m
[38;5;159m[Genesis] [21:24:10] [INFO] Running at [38;5;121m0.53[0m[38;5;159m FPS.[0m
[38;5;159m[Genesis] [21:24:10] [INFO] Running at [38;5;121m58.42[0m[38;5;159m FPS.[0m
[38;5;159m[Genesis] [21:24:10] [INFO] Running at [38;5;121m0.55[0m[38;5;159m FPS.[0m
[38;5;159m[Genesis] [21:24:10] [INFO] Running at [38;5;121m0.55[0m[38;5;159m FPS.[0m
[38;5;159m[Genesis] [21:24:10] [INFO] Running at [38;5;121m34.89[0m[38;5;159m FPS.[0m
[38;5;159m[Genesis] [21:24:10] [INFO] Running at [38;5;121m0.55[0m[38;5;159m FPS.[0m
[38;5;159m[Genesis] [21:24:10] [INFO] Running at [38;5;121m36.40[0m[38;5;159m FPS.[0m
[38;5;159m[Genesis] [21:24:10] [INFO] Running at [38;5;121m0.58[0m[38;5;159m FPS.[0m
[38;5;159m[Genesis] [21:24:10] [INFO] Running at [38;5;121m0.58[0m[38;5;159m FPS.[0m
[38;5;159m[Genesis] [21:24:10] [INFO] Running at [38;5;121m0.58[0m[38;5;159m FPS.[0m
[38;5;159m[Genesis] [21:24:10] [INFO] Running at [38;5;121m37.95[0m[38;5;159m FPS.[0m
[38;5;159m[Genesis] [21:24:10] [INFO] Running at [38;5;121m0.61[0m[38;5;159m FPS.[0m
[38;5;159m[Genesis] [21:24:10] [INFO] Running at [38;5;121m0.61[0m[38;5;159m FPS.[0m
[38;5;159m[Genesis] [21:24:10] [INFO] Running at [38;5;121m0.61[0m[38;5;159m FPS.[0m
[38;5;159m[Genesis] [21:24:10] [INFO] Running at [38;5;121m39.55[0m[38;5;159m FPS.[0m
[38;5;159m[Genesis] [21:24:10] [INFO] Running at [38;5;121m0.64[0m[38;5;159m FPS.[0m
[38;5;159m[Genesis] [21:24:10] [INFO] Running at [38;5;121m0.64[0m[38;5;159m FPS.[0m
[38;5;159m[Genesis] [21:24:10] [INFO] Running at [38;5;121m0.64[0m[38;5;159m FPS.[0m
[38;5;159m[Genesis] [21:24:11] [INFO] Running at [38;5;121m38.63[0m[38;5;159m FPS.[0m
[38;5;159m[Genesis] [21:24:11] [INFO] Running at [38;5;121m0.68[0m[38;5;159m FPS.[0m
[38;5;159m[Genesis] [21:24:11] [INFO] Running at [38;5;121m0.67[0m[38;5;159m FPS.[0m
[38;5;159m[Genesis] [21:24:11] [INFO] Running at [38;5;121m0.68[0m[38;5;159m FPS.[0m
[38;5;159m[Genesis] [21:24:11] [INFO] Running at [38;5;121m0.71[0m[38;5;159m FPS.[0m
[38;5;159m[Genesis] [21:24:11] [INFO] Running at [38;5;121m0.70[0m[38;5;159m FPS.[0m
[38;5;159m[Genesis] [21:24:11] [INFO] Running at [38;5;121m25.92[0m[38;5;159m FPS.[0m
[38;5;159m[Genesis] [21:24:11] [INFO] Running at [38;5;121m0.70[0m[38;5;159m FPS.[0m
[38;5;159m[Genesis] [21:24:11] [INFO] Running at [38;5;121m0.74[0m[38;5;159m FPS.[0m
[38;5;159m[Genesis] [21:24:11] [INFO] Running at [38;5;121m0.74[0m[38;5;159m FPS.[0m
[38;5;159m[Genesis] [21:24:11] [INFO] Running at [38;5;121m27.10[0m[38;5;159m FPS.[0m
[38;5;159m[Genesis] [21:24:11] [INFO] Running at [38;5;121m0.74[0m[38;5;159m FPS.[0m
[38;5;159m[Genesis] [21:24:11] [INFO] Running at [38;5;121m0.78[0m[38;5;159m FPS.[0m
[38;5;159m[Genesis] [21:24:11] [INFO] Running at [38;5;121m0.78[0m[38;5;159m FPS.[0m
[38;5;159m[Genesis] [21:24:11] [INFO] Running at [38;5;121m28.32[0m[38;5;159m FPS.[0m
[38;5;159m[Genesis] [21:24:11] [INFO] Running at [38;5;121m0.78[0m[38;5;159m FPS.[0m
[38;5;159m[Genesis] [21:24:11] [INFO] Running at [38;5;121m29.59[0m[38;5;159m FPS.[0m
[38;5;159m[Genesis] [21:24:11] [INFO] Running at [38;5;121m0.82[0m[38;5;159m FPS.[0m
[38;5;159m[Genesis] [21:24:11] [INFO] Running at [38;5;121m0.82[0m[38;5;159m FPS.[0m
[38;5;159m[Genesis] [21:24:11] [INFO] Running at [38;5;121m0.82[0m[38;5;159m FPS.[0m
[38;5;159m[Genesis] [21:24:11] [INFO] Running at [38;5;121m29.72[0m[38;5;159m FPS.[0m
[38;5;159m[Genesis] [21:24:11] [INFO] Running at [38;5;121m0.86[0m[38;5;159m FPS.[0m
[38;5;159m[Genesis] [21:24:11] [INFO] Running at [38;5;121m0.86[0m[38;5;159m FPS.[0m
[38;5;159m[Genesis] [21:24:11] [INFO] Running at [38;5;121m0.86[0m[38;5;159m FPS.[0m
[38;5;159m[Genesis] [21:24:11] [INFO] Running at [38;5;121m0.90[0m[38;5;159m FPS.[0m
[38;5;159m[Genesis] [21:24:11] [INFO] Running at [38;5;121m0.89[0m[38;5;159m FPS.[0m
[38;5;159m[Genesis] [21:24:11] [INFO] Running at [38;5;121m21.51[0m[38;5;159m FPS.[0m
[38;5;159m[Genesis] [21:24:11] [INFO] Running at [38;5;121m0.90[0m[38;5;159m FPS.[0m
[38;5;159m[Genesis] [21:24:11] [INFO] Running at [38;5;121m22.51[0m[38;5;159m FPS.[0m
[38;5;159m[Genesis] [21:24:11] [INFO] Running at [38;5;121m0.94[0m[38;5;159m FPS.[0m
[38;5;159m[Genesis] [21:24:11] [INFO] Running at [38;5;121m0.94[0m[38;5;159m FPS.[0m
[38;5;159m[Genesis] [21:24:11] [INFO] Running at [38;5;121m0.94[0m[38;5;159m FPS.[0m
[38;5;159m[Genesis] [21:24:11] [INFO] Running at [38;5;121m23.55[0m[38;5;159m FPS.[0m
[38;5;159m[Genesis] [21:24:11] [INFO] Running at [38;5;121m0.99[0m[38;5;159m FPS.[0m
[38;5;159m[Genesis] [21:24:11] [INFO] Running at [38;5;121m0.99[0m[38;5;159m FPS.[0m
[38;5;159m[Genesis] [21:24:11] [INFO] Running at [38;5;121m0.99[0m[38;5;159m FPS.[0m
[38;5;159m[Genesis] [21:24:11] [INFO] Running at [38;5;121m1.04[0m[38;5;159m FPS.[0m
[38;5;159m[Genesis] [21:24:11] [INFO] Running at [38;5;121m24.58[0m[38;5;159m FPS.[0m
[38;5;159m[Genesis] [21:24:11] [INFO] Running at [38;5;121m1.05[0m[38;5;159m FPS.[0m
[38;5;159m[Genesis] [21:24:11] [INFO] Running at [38;5;121m1.05[0m[38;5;159m FPS.[0m
[38;5;159m[Genesis] [21:24:11] [INFO] Running at [38;5;121m1.10[0m[38;5;159m FPS.[0m
[38;5;159m[Genesis] [21:24:11] [INFO] Running at [38;5;121m23.74[0m[38;5;159m FPS.[0m
[38;5;159m[Genesis] [21:24:11] [INFO] Running at [38;5;121m1.10[0m[38;5;159m FPS.[0m
[38;5;159m[Genesis] [21:24:11] [INFO] Running at [38;5;121m1.10[0m[38;5;159m FPS.[0m
[38;5;159m[Genesis] [21:24:12] [INFO] Scene [38;5;121m[3m<e6c84a0>[0m[38;5;159m created.[0m
[38;5;159m[Genesis] [21:24:12] [INFO] Adding [38;5;121m<gs.RigidEntity>[0m[38;5;159m. idx: [38;5;121m0[0m[38;5;159m, uid: [38;5;121m[3m<a57ea39>[0m[38;5;159m, morph: [38;5;121m<gs.morphs.Plane>[0m[38;5;159m, material: [38;5;121m<gs.materials.Rigid>[0m[38;5;159m.[0m
[38;5;159m[Genesis] [21:24:12] [INFO] Adding [38;5;121m<gs.RigidEntity>[0m[38;5;159m. idx: [38;5;121m1[0m[38;5;159m, uid: [38;5;121m[3m<c2c1ffb>[0m[38;5;159m, morph: [38;5;121m<gs.morphs.URDF(file='/home/jkoba/SynologyDrive/genesis_humanoid_rl/assets/robots/g1/g1_29dof.urdf')>[0m[38;5;159m, material: [38;5;121m<gs.materials.Rigid>[0m[38;5;159m.[0m
[38;5;159m[Genesis] [21:24:13] [INFO] Building scene [38;5;121m[3m<e6c84a0>[0m[38;5;159m...[0m
[38;5;159m[Genesis] [21:24:22] [INFO] Compiling simulation kernels...[0m
[38;5;159m[Genesis] [21:24:55] [INFO] Building visualizer...[0m
[38;5;159m[Genesis] [21:24:55] [INFO] Running at [38;5;121m148.80[0m[38;5;159m FPS.[0m
[38;5;159m[Genesis] [21:24:55] [INFO] Running at [38;5;121m150.77[0m[38;5;159m FPS.[0m
[38;5;159m[Genesis] [21:24:55] [INFO] Running at [38;5;121m152.88[0m[38;5;159m FPS.[0m
[38;5;159m[Genesis] [21:24:55] [INFO] Running at [38;5;121m155.01[0m[38;5;159m FPS.[0m
[38;5;159m[Genesis] [21:24:55] [INFO] Running at [38;5;121m156.96[0m[38;5;159m FPS.[0m
[38;5;159m[Genesis] [21:24:55] [INFO] Running at [38;5;121m158.97[0m[38;5;159m FPS.[0m
[38;5;159m[Genesis] [21:24:55] [INFO] Running at [38;5;121m154.84[0m[38;5;159m FPS.[0m
[38;5;159m[Genesis] [21:24:55] [INFO] Running at [38;5;121m150.09[0m[38;5;159m FPS.[0m
[38;5;159m[Genesis] [21:24:55] [INFO] Running at [38;5;121m145.84[0m[38;5;159m FPS.[0m
[38;5;159m[Genesis] [21:24:55] [INFO] Running at [38;5;121m141.99[0m[38;5;159m FPS.[0m
[38;5;159m[Genesis] [21:24:56] [INFO] Running at [38;5;121m0.44[0m[38;5;159m FPS.[0m
[38;5;159m[Genesis] [21:24:56] [INFO] Running at [38;5;121m0.32[0m[38;5;159m FPS.[0m
[38;5;159m[Genesis] [21:24:56] [INFO] Running at [38;5;121m0.32[0m[38;5;159m FPS.[0m
[38;5;159m[Genesis] [21:24:56] [INFO] Running at [38;5;121m0.47[0m[38;5;159m FPS.[0m
[38;5;159m[Genesis] [21:24:56] [INFO] Running at [38;5;121m0.34[0m[38;5;159m FPS.[0m
[38;5;159m[Genesis] [21:24:56] [INFO] Running at [38;5;121m0.34[0m[38;5;159m FPS.[0m
[38;5;159m[Genesis] [21:24:56] [INFO] Running at [38;5;121m0.49[0m[38;5;159m FPS.[0m
[38;5;159m[Genesis] [21:24:56] [INFO] Running at [38;5;121m0.36[0m[38;5;159m FPS.[0m
[38;5;159m[Genesis] [21:24:56] [INFO] Running at [38;5;121m0.36[0m[38;5;159m FPS.[0m
[38;5;159m[Genesis] [21:24:56] [INFO] Running at [38;5;121m0.52[0m[38;5;159m FPS.[0m
[38;5;159m[Genesis] [21:24:56] [INFO] Running at [38;5;121m0.38[0m[38;5;159m FPS.[0m
[38;5;159m[Genesis] [21:24:56] [INFO] Running at [38;5;121m0.38[0m[38;5;159m FPS.[0m
[38;5;159m[Genesis] [21:24:56] [INFO] Running at [38;5;121m59.07[0m[38;5;159m FPS.[0m
[38;5;159m[Genesis] [21:24:56] [INFO] Running at [38;5;121m61.17[0m[38;5;159m FPS.[0m
[38;5;159m[Genesis] [21:24:56] [INFO] Running at [38;5;121m63.37[0m[38;5;159m FPS.[0m
[38;5;159m[Genesis] [21:24:56] [INFO] Running at [38;5;121m64.94[0m[38;5;159m FPS.[0m
[38;5;159m[Genesis] [21:24:56] [INFO] Running at [38;5;121m0.40[0m[38;5;159m FPS.[0m
[38;5;159m[Genesis] [21:24:56] [INFO] Running at [38;5;121m0.54[0m[38;5;159m FPS.[0m
[38;5;159m[Genesis] [21:24:56] [INFO] Running at [38;5;121m59.26[0m[38;5;159m FPS.[0m
[38;5;159m[Genesis] [21:24:56] [INFO] Running at [38;5;121m0.40[0m[38;5;159m FPS.[0m
[38;5;159m[Genesis] [21:24:56] [INFO] Scene [38;5;121m[3m<46177c6>[0m[38;5;159m created.[0m
[38;5;159m[Genesis] [21:24:56] [INFO] Adding [38;5;121m<gs.RigidEntity>[0m[38;5;159m. idx: [38;5;121m0[0m[38;5;159m, uid: [38;5;121m[3m<b209542>[0m[38;5;159m, morph: [38;5;121m<gs.morphs.Plane>[0m[38;5;159m, material: [38;5;121m<gs.materials.Rigid>[0m[38;5;159m.[0m
[38;5;159m[Genesis] [21:24:56] [INFO] Adding [38;5;121m<gs.RigidEntity>[0m[38;5;159m. idx: [38;5;121m1[0m[38;5;159m, uid: [38;5;121m[3m<2b17c80>[0m[38;5;159m, morph: [38;5;121m<gs.morphs.URDF(file='/home/jkoba/SynologyDrive/genesis_humanoid_rl/assets/robots/g1/g1_29dof.urdf')>[0m[38;5;159m, material: [38;5;121m<gs.materials.Rigid>[0m[38;5;159m.[0m
[38;5;159m[Genesis] [21:24:57] [INFO] Building scene [38;5;121m[3m<46177c6>[0m[38;5;159m...[0m
[38;5;159m[Genesis] [21:25:06] [INFO] Compiling simulation kernels...[0m
[38;5;159m[Genesis] [21:25:39] [INFO] Building visualizer...[0m
[38;5;159m[Genesis] [21:25:40] [INFO] Running at [38;5;121m147.71[0m[38;5;159m FPS.[0m
[38;5;159m[Genesis] [21:25:40] [INFO] Running at [38;5;121m149.43[0m[38;5;159m FPS.[0m
[38;5;159m[Genesis] [21:25:40] [INFO] Running at [38;5;121m151.46[0m[38;5;159m FPS.[0m
[38;5;159m[Genesis] [21:25:40] [INFO] Running at [38;5;121m153.63[0m[38;5;159m FPS.[0m
[38;5;159m[Genesis] [21:25:40] [INFO] Running at [38;5;121m155.59[0m[38;5;159m FPS.[0m
[38;5;159m[Genesis] [21:25:40] [INFO] Running at [38;5;121m157.55[0m[38;5;159m FPS.[0m
[38;5;159m[Genesis] [21:25:40] [INFO] Running at [38;5;121m153.88[0m[38;5;159m FPS.[0m
[38;5;159m[Genesis] [21:25:40] [INFO] Running at [38;5;121m149.33[0m[38;5;159m FPS.[0m
[38;5;159m[Genesis] [21:25:40] [INFO] Running at [38;5;121m145.15[0m[38;5;159m FPS.[0m
[38;5;159m[Genesis] [21:25:40] [INFO] Running at [38;5;121m141.38[0m[38;5;159m FPS.[0m
[38;5;159m[Genesis] [21:25:40] [INFO] Running at [38;5;121m0.22[0m[38;5;159m FPS.[0m
[38;5;159m[Genesis] [21:25:40] [INFO] Running at [38;5;121m0.25[0m[38;5;159m FPS.[0m
[38;5;159m[Genesis] [21:25:40] [INFO] Running at [38;5;121m0.45[0m[38;5;159m FPS.[0m
[38;5;159m[Genesis] [21:25:40] [INFO] Running at [38;5;121m0.23[0m[38;5;159m FPS.[0m
[38;5;159m[Genesis] [21:25:40] [INFO] Running at [38;5;121m0.27[0m[38;5;159m FPS.[0m
[38;5;159m[Genesis] [21:25:40] [INFO] Running at [38;5;121m0.47[0m[38;5;159m FPS.[0m
[38;5;159m[Genesis] [21:25:40] [INFO] Running at [38;5;121m0.24[0m[38;5;159m FPS.[0m
[38;5;159m[Genesis] [21:25:40] [INFO] Running at [38;5;121m0.28[0m[38;5;159m FPS.[0m
[38;5;159m[Genesis] [21:25:40] [INFO] Running at [38;5;121m0.50[0m[38;5;159m FPS.[0m
[38;5;159m[Genesis] [21:25:40] [INFO] Running at [38;5;121m0.25[0m[38;5;159m FPS.[0m
[38;5;159m[Genesis] [21:25:40] [INFO] Running at [38;5;121m0.52[0m[38;5;159m FPS.[0m
[38;5;159m[Genesis] [21:25:40] [INFO] Running at [38;5;121m0.29[0m[38;5;159m FPS.[0m
[38;5;159m[Genesis] [21:25:40] [INFO] Running at [38;5;121m0.55[0m[38;5;159m FPS.[0m
[38;5;159m[Genesis] [21:25:40] [INFO] Running at [38;5;121m58.55[0m[38;5;159m FPS.[0m
[38;5;159m[Genesis] [21:25:40] [INFO] Running at [38;5;121m60.67[0m[38;5;159m FPS.[0m
[38;5;159m[Genesis] [21:25:40] [INFO] Running at [38;5;121m62.85[0m[38;5;159m FPS.[0m
[38;5;159m[Genesis] [21:25:40] [INFO] Running at [38;5;121m65.06[0m[38;5;159m FPS.[0m
[38;5;159m[Genesis] [21:25:40] [INFO] Running at [38;5;121m0.27[0m[38;5;159m FPS.[0m
[38;5;159m[Genesis] [21:25:40] [INFO] Running at [38;5;121m0.31[0m[38;5;159m FPS.[0m
[38;5;159m[Genesis] [21:25:40] [INFO] Running at [38;5;121m60.40[0m[38;5;159m FPS.[0m
[38;5;159m[Genesis] [21:25:40] [INFO] Running at [38;5;121m0.32[0m[38;5;159m FPS.[0m
[38;5;159m[Genesis] [21:25:40] [INFO] Running at [38;5;121m0.58[0m[38;5;159m FPS.[0m
[38;5;159m[Genesis] [21:25:40] [INFO] Running at [38;5;121m39.68[0m[38;5;159m FPS.[0m
[38;5;159m[Genesis] [21:25:40] [INFO] Running at [38;5;121m0.28[0m[38;5;159m FPS.[0m
[38;5;159m[Genesis] [21:25:40] [INFO] Running at [38;5;121m0.34[0m[38;5;159m FPS.[0m
[38;5;159m[Genesis] [21:25:40] [INFO] Running at [38;5;121m0.61[0m[38;5;159m FPS.[0m
[38;5;159m[Genesis] [21:25:40] [INFO] Running at [38;5;121m41.33[0m[38;5;159m FPS.[0m
[38;5;159m[Genesis] [21:25:40] [INFO] Running at [38;5;121m0.29[0m[38;5;159m FPS.[0m
[38;5;159m[Genesis] [21:25:40] [INFO] Running at [38;5;121m0.36[0m[38;5;159m FPS.[0m
[38;5;159m[Genesis] [21:25:40] [INFO] Running at [38;5;121m0.64[0m[38;5;159m FPS.[0m
[38;5;159m[Genesis] [21:25:40] [INFO] Running at [38;5;121m43.02[0m[38;5;159m FPS.[0m
[38;5;159m[Genesis] [21:25:40] [INFO] Running at [38;5;121m0.31[0m[38;5;159m FPS.[0m
[38;5;159m[Genesis] [21:25:40] [INFO] Running at [38;5;121m0.67[0m[38;5;159m FPS.[0m
[38;5;159m[Genesis] [21:25:40] [INFO] Running at [38;5;121m44.77[0m[38;5;159m FPS.[0m
[38;5;159m[Genesis] [21:25:40] [INFO] Running at [38;5;121m0.33[0m[38;5;159m FPS.[0m
[38;5;159m[Genesis] [21:25:40] [INFO] Running at [38;5;121m0.38[0m[38;5;159m FPS.[0m
[38;5;159m[Genesis] [21:25:40] [INFO] Running at [38;5;121m0.71[0m[38;5;159m FPS.[0m
[38;5;159m[Genesis] [21:25:40] [INFO] Running at [38;5;121m43.16[0m[38;5;159m FPS.[0m
[38;5;159m[Genesis] [21:25:40] [INFO] Running at [38;5;121m0.34[0m[38;5;159m FPS.[0m
[38;5;159m[Genesis] [21:25:40] [INFO] Running at [38;5;121m0.40[0m[38;5;159m FPS.[0m
[38;5;159m[Genesis] [21:25:40] [INFO] Running at [38;5;121m0.42[0m[38;5;159m FPS.[0m
[38;5;159m[Genesis] [21:25:40] [INFO] Running at [38;5;121m0.36[0m[38;5;159m FPS.[0m
[38;5;159m[Genesis] [21:25:40] [INFO] Running at [38;5;121m29.48[0m[38;5;159m FPS.[0m
[38;5;159m[Genesis] [21:25:40] [INFO] Running at [38;5;121m0.74[0m[38;5;159m FPS.[0m
[38;5;159m[Genesis] [21:25:40] [INFO] Running at [38;5;121m0.44[0m[38;5;159m FPS.[0m
[38;5;159m[Genesis] [21:25:40] [INFO] Running at [38;5;121m30.80[0m[38;5;159m FPS.[0m
[38;5;159m[Genesis] [21:25:40] [INFO] Running at [38;5;121m0.38[0m[38;5;159m FPS.[0m
[38;5;159m[Genesis] [21:25:40] [INFO] Running at [38;5;121m0.77[0m[38;5;159m FPS.[0m
[38;5;159m[Genesis] [21:25:40] [INFO] Running at [38;5;121m0.46[0m[38;5;159m FPS.[0m
[38;5;159m[Genesis] [21:25:40] [INFO] Running at [38;5;121m32.15[0m[38;5;159m FPS.[0m
[38;5;159m[Genesis] [21:25:40] [INFO] Running at [38;5;121m0.40[0m[38;5;159m FPS.[0m
[38;5;159m[Genesis] [21:25:40] [INFO] Running at [38;5;121m0.82[0m[38;5;159m FPS.[0m
[38;5;159m[Genesis] [21:25:40] [INFO] Running at [38;5;121m33.56[0m[38;5;159m FPS.[0m
[38;5;159m[Genesis] [21:25:40] [INFO] Running at [38;5;121m0.42[0m[38;5;159m FPS.[0m
[38;5;159m[Genesis] [21:25:40] [INFO] Running at [38;5;121m0.86[0m[38;5;159m FPS.[0m
[38;5;159m[Genesis] [21:25:40] [INFO] Running at [38;5;121m0.49[0m[38;5;159m FPS.[0m
[38;5;159m[Genesis] [21:25:40] [INFO] Running at [38;5;121m33.16[0m[38;5;159m FPS.[0m
[38;5;159m[Genesis] [21:25:40] [INFO] Running at [38;5;121m0.44[0m[38;5;159m FPS.[0m
[38;5;159m[Genesis] [21:25:41] [INFO] Running at [38;5;121m0.90[0m[38;5;159m FPS.[0m
[38;5;159m[Genesis] [21:25:41] [INFO] Running at [38;5;121m0.51[0m[38;5;159m FPS.[0m
[38;5;159m[Genesis] [21:25:41] [INFO] Running at [38;5;121m23.14[0m[38;5;159m FPS.[0m
[38;5;159m[Genesis] [21:25:41] [INFO] Running at [38;5;121m0.53[0m[38;5;159m FPS.[0m
[38;5;159m[Genesis] [21:25:41] [INFO] Running at [38;5;121m0.94[0m[38;5;159m FPS.[0m
[38;5;159m[Genesis] [21:25:41] [INFO] Running at [38;5;121m0.46[0m[38;5;159m FPS.[0m
[38;5;159m[Genesis] [21:25:41] [INFO] Running at [38;5;121m0.56[0m[38;5;159m FPS.[0m
[38;5;159m[Genesis] [21:25:41] [INFO] Running at [38;5;121m24.21[0m[38;5;159m FPS.[0m
[38;5;159m[Genesis] [21:25:41] [INFO] Running at [38;5;121m0.99[0m[38;5;159m FPS.[0m
[38;5;159m[Genesis] [21:25:41] [INFO] Running at [38;5;121m0.49[0m[38;5;159m FPS.[0m
[38;5;159m[Genesis] [21:25:41] [INFO] Running at [38;5;121m0.59[0m[38;5;159m FPS.[0m
[38;5;159m[Genesis] [21:25:41] [INFO] Running at [38;5;121m25.32[0m[38;5;159m FPS.[0m
[38;5;159m[Genesis] [21:25:41] [INFO] Running at [38;5;121m1.04[0m[38;5;159m FPS.[0m
[38;5;159m[Genesis] [21:25:41] [INFO] Running at [38;5;121m0.51[0m[38;5;159m FPS.[0m
[38;5;159m[Genesis] [21:25:41] [INFO] Running at [38;5;121m26.48[0m[38;5;159m FPS.[0m
[38;5;159m[Genesis] [21:25:41] [INFO] Running at [38;5;121m0.54[0m[38;5;159m FPS.[0m
[38;5;159m[Genesis] [21:25:41] [INFO] Running at [38;5;121m1.09[0m[38;5;159m FPS.[0m
[38;5;159m[Genesis] [21:25:41] [INFO] Running at [38;5;121m0.62[0m[38;5;159m FPS.[0m
[38;5;159m[Genesis] [21:25:41] [INFO] Running at [38;5;121m0.57[0m[38;5;159m FPS.[0m
[38;5;159m[Genesis] [21:25:41] [INFO] Running at [38;5;121m25.17[0m[38;5;159m FPS.[0m
[38;5;159m[Genesis] [21:25:41] [INFO] Running at [38;5;121m1.14[0m[38;5;159m FPS.[0m
[38;5;159m[Genesis] [21:25:41] [INFO] Running at [38;5;121m0.65[0m[38;5;159m FPS.[0m
[38;5;159m[Genesis] [21:25:41] [INFO] Scene [38;5;121m[3m<017c1ec>[0m[38;5;159m created.[0m
[38;5;159m[Genesis] [21:25:41] [INFO] Adding [38;5;121m<gs.RigidEntity>[0m[38;5;159m. idx: [38;5;121m0[0m[38;5;159m, uid: [38;5;121m[3m<bb38130>[0m[38;5;159m, morph: [38;5;121m<gs.morphs.Plane>[0m[38;5;159m, material: [38;5;121m<gs.materials.Rigid>[0m[38;5;159m.[0m
[38;5;159m[Genesis] [21:25:41] [INFO] Adding [38;5;121m<gs.RigidEntity>[0m[38;5;159m. idx: [38;5;121m1[0m[38;5;159m, uid: [38;5;121m[3m<0388c81>[0m[38;5;159m, morph: [38;5;121m<gs.morphs.URDF(file='/home/jkoba/SynologyDrive/genesis_humanoid_rl/assets/robots/g1/g1_29dof.urdf')>[0m[38;5;159m, material: [38;5;121m<gs.materials.Rigid>[0m[38;5;159m.[0m
[38;5;159m[Genesis] [21:25:43] [INFO] Building scene [38;5;121m[3m<017c1ec>[0m[38;5;159m...[0m
[38;5;159m[Genesis] [21:25:51] [INFO] Compiling simulation kernels...[0m
[38;5;159m[Genesis] [21:26:25] [INFO] Building visualizer...[0m
[38;5;159m[Genesis] [21:26:25] [INFO] Running at [38;5;121m146.35[0m[38;5;159m FPS.[0m
[38;5;159m[Genesis] [21:26:25] [INFO] Running at [38;5;121m148.49[0m[38;5;159m FPS.[0m
[38;5;159m[Genesis] [21:26:25] [INFO] Running at [38;5;121m150.72[0m[38;5;159m FPS.[0m
[38;5;159m[Genesis] [21:26:25] [INFO] Running at [38;5;121m152.95[0m[38;5;159m FPS.[0m
[38;5;159m[Genesis] [21:26:25] [INFO] Running at [38;5;121m155.06[0m[38;5;159m FPS.[0m
[38;5;159m[Genesis] [21:26:25] [INFO] Running at [38;5;121m157.23[0m[38;5;159m FPS.[0m
[38;5;159m[Genesis] [21:26:25] [INFO] Running at [38;5;121m152.73[0m[38;5;159m FPS.[0m
[38;5;159m[Genesis] [21:26:25] [INFO] Running at [38;5;121m148.19[0m[38;5;159m FPS.[0m
[38;5;159m[Genesis] [21:26:25] [INFO] Running at [38;5;121m144.11[0m[38;5;159m FPS.[0m
[38;5;159m[Genesis] [21:26:25] [INFO] Running at [38;5;121m140.43[0m[38;5;159m FPS.[0m
[38;5;159m[Genesis] [21:26:25] [INFO] Running at [38;5;121m0.33[0m[38;5;159m FPS.[0m
[38;5;159m[Genesis] [21:26:25] [INFO] Running at [38;5;121m0.34[0m[38;5;159m FPS.[0m
[38;5;159m[Genesis] [21:26:25] [INFO] Running at [38;5;121m0.27[0m[38;5;159m FPS.[0m
[38;5;159m[Genesis] [21:26:25] [INFO] Running at [38;5;121m0.44[0m[38;5;159m FPS.[0m
[38;5;159m[Genesis] [21:26:25] [INFO] Running at [38;5;121m0.36[0m[38;5;159m FPS.[0m
[38;5;159m[Genesis] [21:26:25] [INFO] Running at [38;5;121m0.29[0m[38;5;159m FPS.[0m
[38;5;159m[Genesis] [21:26:25] [INFO] Running at [38;5;121m0.47[0m[38;5;159m FPS.[0m
[38;5;159m[Genesis] [21:26:25] [INFO] Running at [38;5;121m0.38[0m[38;5;159m FPS.[0m
[38;5;159m[Genesis] [21:26:25] [INFO] Running at [38;5;121m0.30[0m[38;5;159m FPS.[0m
[38;5;159m[Genesis] [21:26:25] [INFO] Running at [38;5;121m0.49[0m[38;5;159m FPS.[0m
[38;5;159m[Genesis] [21:26:25] [INFO] Running at [38;5;121m0.32[0m[38;5;159m FPS.[0m
[38;5;159m[Genesis] [21:26:25] [INFO] Running at [38;5;121m0.52[0m[38;5;159m FPS.[0m
[38;5;159m[Genesis] [21:26:25] [INFO] Running at [38;5;121m58.04[0m[38;5;159m FPS.[0m
[38;5;159m[Genesis] [21:26:25] [INFO] Running at [38;5;121m60.13[0m[38;5;159m FPS.[0m
[38;5;159m[Genesis] [21:26:25] [INFO] Running at [38;5;121m62.32[0m[38;5;159m FPS.[0m
[38;5;159m[Genesis] [21:26:25] [INFO] Running at [38;5;121m64.54[0m[38;5;159m FPS.[0m
[38;5;159m[Genesis] [21:26:25] [INFO] Running at [38;5;121m0.40[0m[38;5;159m FPS.[0m
[38;5;159m[Genesis] [21:26:25] [INFO] Running at [38;5;121m0.33[0m[38;5;159m FPS.[0m
[38;5;159m[Genesis] [21:26:25] [INFO] Running at [38;5;121m0.54[0m[38;5;159m FPS.[0m
[38;5;159m[Genesis] [21:26:25] [INFO] Running at [38;5;121m59.91[0m[38;5;159m FPS.[0m
[38;5;159m[Genesis] [21:26:26] [INFO] Running at [38;5;121m0.35[0m[38;5;159m FPS.[0m
[38;5;159m[Genesis] [21:26:26] [INFO] Running at [38;5;121m36.23[0m[38;5;159m FPS.[0m
[38;5;159m[Genesis] [21:26:26] [INFO] Running at [38;5;121m0.57[0m[38;5;159m FPS.[0m
[38;5;159m[Genesis] [21:26:26] [INFO] Running at [38;5;121m0.42[0m[38;5;159m FPS.[0m
[38;5;159m[Genesis] [21:26:26] [INFO] Running at [38;5;121m0.37[0m[38;5;159m FPS.[0m
[38;5;159m[Genesis] [21:26:26] [INFO] Running at [38;5;121m37.78[0m[38;5;159m FPS.[0m
[38;5;159m[Genesis] [21:26:26] [INFO] Running at [38;5;121m0.60[0m[38;5;159m FPS.[0m
[38;5;159m[Genesis] [21:26:26] [INFO] Running at [38;5;121m0.44[0m[38;5;159m FPS.[0m
[38;5;159m[Genesis] [21:26:26] [INFO] Running at [38;5;121m0.39[0m[38;5;159m FPS.[0m
[38;5;159m[Genesis] [21:26:26] [INFO] Running at [38;5;121m39.36[0m[38;5;159m FPS.[0m
[38;5;159m[Genesis] [21:26:26] [INFO] Running at [38;5;121m0.47[0m[38;5;159m FPS.[0m
[38;5;159m[Genesis] [21:26:26] [INFO] Running at [38;5;121m0.63[0m[38;5;159m FPS.[0m
[38;5;159m[Genesis] [21:26:26] [INFO] Running at [38;5;121m41.00[0m[38;5;159m FPS.[0m
[38;5;159m[Genesis] [21:26:26] [INFO] Running at [38;5;121m0.66[0m[38;5;159m FPS.[0m
[38;5;159m[Genesis] [21:26:26] [INFO] Running at [38;5;121m0.49[0m[38;5;159m FPS.[0m
[38;5;159m[Genesis] [21:26:26] [INFO] Running at [38;5;121m0.41[0m[38;5;159m FPS.[0m
[38;5;159m[Genesis] [21:26:26] [INFO] Running at [38;5;121m39.76[0m[38;5;159m FPS.[0m
[38;5;159m[Genesis] [21:26:26] [INFO] Running at [38;5;121m0.51[0m[38;5;159m FPS.[0m
[38;5;159m[Genesis] [21:26:26] [INFO] Running at [38;5;121m0.69[0m[38;5;159m FPS.[0m
[38;5;159m[Genesis] [21:26:26] [INFO] Running at [38;5;121m0.43[0m[38;5;159m FPS.[0m
[38;5;159m[Genesis] [21:26:26] [INFO] Running at [38;5;121m0.45[0m[38;5;159m FPS.[0m
[38;5;159m[Genesis] [21:26:26] [INFO] Running at [38;5;121m25.48[0m[38;5;159m FPS.[0m
[38;5;159m[Genesis] [21:26:26] [INFO] Running at [38;5;121m0.72[0m[38;5;159m FPS.[0m
[38;5;159m[Genesis] [21:26:26] [INFO] Running at [38;5;121m0.54[0m[38;5;159m FPS.[0m
[38;5;159m[Genesis] [21:26:26] [INFO] Running at [38;5;121m0.47[0m[38;5;159m FPS.[0m
[38;5;159m[Genesis] [21:26:26] [INFO] Running at [38;5;121m26.64[0m[38;5;159m FPS.[0m
[38;5;159m[Genesis] [21:26:26] [INFO] Running at [38;5;121m0.76[0m[38;5;159m FPS.[0m
[38;5;159m[Genesis] [21:26:26] [INFO] Running at [38;5;121m0.57[0m[38;5;159m FPS.[0m
[38;5;159m[Genesis] [21:26:26] [INFO] Running at [38;5;121m0.50[0m[38;5;159m FPS.[0m
[38;5;159m[Genesis] [21:26:26] [INFO] Running at [38;5;121m27.85[0m[38;5;159m FPS.[0m
[38;5;159m[Genesis] [21:26:26] [INFO] Running at [38;5;121m0.80[0m[38;5;159m FPS.[0m
[38;5;159m[Genesis] [21:26:26] [INFO] Running at [38;5;121m0.60[0m[38;5;159m FPS.[0m
[38;5;159m[Genesis] [21:26:26] [INFO] Running at [38;5;121m29.10[0m[38;5;159m FPS.[0m
[38;5;159m[Genesis] [21:26:26] [INFO] Running at [38;5;121m0.84[0m[38;5;159m FPS.[0m
[38;5;159m[Genesis] [21:26:26] [INFO] Running at [38;5;121m0.63[0m[38;5;159m FPS.[0m
[38;5;159m[Genesis] [21:26:26] [INFO] Running at [38;5;121m0.52[0m[38;5;159m FPS.[0m
[38;5;159m[Genesis] [21:26:26] [INFO] Running at [38;5;121m29.07[0m[38;5;159m FPS.[0m
[38;5;159m[Genesis] [21:26:26] [INFO] Running at [38;5;121m0.88[0m[38;5;159m FPS.[0m
[38;5;159m[Genesis] [21:26:26] [INFO] Running at [38;5;121m0.66[0m[38;5;159m FPS.[0m
[38;5;159m[Genesis] [21:26:26] [INFO] Running at [38;5;121m0.55[0m[38;5;159m FPS.[0m
[38;5;159m[Genesis] [21:26:26] [INFO] Running at [38;5;121m0.57[0m[38;5;159m FPS.[0m
[38;5;159m[Genesis] [21:26:26] [INFO] Running at [38;5;121m20.83[0m[38;5;159m FPS.[0m
[38;5;159m[Genesis] [21:26:26] [INFO] Running at [38;5;121m0.69[0m[38;5;159m FPS.[0m
[38;5;159m[Genesis] [21:26:26] [INFO] Running at [38;5;121m0.92[0m[38;5;159m FPS.[0m
[38;5;159m[Genesis] [21:26:26] [INFO] Running at [38;5;121m0.60[0m[38;5;159m FPS.[0m
[38;5;159m[Genesis] [21:26:26] [INFO] Running at [38;5;121m21.81[0m[38;5;159m FPS.[0m
[38;5;159m[Genesis] [21:26:26] [INFO] Running at [38;5;121m0.97[0m[38;5;159m FPS.[0m
[38;5;159m[Genesis] [21:26:26] [INFO] Running at [38;5;121m0.72[0m[38;5;159m FPS.[0m
[38;5;159m[Genesis] [21:26:26] [INFO] Running at [38;5;121m0.63[0m[38;5;159m FPS.[0m
[38;5;159m[Genesis] [21:26:26] [INFO] Running at [38;5;121m22.83[0m[38;5;159m FPS.[0m
[38;5;159m[Genesis] [21:26:26] [INFO] Running at [38;5;121m1.02[0m[38;5;159m FPS.[0m
[38;5;159m[Genesis] [21:26:26] [INFO] Running at [38;5;121m0.76[0m[38;5;159m FPS.[0m
[38;5;159m[Genesis] [21:26:26] [INFO] Running at [38;5;121m23.88[0m[38;5;159m FPS.[0m
[38;5;159m[Genesis] [21:26:26] [INFO] Running at [38;5;121m0.67[0m[38;5;159m FPS.[0m
[38;5;159m[Genesis] [21:26:26] [INFO] Running at [38;5;121m1.07[0m[38;5;159m FPS.[0m
[38;5;159m[Genesis] [21:26:26] [INFO] Running at [38;5;121m0.80[0m[38;5;159m FPS.[0m
[38;5;159m[Genesis] [21:26:26] [INFO] Running at [38;5;121m23.33[0m[38;5;159m FPS.[0m
[38;5;159m[Genesis] [21:26:27] [INFO] Running at [38;5;121m0.84[0m[38;5;159m FPS.[0m
[38;5;159m[Genesis] [21:26:27] [INFO] Running at [38;5;121m1.12[0m[38;5;159m FPS.[0m
[38;5;159m[Genesis] [21:26:27] [INFO] Running at [38;5;121m0.70[0m[38;5;159m FPS.[0m
[38;5;159m[Genesis] [21:26:27] [INFO] Running at [38;5;121m17.42[0m[38;5;159m FPS.[0m
[38;5;159m[Genesis] [21:26:27] [INFO] Running at [38;5;121m0.87[0m[38;5;159m FPS.[0m
[38;5;159m[Genesis] [21:26:27] [INFO] Running at [38;5;121m0.73[0m[38;5;159m FPS.[0m
[38;5;159m[Genesis] [21:26:27] [INFO] Running at [38;5;121m1.16[0m[38;5;159m FPS.[0m
[38;5;159m[Genesis] [21:26:27] [INFO] Running at [38;5;121m18.25[0m[38;5;159m FPS.[0m
[38;5;159m[Genesis] [21:26:27] [INFO] Running at [38;5;121m0.92[0m[38;5;159m FPS.[0m
[38;5;159m[Genesis] [21:26:27] [INFO] Running at [38;5;121m0.77[0m[38;5;159m FPS.[0m
[38;5;159m[Genesis] [21:26:27] [INFO] Running at [38;5;121m1.22[0m[38;5;159m FPS.[0m
[38;5;159m[Genesis] [21:26:27] [INFO] Running at [38;5;121m19.12[0m[38;5;159m FPS.[0m
[38;5;159m[Genesis] [21:26:27] [INFO] Running at [38;5;121m0.97[0m[38;5;159m FPS.[0m
[38;5;159m[Genesis] [21:26:27] [INFO] Running at [38;5;121m0.81[0m[38;5;159m FPS.[0m
[38;5;159m[Genesis] [21:26:27] [INFO] Running at [38;5;121m1.28[0m[38;5;159m FPS.[0m
[38;5;159m[Genesis] [21:26:27] [INFO] Running at [38;5;121m1.02[0m[38;5;159m FPS.[0m
[38;5;159m[Genesis] [21:26:27] [INFO] Running at [38;5;121m0.85[0m[38;5;159m FPS.[0m
[38;5;159m[Genesis] [21:26:27] [INFO] Running at [38;5;121m19.82[0m[38;5;159m FPS.[0m
[38;5;159m[Genesis] [21:26:27] [INFO] Running at [38;5;121m1.35[0m[38;5;159m FPS.[0m
[38;5;159m[Genesis] [21:26:27] [INFO] Running at [38;5;121m19.42[0m[38;5;159m FPS.[0m
[38;5;159m[Genesis] [21:26:27] [INFO] Running at [38;5;121m1.06[0m[38;5;159m FPS.[0m
[38;5;159m[Genesis] [21:26:27] [INFO] Running at [38;5;121m0.89[0m[38;5;159m FPS.[0m
[38;5;159m[Genesis] [21:26:27] [INFO] Running at [38;5;121m1.41[0m[38;5;159m FPS.[0m
[38;5;159m[Genesis] [21:26:27] [INFO] Running at [38;5;121m0.93[0m[38;5;159m FPS.[0m
[38;5;159m[Genesis] [21:26:27] [INFO] Running at [38;5;121m15.52[0m[38;5;159m FPS.[0m
[38;5;159m[Genesis] [21:26:27] [INFO] Running at [38;5;121m1.45[0m[38;5;159m FPS.[0m
[38;5;159m[Genesis] [21:26:27] [INFO] Running at [38;5;121m1.10[0m[38;5;159m FPS.[0m
[38;5;159m[Genesis] [21:26:27] [INFO] Running at [38;5;121m0.97[0m[38;5;159m FPS.[0m
[38;5;159m[Genesis] [21:26:27] [INFO] Running at [38;5;121m16.27[0m[38;5;159m FPS.[0m
[38;5;159m[Genesis] [21:26:27] [INFO] Running at [38;5;121m1.53[0m[38;5;159m FPS.[0m
[38;5;159m[Genesis] [21:26:27] [INFO] Running at [38;5;121m1.16[0m[38;5;159m FPS.[0m
[38;5;159m[Genesis] [21:26:27] [INFO] Running at [38;5;121m1.03[0m[38;5;159m FPS.[0m
[38;5;159m[Genesis] [21:26:27] [INFO] Running at [38;5;121m17.05[0m[38;5;159m FPS.[0m
[38;5;159m[Genesis] [21:26:27] [INFO] Running at [38;5;121m1.61[0m[38;5;159m FPS.[0m
[38;5;159m[Genesis] [21:26:27] [INFO] Running at [38;5;121m1.22[0m[38;5;159m FPS.[0m
[38;5;159m[Genesis] [21:26:27] [INFO] Running at [38;5;121m1.08[0m[38;5;159m FPS.[0m
[38;5;159m[Genesis] [21:26:27] [INFO] Running at [38;5;121m17.72[0m[38;5;159m FPS.[0m
[38;5;159m[Genesis] [21:26:27] [INFO] Running at [38;5;121m1.28[0m[38;5;159m FPS.[0m
[38;5;159m[Genesis] [21:26:27] [INFO] Running at [38;5;121m1.69[0m[38;5;159m FPS.[0m
[38;5;159m[Genesis] [21:26:27] [INFO] Running at [38;5;121m1.13[0m[38;5;159m FPS.[0m
[38;5;159m[Genesis] [21:26:27] [INFO] Running at [38;5;121m17.27[0m[38;5;159m FPS.[0m
[38;5;159m[Genesis] [21:26:27] [INFO] Running at [38;5;121m1.34[0m[38;5;159m FPS.[0m
[38;5;159m[Genesis] [21:26:27] [INFO] Running at [38;5;121m1.77[0m[38;5;159m FPS.[0m
[38;5;159m[Genesis] [21:26:28] [INFO] Running at [38;5;121m1.17[0m[38;5;159m FPS.[0m
[38;5;159m[Genesis] [21:26:28] [INFO] Running at [38;5;121m14.23[0m[38;5;159m FPS.[0m
[38;5;159m[Genesis] [21:26:28] [INFO] Running at [38;5;121m1.81[0m[38;5;159m FPS.[0m
[38;5;159m[Genesis] [21:26:28] [INFO] Running at [38;5;121m1.38[0m[38;5;159m FPS.[0m
[38;5;159m[Genesis] [21:26:28] [INFO] Running at [38;5;121m1.23[0m[38;5;159m FPS.[0m
[38;5;159m[Genesis] [21:26:28] [INFO] Running at [38;5;121m14.92[0m[38;5;159m FPS.[0m
[38;5;159m[Genesis] [21:26:28] [INFO] Running at [38;5;121m1.90[0m[38;5;159m FPS.[0m
[38;5;159m[Genesis] [21:26:28] [INFO] Running at [38;5;121m1.46[0m[38;5;159m FPS.[0m
[38;5;159m[Genesis] [21:26:28] [INFO] Running at [38;5;121m1.29[0m[38;5;159m FPS.[0m
[38;5;159m[Genesis] [21:26:28] [INFO] Running at [38;5;121m15.64[0m[38;5;159m FPS.[0m
[38;5;159m[Genesis] [21:26:28] [INFO] Running at [38;5;121m2.00[0m[38;5;159m FPS.[0m
[38;5;159m[Genesis] [21:26:28] [INFO] Running at [38;5;121m1.53[0m[38;5;159m FPS.[0m
[38;5;159m[Genesis] [21:26:28] [INFO] Running at [38;5;121m1.36[0m[38;5;159m FPS.[0m
[38;5;159m[Genesis] [21:26:28] [INFO] Running at [38;5;121m16.18[0m[38;5;159m FPS.[0m
[38;5;159m[Genesis] [21:26:28] [INFO] Running at [38;5;121m2.10[0m[38;5;159m FPS.[0m
[38;5;159m[Genesis] [21:26:28] [INFO] Running at [38;5;121m1.61[0m[38;5;159m FPS.[0m
[38;5;159m[Genesis] [21:26:28] [INFO] Running at [38;5;121m2.20[0m[38;5;159m FPS.[0m
[38;5;159m[Genesis] [21:26:28] [INFO] Running at [38;5;121m1.42[0m[38;5;159m FPS.[0m
[38;5;159m[Genesis] [21:26:28] [INFO] Running at [38;5;121m1.68[0m[38;5;159m FPS.[0m
[38;5;159m[Genesis] [21:26:28] [INFO] Running at [38;5;121m15.73[0m[38;5;159m FPS.[0m
[38;5;159m[Genesis] [21:26:28] [INFO] Running at [38;5;121m1.46[0m[38;5;159m FPS.[0m
[38;5;159m[Genesis] [21:26:28] [INFO] Running at [38;5;121m13.20[0m[38;5;159m FPS.[0m
[38;5;159m[Genesis] [21:26:28] [INFO] Running at [38;5;121m2.23[0m[38;5;159m FPS.[0m
[38;5;159m[Genesis] [21:26:28] [INFO] Running at [38;5;121m1.72[0m[38;5;159m FPS.[0m
[38;5;159m[Genesis] [21:26:28] [INFO] Running at [38;5;121m1.54[0m[38;5;159m FPS.[0m
[38;5;159m[Genesis] [21:26:28] [INFO] Running at [38;5;121m13.85[0m[38;5;159m FPS.[0m
[38;5;159m[Genesis] [21:26:28] [INFO] Running at [38;5;121m2.34[0m[38;5;159m FPS.[0m
[38;5;159m[Genesis] [21:26:28] [INFO] Running at [38;5;121m1.81[0m[38;5;159m FPS.[0m
[38;5;159m[Genesis] [21:26:28] [INFO] Running at [38;5;121m1.62[0m[38;5;159m FPS.[0m
[38;5;159m[Genesis] [21:26:28] [INFO] Running at [38;5;121m14.53[0m[38;5;159m FPS.[0m
[38;5;159m[Genesis] [21:26:28] [INFO] Running at [38;5;121m2.46[0m[38;5;159m FPS.[0m
[38;5;159m[Genesis] [21:26:28] [INFO] Running at [38;5;121m1.91[0m[38;5;159m FPS.[0m
[38;5;159m[Genesis] [21:26:28] [INFO] Running at [38;5;121m2.00[0m[38;5;159m FPS.[0m
[38;5;159m[Genesis] [21:26:28] [INFO] Running at [38;5;121m1.70[0m[38;5;159m FPS.[0m
[38;5;159m[Genesis] [21:26:28] [INFO] Running at [38;5;121m2.59[0m[38;5;159m FPS.[0m
[38;5;159m[Genesis] [21:26:28] [INFO] Running at [38;5;121m15.00[0m[38;5;159m FPS.[0m
[38;5;159m[Genesis] [21:26:28] [INFO] Running at [38;5;121m2.09[0m[38;5;159m FPS.[0m
[38;5;159m[Genesis] [21:26:28] [INFO] Running at [38;5;121m1.78[0m[38;5;159m FPS.[0m
[38;5;159m[Genesis] [21:26:28] [INFO] Running at [38;5;121m2.70[0m[38;5;159m FPS.[0m
[38;5;159m[Genesis] [21:26:28] [INFO] Running at [38;5;121m14.77[0m[38;5;159m FPS.[0m
[38;5;159m[Genesis] [21:26:28] [INFO] Running at [38;5;121m1.82[0m[38;5;159m FPS.[0m
[38;5;159m[Genesis] [21:26:28] [INFO] Running at [38;5;121m12.67[0m[38;5;159m FPS.[0m
[38;5;159m[Genesis] [21:26:28] [INFO] Running at [38;5;121m2.13[0m[38;5;159m FPS.[0m
[38;5;159m[Genesis] [21:26:28] [INFO] Running at [38;5;121m2.72[0m[38;5;159m FPS.[0m
[38;5;159m[Genesis] [21:26:29] [INFO] Running at [38;5;121m1.91[0m[38;5;159m FPS.[0m
[38;5;159m[Genesis] [21:26:29] [INFO] Running at [38;5;121m13.29[0m[38;5;159m FPS.[0m
[38;5;159m[Genesis] [21:26:29] [INFO] Running at [38;5;121m2.24[0m[38;5;159m FPS.[0m
[38;5;159m[Genesis] [21:26:29] [INFO] Running at [38;5;121m2.86[0m[38;5;159m FPS.[0m
[38;5;159m[Genesis] [21:26:29] [INFO] Running at [38;5;121m2.01[0m[38;5;159m FPS.[0m
[38;5;159m[Genesis] [21:26:29] [INFO] Running at [38;5;121m13.94[0m[38;5;159m FPS.[0m
[38;5;159m[Genesis] [21:26:29] [INFO] Running at [38;5;121m3.01[0m[38;5;159m FPS.[0m
[38;5;159m[Genesis] [21:26:29] [INFO] Running at [38;5;121m2.36[0m[38;5;159m FPS.[0m
[38;5;159m[Genesis] [21:26:29] [INFO] Running at [38;5;121m2.12[0m[38;5;159m FPS.[0m
[38;5;159m[Genesis] [21:26:29] [INFO] Running at [38;5;121m3.16[0m[38;5;159m FPS.[0m
[38;5;159m[Genesis] [21:26:29] [INFO] Running at [38;5;121m14.44[0m[38;5;159m FPS.[0m
[38;5;159m[Genesis] [21:26:29] [INFO] Running at [38;5;121m2.47[0m[38;5;159m FPS.[0m
[38;5;159m[Genesis] [21:26:29] [INFO] Running at [38;5;121m2.58[0m[38;5;159m FPS.[0m
[38;5;159m[Genesis] [21:26:29] [INFO] Running at [38;5;121m2.21[0m[38;5;159m FPS.[0m
[38;5;159m[Genesis] [21:26:29] [INFO] Running at [38;5;121m14.24[0m[38;5;159m FPS.[0m
[38;5;159m[Genesis] [21:26:29] [INFO] Running at [38;5;121m3.27[0m[38;5;159m FPS.[0m
[38;5;159m[Genesis] [21:26:29] [INFO] Running at [38;5;121m3.28[0m[38;5;159m FPS.[0m
[38;5;159m[Genesis] [21:26:29] [INFO] Running at [38;5;121m2.24[0m[38;5;159m FPS.[0m
[38;5;159m[Genesis] [21:26:29] [INFO] Running at [38;5;121m12.27[0m[38;5;159m FPS.[0m
[38;5;159m[Genesis] [21:26:29] [INFO] Running at [38;5;121m2.60[0m[38;5;159m FPS.[0m
[38;5;159m[Genesis] [21:26:29] [INFO] Running at [38;5;121m2.36[0m[38;5;159m FPS.[0m
[38;5;159m[Genesis] [21:26:29] [INFO] Running at [38;5;121m12.88[0m[38;5;159m FPS.[0m
[38;5;159m[Genesis] [21:26:29] [INFO] Running at [38;5;121m3.45[0m[38;5;159m FPS.[0m
[38;5;159m[Genesis] [21:26:29] [INFO] Running at [38;5;121m2.74[0m[38;5;159m FPS.[0m
[38;5;159m[Genesis] [21:26:29] [INFO] Running at [38;5;121m2.48[0m[38;5;159m FPS.[0m
[38;5;159m[Genesis] [21:26:29] [INFO] Running at [38;5;121m13.51[0m[38;5;159m FPS.[0m
[38;5;159m[Genesis] [21:26:29] [INFO] Running at [38;5;121m3.63[0m[38;5;159m FPS.[0m
[38;5;159m[Genesis] [21:26:29] [INFO] Running at [38;5;121m2.88[0m[38;5;159m FPS.[0m
[38;5;159m[Genesis] [21:26:29] [INFO] Running at [38;5;121m3.03[0m[38;5;159m FPS.[0m
[38;5;159m[Genesis] [21:26:29] [INFO] Running at [38;5;121m2.61[0m[38;5;159m FPS.[0m
[38;5;159m[Genesis] [21:26:29] [INFO] Running at [38;5;121m3.80[0m[38;5;159m FPS.[0m
[38;5;159m[Genesis] [21:26:29] [INFO] Running at [38;5;121m13.95[0m[38;5;159m FPS.[0m
[38;5;159m[Genesis] [21:26:29] [INFO] Running at [38;5;121m3.16[0m[38;5;159m FPS.[0m
[38;5;159m[Genesis] [21:26:29] [INFO] Running at [38;5;121m3.95[0m[38;5;159m FPS.[0m
[38;5;159m[Genesis] [21:26:29] [INFO] Running at [38;5;121m2.72[0m[38;5;159m FPS.[0m
[38;5;159m[Genesis] [21:26:29] [INFO] Running at [38;5;121m13.88[0m[38;5;159m FPS.[0m
[38;5;159m[Genesis] [21:26:29] [INFO] Running at [38;5;121m2.74[0m[38;5;159m FPS.[0m
[38;5;159m[Genesis] [21:26:29] [INFO] Running at [38;5;121m12.11[0m[38;5;159m FPS.[0m
[38;5;159m[Genesis] [21:26:29] [INFO] Running at [38;5;121m3.91[0m[38;5;159m FPS.[0m
[38;5;159m[Genesis] [21:26:29] [INFO] Running at [38;5;121m3.16[0m[38;5;159m FPS.[0m
[38;5;159m[Genesis] [21:26:29] [INFO] Running at [38;5;121m2.89[0m[38;5;159m FPS.[0m
[38;5;159m[Genesis] [21:26:29] [INFO] Running at [38;5;121m12.70[0m[38;5;159m FPS.[0m
[38;5;159m[Genesis] [21:26:29] [INFO] Running at [38;5;121m4.11[0m[38;5;159m FPS.[0m
[38;5;159m[Genesis] [21:26:29] [INFO] Running at [38;5;121m3.32[0m[38;5;159m FPS.[0m
[38;5;159m[Genesis] [21:26:29] [INFO] Running at [38;5;121m3.04[0m[38;5;159m FPS.[0m
[38;5;159m[Genesis] [21:26:29] [INFO] Running at [38;5;121m13.33[0m[38;5;159m FPS.[0m
[38;5;159m[Genesis] [21:26:29] [INFO] Running at [38;5;121m4.32[0m[38;5;159m FPS.[0m
[38;5;159m[Genesis] [21:26:29] [INFO] Running at [38;5;121m3.49[0m[38;5;159m FPS.[0m
[38;5;159m[Genesis] [21:26:29] [INFO] Running at [38;5;121m3.19[0m[38;5;159m FPS.[0m
[38;5;159m[Genesis] [21:26:29] [INFO] Running at [38;5;121m13.89[0m[38;5;159m FPS.[0m
[38;5;159m[Genesis] [21:26:29] [INFO] Running at [38;5;121m4.54[0m[38;5;159m FPS.[0m
[38;5;159m[Genesis] [21:26:29] [INFO] Running at [38;5;121m3.66[0m[38;5;159m FPS.[0m
[38;5;159m[Genesis] [21:26:29] [INFO] Running at [38;5;121m13.84[0m[38;5;159m FPS.[0m
[38;5;159m[Genesis] [21:26:29] [INFO] Running at [38;5;121m4.69[0m[38;5;159m FPS.[0m
[38;5;159m[Genesis] [21:26:29] [INFO] Running at [38;5;121m3.31[0m[38;5;159m FPS.[0m
[38;5;159m[Genesis] [21:26:29] [INFO] Running at [38;5;121m3.79[0m[38;5;159m FPS.[0m
[38;5;159m[Genesis] [21:26:30] [INFO] Running at [38;5;121m3.29[0m[38;5;159m FPS.[0m
[38;5;159m[Genesis] [21:26:30] [INFO] Running at [38;5;121m11.65[0m[38;5;159m FPS.[0m
[38;5;159m[Genesis] [21:26:30] [INFO] Running at [38;5;121m4.55[0m[38;5;159m FPS.[0m
[38;5;159m[Genesis] [21:26:30] [INFO] Running at [38;5;121m3.75[0m[38;5;159m FPS.[0m
[38;5;159m[Genesis] [21:26:30] [INFO] Running at [38;5;121m3.46[0m[38;5;159m FPS.[0m
[38;5;159m[Genesis] [21:26:30] [INFO] Running at [38;5;121m4.78[0m[38;5;159m FPS.[0m
[38;5;159m[Genesis] [21:26:30] [INFO] Running at [38;5;121m3.94[0m[38;5;159m FPS.[0m
[38;5;159m[Genesis] [21:26:30] [INFO] Running at [38;5;121m12.22[0m[38;5;159m FPS.[0m
[38;5;159m[Genesis] [21:26:30] [INFO] Running at [38;5;121m3.64[0m[38;5;159m FPS.[0m
[38;5;159m[Genesis] [21:26:30] [INFO] Running at [38;5;121m12.82[0m[38;5;159m FPS.[0m
[38;5;159m[Genesis] [21:26:30] [INFO] Running at [38;5;121m5.03[0m[38;5;159m FPS.[0m
[38;5;159m[Genesis] [21:26:30] [INFO] Running at [38;5;121m4.14[0m[38;5;159m FPS.[0m
[38;5;159m[Genesis] [21:26:30] [INFO] Running at [38;5;121m13.38[0m[38;5;159m FPS.[0m
[38;5;159m[Genesis] [21:26:30] [INFO] Running at [38;5;121m3.82[0m[38;5;159m FPS.[0m
[38;5;159m[Genesis] [21:26:30] [INFO] Running at [38;5;121m5.26[0m[38;5;159m FPS.[0m
[38;5;159m[Genesis] [21:26:30] [INFO] Running at [38;5;121m4.33[0m[38;5;159m FPS.[0m
[38;5;159m[Genesis] [21:26:30] [INFO] Running at [38;5;121m13.43[0m[38;5;159m FPS.[0m
[38;5;159m[Genesis] [21:26:30] [INFO] Running at [38;5;121m5.44[0m[38;5;159m FPS.[0m
[38;5;159m[Genesis] [21:26:30] [INFO] Running at [38;5;121m3.95[0m[38;5;159m FPS.[0m
[38;5;159m[Genesis] [21:26:30] [INFO] Running at [38;5;121m4.47[0m[38;5;159m FPS.[0m
[38;5;159m[Genesis] [21:26:30] [INFO] Running at [38;5;121m3.93[0m[38;5;159m FPS.[0m
[38;5;159m[Genesis] [21:26:30] [INFO] Running at [38;5;121m11.70[0m[38;5;159m FPS.[0m
[38;5;159m[Genesis] [21:26:30] [INFO] Running at [38;5;121m5.29[0m[38;5;159m FPS.[0m
[38;5;159m[Genesis] [21:26:30] [INFO] Running at [38;5;121m4.44[0m[38;5;159m FPS.[0m
[38;5;159m[Genesis] [21:26:30] [INFO] Running at [38;5;121m4.14[0m[38;5;159m FPS.[0m
[38;5;159m[Genesis] [21:26:30] [INFO] Running at [38;5;121m12.28[0m[38;5;159m FPS.[0m
[38;5;159m[Genesis] [21:26:30] [INFO] Running at [38;5;121m4.66[0m[38;5;159m FPS.[0m
[38;5;159m[Genesis] [21:26:30] [INFO] Running at [38;5;121m5.56[0m[38;5;159m FPS.[0m
[38;5;159m[Genesis] [21:26:30] [INFO] Running at [38;5;121m4.35[0m[38;5;159m FPS.[0m
[38;5;159m[Genesis] [21:26:30] [INFO] Running at [38;5;121m12.88[0m[38;5;159m FPS.[0m
[38;5;159m[Genesis] [21:26:30] [INFO] Running at [38;5;121m4.90[0m[38;5;159m FPS.[0m
[38;5;159m[Genesis] [21:26:30] [INFO] Running at [38;5;121m5.84[0m[38;5;159m FPS.[0m
[38;5;159m[Genesis] [21:26:30] [INFO] Running at [38;5;121m13.45[0m[38;5;159m FPS.[0m
[38;5;159m[Genesis] [21:26:30] [INFO] Running at [38;5;121m6.12[0m[38;5;159m FPS.[0m
[38;5;159m[Genesis] [21:26:30] [INFO] Running at [38;5;121m4.56[0m[38;5;159m FPS.[0m
[38;5;159m[Genesis] [21:26:30] [INFO] Running at [38;5;121m5.13[0m[38;5;159m FPS.[0m
[38;5;159m[Genesis] [21:26:30] [INFO] Running at [38;5;121m13.48[0m[38;5;159m FPS.[0m
[38;5;159m[Genesis] [21:26:30] [INFO] Running at [38;5;121m6.30[0m[38;5;159m FPS.[0m
[38;5;159m[Genesis] [21:26:30] [INFO] Running at [38;5;121m4.72[0m[38;5;159m FPS.[0m
[38;5;159m[Genesis] [21:26:30] [INFO] Running at [38;5;121m5.29[0m[38;5;159m FPS.[0m
[38;5;159m[Genesis] [21:26:31] [INFO] Running at [38;5;121m11.55[0m[38;5;159m FPS.[0m
[38;5;159m[Genesis] [21:26:31] [INFO] Running at [38;5;121m4.61[0m[38;5;159m FPS.[0m
[38;5;159m[Genesis] [21:26:31] [INFO] Running at [38;5;121m6.00[0m[38;5;159m FPS.[0m
[38;5;159m[Genesis] [21:26:31] [INFO] Running at [38;5;121m5.13[0m[38;5;159m FPS.[0m
[38;5;159m[Genesis] [21:26:31] [INFO] Running at [38;5;121m12.12[0m[38;5;159m FPS.[0m
[38;5;159m[Genesis] [21:26:31] [INFO] Running at [38;5;121m4.84[0m[38;5;159m FPS.[0m
[38;5;159m[Genesis] [21:26:31] [INFO] Running at [38;5;121m5.39[0m[38;5;159m FPS.[0m
[38;5;159m[Genesis] [21:26:31] [INFO] Running at [38;5;121m6.30[0m[38;5;159m FPS.[0m
[38;5;159m[Genesis] [21:26:31] [INFO] Running at [38;5;121m12.71[0m[38;5;159m FPS.[0m
[38;5;159m[Genesis] [21:26:31] [INFO] Running at [38;5;121m5.09[0m[38;5;159m FPS.[0m
[38;5;159m[Genesis] [21:26:31] [INFO] Running at [38;5;121m5.67[0m[38;5;159m FPS.[0m
[38;5;159m[Genesis] [21:26:31] [INFO] Running at [38;5;121m6.62[0m[38;5;159m FPS.[0m
[38;5;159m[Genesis] [21:26:31] [INFO] Running at [38;5;121m13.32[0m[38;5;159m FPS.[0m
[38;5;159m[Genesis] [21:26:31] [INFO] Running at [38;5;121m6.94[0m[38;5;159m FPS.[0m
[38;5;159m[Genesis] [21:26:31] [INFO] Running at [38;5;121m5.93[0m[38;5;159m FPS.[0m
[38;5;159m[Genesis] [21:26:31] [INFO] Running at [38;5;121m5.32[0m[38;5;159m FPS.[0m
[38;5;159m[Genesis] [21:26:31] [INFO] Running at [38;5;121m13.33[0m[38;5;159m FPS.[0m
[38;5;159m[Genesis] [21:26:31] [INFO] Running at [38;5;121m7.10[0m[38;5;159m FPS.[0m
[38;5;159m[Genesis] [21:26:31] [INFO] Running at [38;5;121m6.09[0m[38;5;159m FPS.[0m
[38;5;159m[Genesis] [21:26:31] [INFO] Running at [38;5;121m5.47[0m[38;5;159m FPS.[0m
[38;5;159m[Genesis] [21:26:31] [INFO] Running at [38;5;121m5.27[0m[38;5;159m FPS.[0m
[38;5;159m[Genesis] [21:26:31] [INFO] Running at [38;5;121m11.27[0m[38;5;159m FPS.[0m
[38;5;159m[Genesis] [21:26:31] [INFO] Running at [38;5;121m6.64[0m[38;5;159m FPS.[0m
[38;5;159m[Genesis] [21:26:31] [INFO] Running at [38;5;121m5.80[0m[38;5;159m FPS.[0m
[38;5;159m[Genesis] [21:26:31] [INFO] Running at [38;5;121m5.54[0m[38;5;159m FPS.[0m
[38;5;159m[Genesis] [21:26:31] [INFO] Running at [38;5;121m11.82[0m[38;5;159m FPS.[0m
[38;5;159m[Genesis] [21:26:31] [INFO] Running at [38;5;121m6.10[0m[38;5;159m FPS.[0m
[38;5;159m[Genesis] [21:26:31] [INFO] Running at [38;5;121m6.97[0m[38;5;159m FPS.[0m
[38;5;159m[Genesis] [21:26:31] [INFO] Running at [38;5;121m5.83[0m[38;5;159m FPS.[0m
[38;5;159m[Genesis] [21:26:31] [INFO] Running at [38;5;121m12.40[0m[38;5;159m FPS.[0m
[38;5;159m[Genesis] [21:26:31] [INFO] Running at [38;5;121m7.32[0m[38;5;159m FPS.[0m
[38;5;159m[Genesis] [21:26:31] [INFO] Running at [38;5;121m6.40[0m[38;5;159m FPS.[0m
[38;5;159m[Genesis] [21:26:31] [INFO] Running at [38;5;121m12.95[0m[38;5;159m FPS.[0m
[38;5;159m[Genesis] [21:26:31] [INFO] Running at [38;5;121m6.10[0m[38;5;159m FPS.[0m
[38;5;159m[Genesis] [21:26:31] [INFO] Running at [38;5;121m7.64[0m[38;5;159m FPS.[0m
[38;5;159m[Genesis] [21:26:31] [INFO] Running at [38;5;121m6.67[0m[38;5;159m FPS.[0m
[38;5;159m[Genesis] [21:26:31] [INFO] Running at [38;5;121m12.94[0m[38;5;159m FPS.[0m
[38;5;159m[Genesis] [21:26:31] [INFO] Running at [38;5;121m6.26[0m[38;5;159m FPS.[0m
[38;5;159m[Genesis] [21:26:31] [INFO] Running at [38;5;121m7.80[0m[38;5;159m FPS.[0m
[38;5;159m[Genesis] [21:26:31] [INFO] Running at [38;5;121m6.83[0m[38;5;159m FPS.[0m
[38;5;159m[Genesis] [21:26:31] [INFO] Running at [38;5;121m6.05[0m[38;5;159m FPS.[0m
[38;5;159m[Genesis] [21:26:31] [INFO] Running at [38;5;121m11.45[0m[38;5;159m FPS.[0m
[38;5;159m[Genesis] [21:26:31] [INFO] Running at [38;5;121m7.39[0m[38;5;159m FPS.[0m
[38;5;159m[Genesis] [21:26:31] [INFO] Running at [38;5;121m6.58[0m[38;5;159m FPS.[0m
[38;5;159m[Genesis] [21:26:31] [INFO] Running at [38;5;121m6.35[0m[38;5;159m FPS.[0m
[38;5;159m[Genesis] [21:26:31] [INFO] Running at [38;5;121m12.01[0m[38;5;159m FPS.[0m
[38;5;159m[Genesis] [21:26:31] [INFO] Running at [38;5;121m7.77[0m[38;5;159m FPS.[0m
[38;5;159m[Genesis] [21:26:31] [INFO] Running at [38;5;121m6.91[0m[38;5;159m FPS.[0m
[38;5;159m[Genesis] [21:26:31] [INFO] Running at [38;5;121m6.68[0m[38;5;159m FPS.[0m
[38;5;159m[Genesis] [21:26:31] [INFO] Running at [38;5;121m12.60[0m[38;5;159m FPS.[0m
[38;5;159m[Genesis] [21:26:31] [INFO] Running at [38;5;121m8.16[0m[38;5;159m FPS.[0m
[38;5;159m[Genesis] [21:26:31] [INFO] Running at [38;5;121m7.26[0m[38;5;159m FPS.[0m
[38;5;159m[Genesis] [21:26:31] [INFO] Running at [38;5;121m7.00[0m[38;5;159m FPS.[0m
[38;5;159m[Genesis] [21:26:31] [INFO] Running at [38;5;121m13.16[0m[38;5;159m FPS.[0m
[38;5;159m[Genesis] [21:26:31] [INFO] Running at [38;5;121m8.53[0m[38;5;159m FPS.[0m
[38;5;159m[Genesis] [21:26:31] [INFO] Running at [38;5;121m7.57[0m[38;5;159m FPS.[0m
[38;5;159m[Genesis] [21:26:31] [INFO] Running at [38;5;121m7.19[0m[38;5;159m FPS.[0m
[38;5;159m[Genesis] [21:26:31] [INFO] Running at [38;5;121m13.20[0m[38;5;159m FPS.[0m
[38;5;159m[Genesis] [21:26:31] [INFO] Running at [38;5;121m8.71[0m[38;5;159m FPS.[0m
[38;5;159m[Genesis] [21:26:32] [INFO] Running at [38;5;121m7.73[0m[38;5;159m FPS.[0m
[38;5;159m[Genesis] [21:26:32] [INFO] Running at [38;5;121m11.56[0m[38;5;159m FPS.[0m
[38;5;159m[Genesis] [21:26:32] [INFO] Running at [38;5;121m6.81[0m[38;5;159m FPS.[0m
[38;5;159m[Genesis] [21:26:32] [INFO] Running at [38;5;121m8.10[0m[38;5;159m FPS.[0m
[38;5;159m[Genesis] [21:26:32] [INFO] Running at [38;5;121m7.33[0m[38;5;159m FPS.[0m
[38;5;159m[Genesis] [21:26:32] [INFO] Running at [38;5;121m7.15[0m[38;5;159m FPS.[0m
[38;5;159m[Genesis] [21:26:32] [INFO] Running at [38;5;121m12.13[0m[38;5;159m FPS.[0m
[38;5;159m[Genesis] [21:26:32] [INFO] Running at [38;5;121m7.70[0m[38;5;159m FPS.[0m
[38;5;159m[Genesis] [21:26:32] [INFO] Running at [38;5;121m8.50[0m[38;5;159m FPS.[0m
[38;5;159m[Genesis] [21:26:32] [INFO] Running at [38;5;121m7.51[0m[38;5;159m FPS.[0m
[38;5;159m[Genesis] [21:26:32] [INFO] Running at [38;5;121m12.72[0m[38;5;159m FPS.[0m
[38;5;159m[Genesis] [21:26:32] [INFO] Running at [38;5;121m8.09[0m[38;5;159m FPS.[0m
[38;5;159m[Genesis] [21:26:32] [INFO] Running at [38;5;121m8.92[0m[38;5;159m FPS.[0m
[38;5;159m[Genesis] [21:26:32] [INFO] Running at [38;5;121m13.30[0m[38;5;159m FPS.[0m
[38;5;159m[Genesis] [21:26:32] [INFO] Running at [38;5;121m8.46[0m[38;5;159m FPS.[0m
[38;5;159m[Genesis] [21:26:32] [INFO] Running at [38;5;121m7.86[0m[38;5;159m FPS.[0m
[38;5;159m[Genesis] [21:26:32] [INFO] Running at [38;5;121m9.31[0m[38;5;159m FPS.[0m
[38;5;159m[Genesis] [21:26:32] [INFO] Running at [38;5;121m8.67[0m[38;5;159m FPS.[0m
[38;5;159m[Genesis] [21:26:32] [INFO] Running at [38;5;121m8.07[0m[38;5;159m FPS.[0m
[38;5;159m[Genesis] [21:26:32] [INFO] Running at [38;5;121m9.43[0m[38;5;159m FPS.[0m
[38;5;159m[Genesis] [21:26:32] [INFO] Running at [38;5;121m13.12[0m[38;5;159m FPS.[0m
[38;5;159m[Genesis] [21:26:32] [INFO] Running at [38;5;121m7.53[0m[38;5;159m FPS.[0m
[38;5;159m[Genesis] [21:26:32] [INFO] Running at [38;5;121m8.72[0m[38;5;159m FPS.[0m
[38;5;159m[Genesis] [21:26:32] [INFO] Running at [38;5;121m11.62[0m[38;5;159m FPS.[0m
[38;5;159m[Genesis] [21:26:32] [INFO] Running at [38;5;121m8.02[0m[38;5;159m FPS.[0m
[38;5;159m[Genesis] [21:26:32] [INFO] Running at [38;5;121m9.16[0m[38;5;159m FPS.[0m
[38;5;159m[Genesis] [21:26:32] [INFO] Running at [38;5;121m7.91[0m[38;5;159m FPS.[0m
[38;5;159m[Genesis] [21:26:32] [INFO] Running at [38;5;121m12.19[0m[38;5;159m FPS.[0m
[38;5;159m[Genesis] [21:26:32] [INFO] Running at [38;5;121m8.42[0m[38;5;159m FPS.[0m
[38;5;159m[Genesis] [21:26:32] [INFO] Running at [38;5;121m8.30[0m[38;5;159m FPS.[0m
[38;5;159m[Genesis] [21:26:32] [INFO] Running at [38;5;121m9.61[0m[38;5;159m FPS.[0m
[38;5;159m[Genesis] [21:26:32] [INFO] Running at [38;5;121m12.79[0m[38;5;159m FPS.[0m
[38;5;159m[Genesis] [21:26:32] [INFO] Running at [38;5;121m8.84[0m[38;5;159m FPS.[0m
[38;5;159m[Genesis] [21:26:32] [INFO] Running at [38;5;121m10.06[0m[38;5;159m FPS.[0m
[38;5;159m[Genesis] [21:26:32] [INFO] Running at [38;5;121m8.68[0m[38;5;159m FPS.[0m
[38;5;159m[Genesis] [21:26:32] [INFO] Running at [38;5;121m13.30[0m[38;5;159m FPS.[0m
[38;5;159m[Genesis] [21:26:32] [INFO] Running at [38;5;121m9.22[0m[38;5;159m FPS.[0m
[38;5;159m[Genesis] [21:26:32] [INFO] Running at [38;5;121m8.86[0m[38;5;159m FPS.[0m
[38;5;159m[Genesis] [21:26:32] [INFO] Running at [38;5;121m9.38[0m[38;5;159m FPS.[0m
[38;5;159m[Genesis] [21:26:32] [INFO] Running at [38;5;121m10.13[0m[38;5;159m FPS.[0m
[38;5;159m[Genesis] [21:26:32] [INFO] Running at [38;5;121m12.98[0m[38;5;159m FPS.[0m
[38;5;159m[Genesis] [21:26:33] [INFO] Running at [38;5;121m8.18[0m[38;5;159m FPS.[0m
[38;5;159m[Genesis] [21:26:33] [INFO] Running at [38;5;121m9.24[0m[38;5;159m FPS.[0m
[38;5;159m[Genesis] [21:26:33] [INFO] Running at [38;5;121m11.63[0m[38;5;159m FPS.[0m
[38;5;159m[Genesis] [21:26:33] [INFO] Running at [38;5;121m8.62[0m[38;5;159m FPS.[0m
[38;5;159m[Genesis] [21:26:33] [INFO] Running at [38;5;121m8.59[0m[38;5;159m FPS.[0m
[38;5;159m[Genesis] [21:26:33] [INFO] Running at [38;5;121m9.70[0m[38;5;159m FPS.[0m
[38;5;159m[Genesis] [21:26:33] [INFO] Running at [38;5;121m12.20[0m[38;5;159m FPS.[0m
[38;5;159m[Genesis] [21:26:33] [INFO] Running at [38;5;121m9.05[0m[38;5;159m FPS.[0m
[38;5;159m[Genesis] [21:26:33] [INFO] Running at [38;5;121m9.02[0m[38;5;159m FPS.[0m
[38;5;159m[Genesis] [21:26:33] [INFO] Running at [38;5;121m10.18[0m[38;5;159m FPS.[0m
[38;5;159m[Genesis] [21:26:33] [INFO] Running at [38;5;121m12.80[0m[38;5;159m FPS.[0m
[38;5;159m[Genesis] [21:26:33] [INFO] Running at [38;5;121m9.50[0m[38;5;159m FPS.[0m
[38;5;159m[Genesis] [21:26:33] [INFO] Running at [38;5;121m10.66[0m[38;5;159m FPS.[0m
[38;5;159m[Genesis] [21:26:33] [INFO] Running at [38;5;121m9.94[0m[38;5;159m FPS.[0m
[38;5;159m[Genesis] [21:26:33] [INFO] Running at [38;5;121m13.33[0m[38;5;159m FPS.[0m
[38;5;159m[Genesis] [21:26:33] [INFO] Running at [38;5;121m9.39[0m[38;5;159m FPS.[0m
[38;5;159m[Genesis] [21:26:33] [INFO] Running at [38;5;121m10.80[0m[38;5;159m FPS.[0m
[38;5;159m[Genesis] [21:26:33] [INFO] Running at [38;5;121m10.06[0m[38;5;159m FPS.[0m
[38;5;159m[Genesis] [21:26:33] [INFO] Running at [38;5;121m13.22[0m[38;5;159m FPS.[0m
[38;5;159m[Genesis] [21:26:33] [INFO] Running at [38;5;121m9.47[0m[38;5;159m FPS.[0m
[38;5;159m[Genesis] [21:26:33] [INFO] Running at [38;5;121m8.84[0m[38;5;159m FPS.[0m
[38;5;159m[Genesis] [21:26:33] [INFO] Running at [38;5;121m11.76[0m[38;5;159m FPS.[0m
[38;5;159m[Genesis] [21:26:33] [INFO] Running at [38;5;121m9.77[0m[38;5;159m FPS.[0m
[38;5;159m[Genesis] [21:26:33] [INFO] Running at [38;5;121m9.23[0m[38;5;159m FPS.[0m
[38;5;159m[Genesis] [21:26:33] [INFO] Running at [38;5;121m9.28[0m[38;5;159m FPS.[0m
[38;5;159m[Genesis] [21:26:33] [INFO] Running at [38;5;121m12.33[0m[38;5;159m FPS.[0m
[38;5;159m[Genesis] [21:26:33] [INFO] Running at [38;5;121m10.25[0m[38;5;159m FPS.[0m
[38;5;159m[Genesis] [21:26:33] [INFO] Running at [38;5;121m9.69[0m[38;5;159m FPS.[0m
[38;5;159m[Genesis] [21:26:33] [INFO] Running at [38;5;121m9.74[0m[38;5;159m FPS.[0m
[38;5;159m[Genesis] [21:26:33] [INFO] Running at [38;5;121m10.76[0m[38;5;159m FPS.[0m
[38;5;159m[Genesis] [21:26:33] [INFO] Running at [38;5;121m12.93[0m[38;5;159m FPS.[0m
[38;5;159m[Genesis] [21:26:33] [INFO] Running at [38;5;121m10.17[0m[38;5;159m FPS.[0m
[38;5;159m[Genesis] [21:26:33] [INFO] Running at [38;5;121m13.56[0m[38;5;159m FPS.[0m
[38;5;159m[Genesis] [21:26:33] [INFO] Running at [38;5;121m10.61[0m[38;5;159m FPS.[0m
[38;5;159m[Genesis] [21:26:33] [INFO] Running at [38;5;121m10.16[0m[38;5;159m FPS.[0m
[38;5;159m[Genesis] [21:26:33] [INFO] Running at [38;5;121m11.18[0m[38;5;159m FPS.[0m
[38;5;159m[Genesis] [21:26:33] [INFO] Running at [38;5;121m13.63[0m[38;5;159m FPS.[0m
[38;5;159m[Genesis] [21:26:33] [INFO] Running at [38;5;121m10.80[0m[38;5;159m FPS.[0m
[38;5;159m[Genesis] [21:26:33] [INFO] Running at [38;5;121m10.30[0m[38;5;159m FPS.[0m
[38;5;159m[Genesis] [21:26:33] [INFO] Running at [38;5;121m11.30[0m[38;5;159m FPS.[0m
[38;5;159m[Genesis] [21:26:33] [INFO] Running at [38;5;121m9.50[0m[38;5;159m FPS.[0m
[38;5;159m[Genesis] [21:26:33] [INFO] Running at [38;5;121m10.32[0m[38;5;159m FPS.[0m
[38;5;159m[Genesis] [21:26:33] [INFO] Running at [38;5;121m11.96[0m[38;5;159m FPS.[0m
[38;5;159m[Genesis] [21:26:33] [INFO] Running at [38;5;121m9.84[0m[38;5;159m FPS.[0m
[38;5;159m[Genesis] [21:26:33] [INFO] Running at [38;5;121m9.97[0m[38;5;159m FPS.[0m
[38;5;159m[Genesis] [21:26:33] [INFO] Running at [38;5;121m10.83[0m[38;5;159m FPS.[0m
[38;5;159m[Genesis] [21:26:33] [INFO] Running at [38;5;121m12.54[0m[38;5;159m FPS.[0m
[38;5;159m[Genesis] [21:26:33] [INFO] Running at [38;5;121m10.33[0m[38;5;159m FPS.[0m
[38;5;159m[Genesis] [21:26:33] [INFO] Running at [38;5;121m10.46[0m[38;5;159m FPS.[0m
[38;5;159m[Genesis] [21:26:33] [INFO] Running at [38;5;121m11.36[0m[38;5;159m FPS.[0m
[38;5;159m[Genesis] [21:26:33] [INFO] Running at [38;5;121m13.15[0m[38;5;159m FPS.[0m
[38;5;159m[Genesis] [21:26:33] [INFO] Running at [38;5;121m10.84[0m[38;5;159m FPS.[0m
[38;5;159m[Genesis] [21:26:33] [INFO] Running at [38;5;121m10.95[0m[38;5;159m FPS.[0m
[38;5;159m[Genesis] [21:26:33] [INFO] Running at [38;5;121m13.73[0m[38;5;159m FPS.[0m
[38;5;159m[Genesis] [21:26:33] [INFO] Running at [38;5;121m11.86[0m[38;5;159m FPS.[0m
[38;5;159m[Genesis] [21:26:33] [INFO] Running at [38;5;121m11.30[0m[38;5;159m FPS.[0m
[38;5;159m[Genesis] [21:26:33] [INFO] Running at [38;5;121m12.02[0m[38;5;159m FPS.[0m
[38;5;159m[Genesis] [21:26:33] [INFO] Running at [38;5;121m11.08[0m[38;5;159m FPS.[0m
[38;5;159m[Genesis] [21:26:33] [INFO] Running at [38;5;121m13.76[0m[38;5;159m FPS.[0m
[38;5;159m[Genesis] [21:26:33] [INFO] Running at [38;5;121m11.37[0m[38;5;159m FPS.[0m
[38;5;159m[Genesis] [21:26:34] [INFO] Running at [38;5;121m10.11[0m[38;5;159m FPS.[0m
[38;5;159m[Genesis] [21:26:34] [INFO] Running at [38;5;121m12.17[0m[38;5;159m FPS.[0m
[38;5;159m[Genesis] [21:26:34] [INFO] Running at [38;5;121m10.82[0m[38;5;159m FPS.[0m
[38;5;159m[Genesis] [21:26:34] [INFO] Running at [38;5;121m10.42[0m[38;5;159m FPS.[0m
[38;5;159m[Genesis] [21:26:34] [INFO] Running at [38;5;121m10.61[0m[38;5;159m FPS.[0m
[38;5;159m[Genesis] [21:26:34] [INFO] Running at [38;5;121m12.77[0m[38;5;159m FPS.[0m
[38;5;159m[Genesis] [21:26:34] [INFO] Running at [38;5;121m11.35[0m[38;5;159m FPS.[0m
[38;5;159m[Genesis] [21:26:34] [INFO] Running at [38;5;121m10.93[0m[38;5;159m FPS.[0m
[38;5;159m[Genesis] [21:26:34] [INFO] Running at [38;5;121m11.14[0m[38;5;159m FPS.[0m
[38;5;159m[Genesis] [21:26:34] [INFO] Running at [38;5;121m11.91[0m[38;5;159m FPS.[0m
[38;5;159m[Genesis] [21:26:34] [INFO] Running at [38;5;121m13.39[0m[38;5;159m FPS.[0m
[38;5;159m[Genesis] [21:26:34] [INFO] Running at [38;5;121m11.47[0m[38;5;159m FPS.[0m
[38;5;159m[Genesis] [21:26:34] [INFO] Running at [38;5;121m11.65[0m[38;5;159m FPS.[0m
[38;5;159m[Genesis] [21:26:34] [INFO] Running at [38;5;121m13.97[0m[38;5;159m FPS.[0m
[38;5;159m[Genesis] [21:26:34] [INFO] Running at [38;5;121m12.43[0m[38;5;159m FPS.[0m
[38;5;159m[Genesis] [21:26:34] [INFO] Running at [38;5;121m11.90[0m[38;5;159m FPS.[0m
[38;5;159m[Genesis] [21:26:34] [INFO] Running at [38;5;121m14.07[0m[38;5;159m FPS.[0m
[38;5;159m[Genesis] [21:26:34] [INFO] Running at [38;5;121m12.57[0m[38;5;159m FPS.[0m
[38;5;159m[Genesis] [21:26:34] [INFO] Running at [38;5;121m11.99[0m[38;5;159m FPS.[0m
[38;5;159m[Genesis] [21:26:34] [INFO] Running at [38;5;121m11.58[0m[38;5;159m FPS.[0m
[38;5;159m[Genesis] [21:26:34] [INFO] Running at [38;5;121m10.66[0m[38;5;159m FPS.[0m
[38;5;159m[Genesis] [21:26:34] [INFO] Running at [38;5;121m10.92[0m[38;5;159m FPS.[0m
[38;5;159m[Genesis] [21:26:34] [INFO] Running at [38;5;121m11.25[0m[38;5;159m FPS.[0m
[38;5;159m[Genesis] [21:26:34] [INFO] Running at [38;5;121m12.36[0m[38;5;159m FPS.[0m
[38;5;159m[Genesis] [21:26:34] [INFO] Running at [38;5;121m11.19[0m[38;5;159m FPS.[0m
[38;5;159m[Genesis] [21:26:34] [INFO] Running at [38;5;121m11.80[0m[38;5;159m FPS.[0m
[38;5;159m[Genesis] [21:26:34] [INFO] Running at [38;5;121m12.96[0m[38;5;159m FPS.[0m
[38;5;159m[Genesis] [21:26:34] [INFO] Running at [38;5;121m11.46[0m[38;5;159m FPS.[0m
[38;5;159m[Genesis] [21:26:34] [INFO] Running at [38;5;121m11.74[0m[38;5;159m FPS.[0m
[38;5;159m[Genesis] [21:26:34] [INFO] Running at [38;5;121m12.38[0m[38;5;159m FPS.[0m
[38;5;159m[Genesis] [21:26:34] [INFO] Running at [38;5;121m13.59[0m[38;5;159m FPS.[0m
[38;5;159m[Genesis] [21:26:34] [INFO] Running at [38;5;121m12.02[0m[38;5;159m FPS.[0m
[38;5;159m[Genesis] [21:26:34] [INFO] Running at [38;5;121m14.24[0m[38;5;159m FPS.[0m
[38;5;159m[Genesis] [21:26:34] [INFO] Running at [38;5;121m12.96[0m[38;5;159m FPS.[0m
[38;5;159m[Genesis] [21:26:34] [INFO] Running at [38;5;121m12.57[0m[38;5;159m FPS.[0m
[38;5;159m[Genesis] [21:26:34] [INFO] Running at [38;5;121m12.26[0m[38;5;159m FPS.[0m
[38;5;159m[Genesis] [21:26:34] [INFO] Running at [38;5;121m13.10[0m[38;5;159m FPS.[0m
[38;5;159m[Genesis] [21:26:34] [INFO] Running at [38;5;121m12.72[0m[38;5;159m FPS.[0m
[38;5;159m[Genesis] [21:26:34] [INFO] Running at [38;5;121m14.26[0m[38;5;159m FPS.[0m
[38;5;159m[Genesis] [21:26:34] [INFO] Running at [38;5;121m12.36[0m[38;5;159m FPS.[0m
[38;5;159m[Genesis] [21:26:34] [INFO] Running at [38;5;121m11.23[0m[38;5;159m FPS.[0m
[38;5;159m[Genesis] [21:26:34] [INFO] Running at [38;5;121m11.73[0m[38;5;159m FPS.[0m
[38;5;159m[Genesis] [21:26:34] [INFO] Running at [38;5;121m12.64[0m[38;5;159m FPS.[0m
[38;5;159m[Genesis] [21:26:34] [INFO] Running at [38;5;121m11.45[0m[38;5;159m FPS.[0m
[38;5;159m[Genesis] [21:26:34] [INFO] Running at [38;5;121m11.78[0m[38;5;159m FPS.[0m
[38;5;159m[Genesis] [21:26:34] [INFO] Running at [38;5;121m12.30[0m[38;5;159m FPS.[0m
[38;5;159m[Genesis] [21:26:34] [INFO] Running at [38;5;121m13.26[0m[38;5;159m FPS.[0m
[38;5;159m[Genesis] [21:26:34] [INFO] Running at [38;5;121m12.01[0m[38;5;159m FPS.[0m
[38;5;159m[Genesis] [21:26:34] [INFO] Running at [38;5;121m12.36[0m[38;5;159m FPS.[0m
[38;5;159m[Genesis] [21:26:34] [INFO] Running at [38;5;121m12.90[0m[38;5;159m FPS.[0m
[38;5;159m[Genesis] [21:26:34] [INFO] Running at [38;5;121m13.90[0m[38;5;159m FPS.[0m
[38;5;159m[Genesis] [21:26:34] [INFO] Running at [38;5;121m12.60[0m[38;5;159m FPS.[0m
[38;5;159m[Genesis] [21:26:34] [INFO] Running at [38;5;121m13.52[0m[38;5;159m FPS.[0m
[38;5;159m[Genesis] [21:26:34] [INFO] Running at [38;5;121m12.92[0m[38;5;159m FPS.[0m
[38;5;159m[Genesis] [21:26:34] [INFO] Running at [38;5;121m14.51[0m[38;5;159m FPS.[0m
[38;5;159m[Genesis] [21:26:34] [INFO] Running at [38;5;121m13.12[0m[38;5;159m FPS.[0m
[38;5;159m[Genesis] [21:26:34] [INFO] Running at [38;5;121m13.65[0m[38;5;159m FPS.[0m
[38;5;159m[Genesis] [21:26:34] [INFO] Running at [38;5;121m13.32[0m[38;5;159m FPS.[0m
[38;5;159m[Genesis] [21:26:34] [INFO] Running at [38;5;121m14.60[0m[38;5;159m FPS.[0m
[38;5;159m[Genesis] [21:26:34] [INFO] Running at [38;5;121m12.78[0m[38;5;159m FPS.[0m
[38;5;159m[Genesis] [21:26:35] [INFO] Scene [38;5;121m[3m<958185d>[0m[38;5;159m created.[0m
[38;5;159m[Genesis] [21:26:35] [INFO] Adding [38;5;121m<gs.RigidEntity>[0m[38;5;159m. idx: [38;5;121m0[0m[38;5;159m, uid: [38;5;121m[3m<1ec1d11>[0m[38;5;159m, morph: [38;5;121m<gs.morphs.Plane>[0m[38;5;159m, material: [38;5;121m<gs.materials.Rigid>[0m[38;5;159m.[0m
[38;5;159m[Genesis] [21:26:35] [INFO] Adding [38;5;121m<gs.RigidEntity>[0m[38;5;159m. idx: [38;5;121m1[0m[38;5;159m, uid: [38;5;121m[3m<38cec7b>[0m[38;5;159m, morph: [38;5;121m<gs.morphs.URDF(file='/home/jkoba/SynologyDrive/genesis_humanoid_rl/assets/robots/g1/g1_29dof.urdf')>[0m[38;5;159m, material: [38;5;121m<gs.materials.Rigid>[0m[38;5;159m.[0m
[38;5;159m[Genesis] [21:26:36] [INFO] Building scene [38;5;121m[3m<958185d>[0m[38;5;159m...[0m
[38;5;159m[Genesis] [21:26:45] [INFO] Compiling simulation kernels...[0m
[38;5;159m[Genesis] [21:27:18] [INFO] Building visualizer...[0m
[38;5;159m[Genesis] [21:27:19] [INFO] Running at [38;5;121m143.69[0m[38;5;159m FPS.[0m
[38;5;159m[Genesis] [21:27:19] [INFO] Running at [38;5;121m145.54[0m[38;5;159m FPS.[0m
[38;5;159m[Genesis] [21:27:19] [INFO] Running at [38;5;121m147.78[0m[38;5;159m FPS.[0m
[38;5;159m[Genesis] [21:27:19] [INFO] Running at [38;5;121m150.05[0m[38;5;159m FPS.[0m
[38;5;159m[Genesis] [21:27:19] [INFO] Running at [38;5;121m152.19[0m[38;5;159m FPS.[0m
[38;5;159m[Genesis] [21:27:19] [INFO] Running at [38;5;121m154.40[0m[38;5;159m FPS.[0m
[38;5;159m[Genesis] [21:27:19] [INFO] Running at [38;5;121m150.51[0m[38;5;159m FPS.[0m
[38;5;159m[Genesis] [21:27:19] [INFO] Running at [38;5;121m146.29[0m[38;5;159m FPS.[0m
[38;5;159m[Genesis] [21:27:19] [INFO] Running at [38;5;121m142.40[0m[38;5;159m FPS.[0m
[38;5;159m[Genesis] [21:27:19] [INFO] Running at [38;5;121m138.91[0m[38;5;159m FPS.[0m
[38;5;159m[Genesis] [21:27:19] [INFO] Running at [38;5;121m0.43[0m[38;5;159m FPS.[0m
[38;5;159m[Genesis] [21:27:19] [INFO] Running at [38;5;121m0.43[0m[38;5;159m FPS.[0m
[38;5;159m[Genesis] [21:27:19] [INFO] Running at [38;5;121m0.43[0m[38;5;159m FPS.[0m
[38;5;159m[Genesis] [21:27:19] [INFO] Running at [38;5;121m0.46[0m[38;5;159m FPS.[0m
[38;5;159m[Genesis] [21:27:19] [INFO] Running at [38;5;121m0.46[0m[38;5;159m FPS.[0m
[38;5;159m[Genesis] [21:27:19] [INFO] Running at [38;5;121m0.46[0m[38;5;159m FPS.[0m
[38;5;159m[Genesis] [21:27:19] [INFO] Running at [38;5;121m0.48[0m[38;5;159m FPS.[0m
[38;5;159m[Genesis] [21:27:19] [INFO] Running at [38;5;121m0.48[0m[38;5;159m FPS.[0m
[38;5;159m[Genesis] [21:27:19] [INFO] Running at [38;5;121m0.48[0m[38;5;159m FPS.[0m
[38;5;159m[Genesis] [21:27:19] [INFO] Running at [38;5;121m0.51[0m[38;5;159m FPS.[0m
[38;5;159m[Genesis] [21:27:19] [INFO] Running at [38;5;121m0.51[0m[38;5;159m FPS.[0m
[38;5;159m[Genesis] [21:27:19] [INFO] Running at [38;5;121m0.51[0m[38;5;159m FPS.[0m
[38;5;159m[Genesis] [21:27:19] [INFO] Running at [38;5;121m57.43[0m[38;5;159m FPS.[0m
[38;5;159m[Genesis] [21:27:19] [INFO] Running at [38;5;121m59.54[0m[38;5;159m FPS.[0m
[38;5;159m[Genesis] [21:27:19] [INFO] Running at [38;5;121m0.53[0m[38;5;159m FPS.[0m
[38;5;159m[Genesis] [21:27:19] [INFO] Running at [38;5;121m61.72[0m[38;5;159m FPS.[0m
[38;5;159m[Genesis] [21:27:19] [INFO] Running at [38;5;121m63.92[0m[38;5;159m FPS.[0m
[38;5;159m[Genesis] [21:27:19] [INFO] Running at [38;5;121m0.53[0m[38;5;159m FPS.[0m
[38;5;159m[Genesis] [21:27:19] [INFO] Running at [38;5;121m0.53[0m[38;5;159m FPS.[0m
[38;5;159m[Genesis] [21:27:19] [INFO] Running at [38;5;121m59.42[0m[38;5;159m FPS.[0m
[38;5;159m[Genesis] [21:27:20] [INFO] Scene [38;5;121m[3m<6bfdfaf>[0m[38;5;159m created.[0m
[38;5;159m[Genesis] [21:27:20] [INFO] Adding [38;5;121m<gs.RigidEntity>[0m[38;5;159m. idx: [38;5;121m0[0m[38;5;159m, uid: [38;5;121m[3m<41e954a>[0m[38;5;159m, morph: [38;5;121m<gs.morphs.Plane>[0m[38;5;159m, material: [38;5;121m<gs.materials.Rigid>[0m[38;5;159m.[0m
[38;5;159m[Genesis] [21:27:20] [INFO] Adding [38;5;121m<gs.RigidEntity>[0m[38;5;159m. idx: [38;5;121m1[0m[38;5;159m, uid: [38;5;121m[3m<da94f1c>[0m[38;5;159m, morph: [38;5;121m<gs.morphs.URDF(file='/home/jkoba/SynologyDrive/genesis_humanoid_rl/assets/robots/g1/g1_29dof.urdf')>[0m[38;5;159m, material: [38;5;121m<gs.materials.Rigid>[0m[38;5;159m.[0m
[38;5;159m[Genesis] [21:27:21] [INFO] Building scene [38;5;121m[3m<6bfdfaf>[0m[38;5;159m...[0m
[38;5;159m[Genesis] [21:27:29] [INFO] Compiling simulation kernels...[0m
[38;5;159m[Genesis] [21:28:03] [INFO] Building visualizer...[0m
[38;5;159m[Genesis] [21:28:03] [INFO] Running at [38;5;121m147.61[0m[38;5;159m FPS.[0m
[38;5;159m[Genesis] [21:28:03] [INFO] Running at [38;5;121m149.85[0m[38;5;159m FPS.[0m
[38;5;159m[Genesis] [21:28:03] [INFO] Running at [38;5;121m151.67[0m[38;5;159m FPS.[0m
[38;5;159m[Genesis] [21:28:03] [INFO] Running at [38;5;121m153.74[0m[38;5;159m FPS.[0m
[38;5;159m[Genesis] [21:28:03] [INFO] Running at [38;5;121m155.69[0m[38;5;159m FPS.[0m
[38;5;159m[Genesis] [21:28:03] [INFO] Running at [38;5;121m157.72[0m[38;5;159m FPS.[0m
[38;5;159m[Genesis] [21:28:03] [INFO] Running at [38;5;121m153.71[0m[38;5;159m FPS.[0m
[38;5;159m[Genesis] [21:28:03] [INFO] Running at [38;5;121m149.16[0m[38;5;159m FPS.[0m
[38;5;159m[Genesis] [21:28:03] [INFO] Running at [38;5;121m145.00[0m[38;5;159m FPS.[0m
[38;5;159m[Genesis] [21:28:03] [INFO] Running at [38;5;121m141.25[0m[38;5;159m FPS.[0m
[38;5;159m[Genesis] [21:28:03] [INFO] Running at [38;5;121m0.45[0m[38;5;159m FPS.[0m
[38;5;159m[Genesis] [21:28:03] [INFO] Running at [38;5;121m0.25[0m[38;5;159m FPS.[0m
[38;5;159m[Genesis] [21:28:03] [INFO] Running at [38;5;121m0.25[0m[38;5;159m FPS.[0m
[38;5;159m[Genesis] [21:28:03] [INFO] Running at [38;5;121m0.48[0m[38;5;159m FPS.[0m
[38;5;159m[Genesis] [21:28:03] [INFO] Running at [38;5;121m0.26[0m[38;5;159m FPS.[0m
[38;5;159m[Genesis] [21:28:03] [INFO] Running at [38;5;121m0.26[0m[38;5;159m FPS.[0m
[38;5;159m[Genesis] [21:28:03] [INFO] Running at [38;5;121m0.50[0m[38;5;159m FPS.[0m
[38;5;159m[Genesis] [21:28:03] [INFO] Running at [38;5;121m0.28[0m[38;5;159m FPS.[0m
[38;5;159m[Genesis] [21:28:03] [INFO] Running at [38;5;121m0.28[0m[38;5;159m FPS.[0m
[38;5;159m[Genesis] [21:28:03] [INFO] Running at [38;5;121m0.53[0m[38;5;159m FPS.[0m
[38;5;159m[Genesis] [21:28:03] [INFO] Running at [38;5;121m0.29[0m[38;5;159m FPS.[0m
[38;5;159m[Genesis] [21:28:03] [INFO] Running at [38;5;121m0.29[0m[38;5;159m FPS.[0m
[38;5;159m[Genesis] [21:28:03] [INFO] Running at [38;5;121m0.55[0m[38;5;159m FPS.[0m
[38;5;159m[Genesis] [21:28:03] [INFO] Running at [38;5;121m58.60[0m[38;5;159m FPS.[0m
[38;5;159m[Genesis] [21:28:03] [INFO] Running at [38;5;121m60.67[0m[38;5;159m FPS.[0m
[38;5;159m[Genesis] [21:28:03] [INFO] Running at [38;5;121m62.85[0m[38;5;159m FPS.[0m
[38;5;159m[Genesis] [21:28:03] [INFO] Running at [38;5;121m65.07[0m[38;5;159m FPS.[0m
[38;5;159m[Genesis] [21:28:03] [INFO] Running at [38;5;121m0.31[0m[38;5;159m FPS.[0m
[38;5;159m[Genesis] [21:28:03] [INFO] Running at [38;5;121m0.31[0m[38;5;159m FPS.[0m
[38;5;159m[Genesis] [21:28:03] [INFO] Running at [38;5;121m60.46[0m[38;5;159m FPS.[0m
[38;5;159m[Genesis] [21:28:04] [INFO] Scene [38;5;121m[3m<80fa010>[0m[38;5;159m created.[0m
[38;5;159m[Genesis] [21:28:04] [INFO] Scene [38;5;121m[3m<afdc769>[0m[38;5;159m created.[0m
[38;5;159m[Genesis] [21:28:04] [INFO] Adding [38;5;121m<gs.RigidEntity>[0m[38;5;159m. idx: [38;5;121m0[0m[38;5;159m, uid: [38;5;121m[3m<e941987>[0m[38;5;159m, morph: [38;5;121m<gs.morphs.Plane>[0m[38;5;159m, material: [38;5;121m<gs.materials.Rigid>[0m[38;5;159m.[0m
[38;5;159m[Genesis] [21:28:04] [INFO] Adding [38;5;121m<gs.RigidEntity>[0m[38;5;159m. idx: [38;5;121m0[0m[38;5;159m, uid: [38;5;121m[3m<b1ea454>[0m[38;5;159m, morph: [38;5;121m<gs.morphs.Plane>[0m[38;5;159m, material: [38;5;121m<gs.materials.Rigid>[0m[38;5;159m.[0m
[38;5;159m[Genesis] [21:28:04] [INFO] Adding [38;5;121m<gs.RigidEntity>[0m[38;5;159m. idx: [38;5;121m1[0m[38;5;159m, uid: [38;5;121m[3m<807af87>[0m[38;5;159m, morph: [38;5;121m<gs.morphs.URDF(file='/home/jkoba/SynologyDrive/genesis_humanoid_rl/assets/robots/g1/g1_29dof.urdf')>[0m[38;5;159m, material: [38;5;121m<gs.materials.Rigid>[0m[38;5;159m.[0m
[38;5;159m[Genesis] [21:28:04] [INFO] Adding [38;5;121m<gs.RigidEntity>[0m[38;5;159m. idx: [38;5;121m1[0m[38;5;159m, uid: [38;5;121m[3m<2c58fd7>[0m[38;5;159m, morph: [38;5;121m<gs.morphs.URDF(file='/home/jkoba/SynologyDrive/genesis_humanoid_rl/assets/robots/g1/g1_29dof.urdf')>[0m[38;5;159m, material: [38;5;121m<gs.materials.Rigid>[0m[38;5;159m.[0m
[38;5;159m[Genesis] [21:28:05] [INFO] Building scene [38;5;121m[3m<afdc769>[0m[38;5;159m...[0m
[38;5;159m[Genesis] [21:28:05] [INFO] Building scene [38;5;121m[3m<80fa010>[0m[38;5;159m...[0m
[38;5;159m[Genesis] [21:28:17] [INFO] Compiling simulation kernels...[0m
[38;5;159m[Genesis] [21:28:17] [INFO] Compiling simulation kernels...[0m
[38;5;159m[Genesis] [21:28:53] [INFO] Building visualizer...[0m
[38;5;159m[Genesis] [21:28:54] [INFO] Building visualizer...[0m
[38;5;159m[Genesis] [21:28:54] [INFO] Running at [38;5;121m135.68[0m[38;5;159m FPS.[0m
[38;5;159m[Genesis] [21:28:54] [INFO] Running at [38;5;121m137.84[0m[38;5;159m FPS.[0m
[38;5;159m[Genesis] [21:28:54] [INFO] Running at [38;5;121m139.78[0m[38;5;159m FPS.[0m
[38;5;159m[Genesis] [21:28:54] [INFO] Running at [38;5;121m141.96[0m[38;5;159m FPS.[0m
[38;5;159m[Genesis] [21:28:54] [INFO] Running at [38;5;121m144.05[0m[38;5;159m FPS.[0m
[38;5;159m[Genesis] [21:28:54] [INFO] Running at [38;5;121m146.11[0m[38;5;159m FPS.[0m
[38;5;159m[Genesis] [21:28:54] [INFO] Running at [38;5;121m144.10[0m[38;5;159m FPS.[0m
[38;5;159m[Genesis] [21:28:54] [INFO] Running at [38;5;121m140.34[0m[38;5;159m FPS.[0m
[38;5;159m[Genesis] [21:28:54] [INFO] Running at [38;5;121m137.08[0m[38;5;159m FPS.[0m
[38;5;159m[Genesis] [21:28:54] [INFO] Running at [38;5;121m134.10[0m[38;5;159m FPS.[0m
[38;5;159m[Genesis] [21:28:54] [INFO] Running at [38;5;121m139.05[0m[38;5;159m FPS.[0m
[38;5;159m[Genesis] [21:28:54] [INFO] Running at [38;5;121m141.19[0m[38;5;159m FPS.[0m
[38;5;159m[Genesis] [21:28:54] [INFO] Running at [38;5;121m143.40[0m[38;5;159m FPS.[0m
[38;5;159m[Genesis] [21:28:54] [INFO] Running at [38;5;121m145.71[0m[38;5;159m FPS.[0m
[38;5;159m[Genesis] [21:28:54] [INFO] Running at [38;5;121m147.87[0m[38;5;159m FPS.[0m
[38;5;159m[Genesis] [21:28:54] [INFO] Running at [38;5;121m150.09[0m[38;5;159m FPS.[0m
[38;5;159m[Genesis] [21:28:54] [INFO] Running at [38;5;121m152.11[0m[38;5;159m FPS.[0m
[38;5;159m[Genesis] [21:28:54] [INFO] Running at [38;5;121m150.95[0m[38;5;159m FPS.[0m
[38;5;159m[Genesis] [21:28:54] [INFO] Running at [38;5;121m148.34[0m[38;5;159m FPS.[0m
[38;5;159m[Genesis] [21:28:54] [INFO] Running at [38;5;121m145.95[0m[38;5;159m FPS.[0m
[38;5;159m[Genesis] [21:28:54] [INFO] Running at [38;5;121m0.23[0m[38;5;159m FPS.[0m
[38;5;159m[Genesis] [21:28:54] [INFO] Running at [38;5;121m0.39[0m[38;5;159m FPS.[0m
[38;5;159m[Genesis] [21:28:54] [INFO] Running at [38;5;121m0.25[0m[38;5;159m FPS.[0m
[38;5;159m[Genesis] [21:28:54] [INFO] Running at [38;5;121m0.41[0m[38;5;159m FPS.[0m
[38;5;159m[Genesis] [21:28:54] [INFO] Running at [38;5;121m0.26[0m[38;5;159m FPS.[0m
[38;5;159m[Genesis] [21:28:54] [INFO] Running at [38;5;121m0.43[0m[38;5;159m FPS.[0m
[38;5;159m[Genesis] [21:28:54] [INFO] Running at [38;5;121m0.27[0m[38;5;159m FPS.[0m
[38;5;159m[Genesis] [21:28:54] [INFO] Running at [38;5;121m0.45[0m[38;5;159m FPS.[0m
[38;5;159m[Genesis] [21:28:54] [INFO] Running at [38;5;121m0.29[0m[38;5;159m FPS.[0m
[38;5;159m[Genesis] [21:28:54] [INFO] Running at [38;5;121m0.48[0m[38;5;159m FPS.[0m
[38;5;159m[Genesis] [21:28:54] [INFO] Running at [38;5;121m33.87[0m[38;5;159m FPS.[0m
[38;5;159m[Genesis] [21:28:54] [INFO] Running at [38;5;121m59.91[0m[38;5;159m FPS.[0m
[38;5;159m[Genesis] [21:28:54] [INFO] Running at [38;5;121m35.32[0m[38;5;159m FPS.[0m
[38;5;159m[Genesis] [21:28:54] [INFO] Running at [38;5;121m62.00[0m[38;5;159m FPS.[0m
[38;5;159m[Genesis] [21:28:54] [INFO] Running at [38;5;121m36.84[0m[38;5;159m FPS.[0m
[38;5;159m[Genesis] [21:28:54] [INFO] Running at [38;5;121m64.19[0m[38;5;159m FPS.[0m
[38;5;159m[Genesis] [21:28:54] [INFO] Running at [38;5;121m38.40[0m[38;5;159m FPS.[0m
[38;5;159m[Genesis] [21:28:54] [INFO] Running at [38;5;121m66.40[0m[38;5;159m FPS.[0m
[38;5;159m[Genesis] [21:28:54] [INFO] Running at [38;5;121m37.63[0m[38;5;159m FPS.[0m
[38;5;159m[Genesis] [21:28:54] [INFO] Running at [38;5;121m61.60[0m[38;5;159m FPS.[0m
[38;5;159m[Genesis] [21:28:54] [INFO] Running at [38;5;121m31.87[0m[38;5;159m FPS.[0m
[38;5;159m[Genesis] [21:28:54] [INFO] Running at [38;5;121m0.50[0m[38;5;159m FPS.[0m
[38;5;159m[Genesis] [21:28:54] [INFO] Running at [38;5;121m0.30[0m[38;5;159m FPS.[0m
[38;5;159m[Genesis] [21:28:54] [INFO] Running at [38;5;121m46.86[0m[38;5;159m FPS.[0m
[38;5;159m[Genesis] [21:28:54] [INFO] Running at [38;5;121m0.53[0m[38;5;159m FPS.[0m
[38;5;159m[Genesis] [21:28:54] [INFO] Running at [38;5;121m33.24[0m[38;5;159m FPS.[0m
[38;5;159m[Genesis] [21:28:54] [INFO] Running at [38;5;121m0.32[0m[38;5;159m FPS.[0m
[38;5;159m[Genesis] [21:28:54] [INFO] Running at [38;5;121m48.65[0m[38;5;159m FPS.[0m
[38;5;159m[Genesis] [21:28:54] [INFO] Running at [38;5;121m0.56[0m[38;5;159m FPS.[0m
[38;5;159m[Genesis] [21:28:54] [INFO] Running at [38;5;121m34.64[0m[38;5;159m FPS.[0m
[38;5;159m[Genesis] [21:28:54] [INFO] Running at [38;5;121m0.33[0m[38;5;159m FPS.[0m
[38;5;159m[Genesis] [21:28:54] [INFO] Running at [38;5;121m50.46[0m[38;5;159m FPS.[0m
[38;5;159m[Genesis] [21:28:54] [INFO] Running at [38;5;121m0.58[0m[38;5;159m FPS.[0m
[38;5;159m[Genesis] [21:28:54] [INFO] Running at [38;5;121m36.08[0m[38;5;159m FPS.[0m
[38;5;159m[Genesis] [21:28:54] [INFO] Running at [38;5;121m52.30[0m[38;5;159m FPS.[0m
[38;5;159m[Genesis] [21:28:54] [INFO] Running at [38;5;121m0.35[0m[38;5;159m FPS.[0m
[38;5;159m[Genesis] [21:28:54] [INFO] Running at [38;5;121m35.91[0m[38;5;159m FPS.[0m
[38;5;159m[Genesis] [21:28:54] [INFO] Running at [38;5;121m0.61[0m[38;5;159m FPS.[0m
[38;5;159m[Genesis] [21:28:54] [INFO] Running at [38;5;121m50.30[0m[38;5;159m FPS.[0m
[38;5;159m[Genesis] [21:28:55] [INFO] Running at [38;5;121m0.37[0m[38;5;159m FPS.[0m
[38;5;159m[Genesis] [21:28:55] [INFO] Running at [38;5;121m0.39[0m[38;5;159m FPS.[0m
[38;5;159m[Genesis] [21:28:55] [INFO] Running at [38;5;121m0.64[0m[38;5;159m FPS.[0m
[38;5;159m[Genesis] [21:28:55] [INFO] Running at [38;5;121m27.08[0m[38;5;159m FPS.[0m
[38;5;159m[Genesis] [21:28:55] [INFO] Running at [38;5;121m34.31[0m[38;5;159m FPS.[0m
[38;5;159m[Genesis] [21:28:55] [INFO] Running at [38;5;121m0.41[0m[38;5;159m FPS.[0m
[38;5;159m[Genesis] [21:28:55] [INFO] Running at [38;5;121m0.68[0m[38;5;159m FPS.[0m
[38;5;159m[Genesis] [21:28:55] [INFO] Running at [38;5;121m35.76[0m[38;5;159m FPS.[0m
[38;5;159m[Genesis] [21:28:55] [INFO] Running at [38;5;121m28.28[0m[38;5;159m FPS.[0m
[38;5;159m[Genesis] [21:28:55] [INFO] Running at [38;5;121m0.43[0m[38;5;159m FPS.[0m
[38;5;159m[Genesis] [21:28:55] [INFO] Running at [38;5;121m0.71[0m[38;5;159m FPS.[0m
[38;5;159m[Genesis] [21:28:55] [INFO] Running at [38;5;121m37.25[0m[38;5;159m FPS.[0m
[38;5;159m[Genesis] [21:28:55] [INFO] Running at [38;5;121m29.52[0m[38;5;159m FPS.[0m
[38;5;159m[Genesis] [21:28:55] [INFO] Running at [38;5;121m0.75[0m[38;5;159m FPS.[0m
[38;5;159m[Genesis] [21:28:55] [INFO] Running at [38;5;121m38.78[0m[38;5;159m FPS.[0m
[38;5;159m[Genesis] [21:28:55] [INFO] Running at [38;5;121m30.80[0m[38;5;159m FPS.[0m
[38;5;159m[Genesis] [21:28:55] [INFO] Running at [38;5;121m0.45[0m[38;5;159m FPS.[0m
[38;5;159m[Genesis] [21:28:55] [INFO] Running at [38;5;121m30.79[0m[38;5;159m FPS.[0m
[38;5;159m[Genesis] [21:28:55] [INFO] Running at [38;5;121m37.98[0m[38;5;159m FPS.[0m
[38;5;159m[Genesis] [21:28:55] [INFO] Running at [38;5;121m0.79[0m[38;5;159m FPS.[0m
[38;5;159m[Genesis] [21:28:55] [INFO] Running at [38;5;121m0.48[0m[38;5;159m FPS.[0m
[38;5;159m[Genesis] [21:28:55] [INFO] Running at [38;5;121m0.82[0m[38;5;159m FPS.[0m
[38;5;159m[Genesis] [21:28:55] [INFO] Running at [38;5;121m0.50[0m[38;5;159m FPS.[0m
[38;5;159m[Genesis] [21:28:55] [INFO] Running at [38;5;121m26.46[0m[38;5;159m FPS.[0m
[38;5;159m[Genesis] [21:28:55] [INFO] Running at [38;5;121m22.82[0m[38;5;159m FPS.[0m
[38;5;159m[Genesis] [21:28:55] [INFO] Running at [38;5;121m0.52[0m[38;5;159m FPS.[0m
[38;5;159m[Genesis] [21:28:55] [INFO] Running at [38;5;121m0.86[0m[38;5;159m FPS.[0m
[38;5;159m[Genesis] [21:28:55] [INFO] Running at [38;5;121m27.64[0m[38;5;159m FPS.[0m
[38;5;159m[Genesis] [21:28:55] [INFO] Running at [38;5;121m23.85[0m[38;5;159m FPS.[0m
[38;5;159m[Genesis] [21:28:55] [INFO] Running at [38;5;121m0.55[0m[38;5;159m FPS.[0m
[38;5;159m[Genesis] [21:28:55] [INFO] Running at [38;5;121m0.91[0m[38;5;159m FPS.[0m
[38;5;159m[Genesis] [21:28:55] [INFO] Running at [38;5;121m28.85[0m[38;5;159m FPS.[0m
[38;5;159m[Genesis] [21:28:55] [INFO] Running at [38;5;121m24.93[0m[38;5;159m FPS.[0m
[38;5;159m[Genesis] [21:28:55] [INFO] Running at [38;5;121m30.10[0m[38;5;159m FPS.[0m
[38;5;159m[Genesis] [21:28:55] [INFO] Running at [38;5;121m25.97[0m[38;5;159m FPS.[0m
[38;5;159m[Genesis] [21:28:55] [INFO] Running at [38;5;121m0.96[0m[38;5;159m FPS.[0m
[38;5;159m[Genesis] [21:28:55] [INFO] Running at [38;5;121m0.58[0m[38;5;159m FPS.[0m
[38;5;159m[Genesis] [21:28:55] [INFO] Running at [38;5;121m1.00[0m[38;5;159m FPS.[0m
[38;5;159m[Genesis] [21:28:55] [INFO] Running at [38;5;121m28.27[0m[38;5;159m FPS.[0m
[38;5;159m[Genesis] [21:28:55] [INFO] Running at [38;5;121m0.61[0m[38;5;159m FPS.[0m
[38;5;159m[Genesis] [21:28:55] [INFO] Running at [38;5;121m24.72[0m[38;5;159m FPS.[0m
[38;5;159m[Genesis] [21:28:55] [INFO] Running at [38;5;121m0.64[0m[38;5;159m FPS.[0m
[38;5;159m[Genesis] [21:28:55] [INFO] Running at [38;5;121m19.43[0m[38;5;159m FPS.[0m
[38;5;159m[Genesis] [21:28:55] [INFO] Running at [38;5;121m1.04[0m[38;5;159m FPS.[0m
[38;5;159m[Genesis] [21:28:55] [INFO] Running at [38;5;121m21.36[0m[38;5;159m FPS.[0m
[38;5;159m[Genesis] [21:28:55] [INFO] Running at [38;5;121m0.67[0m[38;5;159m FPS.[0m
[38;5;159m[Genesis] [21:28:55] [INFO] Running at [38;5;121m1.10[0m[38;5;159m FPS.[0m
[38;5;159m[Genesis] [21:28:55] [INFO] Running at [38;5;121m20.33[0m[38;5;159m FPS.[0m
[38;5;159m[Genesis] [21:28:55] [INFO] Running at [38;5;121m22.34[0m[38;5;159m FPS.[0m
[38;5;159m[Genesis] [21:28:55] [INFO] Running at [38;5;121m0.71[0m[38;5;159m FPS.[0m
[38;5;159m[Genesis] [21:28:55] [INFO] Running at [38;5;121m1.15[0m[38;5;159m FPS.[0m
[38;5;159m[Genesis] [21:28:55] [INFO] Running at [38;5;121m23.36[0m[38;5;159m FPS.[0m
[38;5;159m[Genesis] [21:28:55] [INFO] Running at [38;5;121m21.27[0m[38;5;159m FPS.[0m
[38;5;159m[Genesis] [21:28:55] [INFO] Running at [38;5;121m1.21[0m[38;5;159m FPS.[0m
[38;5;159m[Genesis] [21:28:55] [INFO] Running at [38;5;121m0.74[0m[38;5;159m FPS.[0m
[38;5;159m[Genesis] [21:28:55] [INFO] Running at [38;5;121m22.08[0m[38;5;159m FPS.[0m
[38;5;159m[Genesis] [21:28:55] [INFO] Running at [38;5;121m24.13[0m[38;5;159m FPS.[0m
[38;5;159m[Genesis] [21:28:55] [INFO] Running at [38;5;121m1.27[0m[38;5;159m FPS.[0m
[38;5;159m[Genesis] [21:28:55] [INFO] Running at [38;5;121m23.55[0m[38;5;159m FPS.[0m
[38;5;159m[Genesis] [21:28:55] [INFO] Running at [38;5;121m0.78[0m[38;5;159m FPS.[0m
[38;5;159m[Genesis] [21:28:55] [INFO] Running at [38;5;121m20.93[0m[38;5;159m FPS.[0m
[38;5;159m[Genesis] [21:28:56] [INFO] Running at [38;5;121m0.81[0m[38;5;159m FPS.[0m
[38;5;159m[Genesis] [21:28:56] [INFO] Running at [38;5;121m17.43[0m[38;5;159m FPS.[0m
[38;5;159m[Genesis] [21:28:56] [INFO] Running at [38;5;121m1.31[0m[38;5;159m FPS.[0m
[38;5;159m[Genesis] [21:28:56] [INFO] Running at [38;5;121m18.57[0m[38;5;159m FPS.[0m
[38;5;159m[Genesis] [21:28:56] [INFO] Running at [38;5;121m0.85[0m[38;5;159m FPS.[0m
[38;5;159m[Genesis] [21:28:56] [INFO] Running at [38;5;121m18.25[0m[38;5;159m FPS.[0m
[38;5;159m[Genesis] [21:28:56] [INFO] Running at [38;5;121m1.38[0m[38;5;159m FPS.[0m
[38;5;159m[Genesis] [21:28:56] [INFO] Running at [38;5;121m19.44[0m[38;5;159m FPS.[0m
[38;5;159m[Genesis] [21:28:56] [INFO] Running at [38;5;121m0.90[0m[38;5;159m FPS.[0m
[38;5;159m[Genesis] [21:28:56] [INFO] Running at [38;5;121m19.11[0m[38;5;159m FPS.[0m
[38;5;159m[Genesis] [21:28:56] [INFO] Running at [38;5;121m1.45[0m[38;5;159m FPS.[0m
[38;5;159m[Genesis] [21:28:56] [INFO] Running at [38;5;121m20.34[0m[38;5;159m FPS.[0m
[38;5;159m[Genesis] [21:28:56] [INFO] Running at [38;5;121m0.95[0m[38;5;159m FPS.[0m
[38;5;159m[Genesis] [21:28:56] [INFO] Running at [38;5;121m21.23[0m[38;5;159m FPS.[0m
[38;5;159m[Genesis] [21:28:56] [INFO] Running at [38;5;121m19.89[0m[38;5;159m FPS.[0m
[38;5;159m[Genesis] [21:28:56] [INFO] Running at [38;5;121m1.53[0m[38;5;159m FPS.[0m
[38;5;159m[Genesis] [21:28:56] [INFO] Running at [38;5;121m1.60[0m[38;5;159m FPS.[0m
[38;5;159m[Genesis] [21:28:56] [INFO] Running at [38;5;121m20.75[0m[38;5;159m FPS.[0m
[38;5;159m[Genesis] [21:28:56] [INFO] Running at [38;5;121m0.99[0m[38;5;159m FPS.[0m
[38;5;159m[Genesis] [21:28:56] [INFO] Running at [38;5;121m19.35[0m[38;5;159m FPS.[0m
[38;5;159m[Genesis] [21:28:56] [INFO] Running at [38;5;121m1.65[0m[38;5;159m FPS.[0m
[38;5;159m[Genesis] [21:28:56] [INFO] Running at [38;5;121m1.03[0m[38;5;159m FPS.[0m
[38;5;159m[Genesis] [21:28:56] [INFO] Running at [38;5;121m16.98[0m[38;5;159m FPS.[0m
[38;5;159m[Genesis] [21:28:56] [INFO] Running at [38;5;121m16.23[0m[38;5;159m FPS.[0m
[38;5;159m[Genesis] [21:28:56] [INFO] Running at [38;5;121m1.08[0m[38;5;159m FPS.[0m
[38;5;159m[Genesis] [21:28:56] [INFO] Running at [38;5;121m1.74[0m[38;5;159m FPS.[0m
[38;5;159m[Genesis] [21:28:56] [INFO] Running at [38;5;121m17.78[0m[38;5;159m FPS.[0m
[38;5;159m[Genesis] [21:28:56] [INFO] Running at [38;5;121m17.00[0m[38;5;159m FPS.[0m
[38;5;159m[Genesis] [21:28:56] [INFO] Running at [38;5;121m1.14[0m[38;5;159m FPS.[0m
[38;5;159m[Genesis] [21:28:56] [INFO] Running at [38;5;121m1.83[0m[38;5;159m FPS.[0m
[38;5;159m[Genesis] [21:28:56] [INFO] Running at [38;5;121m18.61[0m[38;5;159m FPS.[0m
[38;5;159m[Genesis] [21:28:56] [INFO] Running at [38;5;121m17.81[0m[38;5;159m FPS.[0m
[38;5;159m[Genesis] [21:28:56] [INFO] Running at [38;5;121m1.92[0m[38;5;159m FPS.[0m
[38;5;159m[Genesis] [21:28:56] [INFO] Running at [38;5;121m19.37[0m[38;5;159m FPS.[0m
[38;5;159m[Genesis] [21:28:56] [INFO] Running at [38;5;121m1.20[0m[38;5;159m FPS.[0m
[38;5;159m[Genesis] [21:28:56] [INFO] Running at [38;5;121m18.33[0m[38;5;159m FPS.[0m
[38;5;159m[Genesis] [21:28:56] [INFO] Running at [38;5;121m2.01[0m[38;5;159m FPS.[0m
[38;5;159m[Genesis] [21:28:56] [INFO] Running at [38;5;121m1.26[0m[38;5;159m FPS.[0m
[38;5;159m[Genesis] [21:28:56] [INFO] Running at [38;5;121m18.05[0m[38;5;159m FPS.[0m
[38;5;159m[Genesis] [21:28:56] [INFO] Running at [38;5;121m18.73[0m[38;5;159m FPS.[0m
[38;5;159m[Genesis] [21:28:56] [INFO] Running at [38;5;121m1.30[0m[38;5;159m FPS.[0m
[38;5;159m[Genesis] [21:28:56] [INFO] Running at [38;5;121m15.11[0m[38;5;159m FPS.[0m
[38;5;159m[Genesis] [21:28:56] [INFO] Running at [38;5;121m2.05[0m[38;5;159m FPS.[0m
[38;5;159m[Genesis] [21:28:56] [INFO] Running at [38;5;121m15.60[0m[38;5;159m FPS.[0m
[38;5;159m[Genesis] [21:28:56] [INFO] Running at [38;5;121m1.37[0m[38;5;159m FPS.[0m
[38;5;159m[Genesis] [21:28:56] [INFO] Running at [38;5;121m15.84[0m[38;5;159m FPS.[0m
[38;5;159m[Genesis] [21:28:56] [INFO] Running at [38;5;121m2.16[0m[38;5;159m FPS.[0m
[38;5;159m[Genesis] [21:28:56] [INFO] Running at [38;5;121m16.34[0m[38;5;159m FPS.[0m
[38;5;159m[Genesis] [21:28:56] [INFO] Running at [38;5;121m1.44[0m[38;5;159m FPS.[0m
[38;5;159m[Genesis] [21:28:56] [INFO] Running at [38;5;121m16.59[0m[38;5;159m FPS.[0m
[38;5;159m[Genesis] [21:28:56] [INFO] Running at [38;5;121m2.27[0m[38;5;159m FPS.[0m
[38;5;159m[Genesis] [21:28:56] [INFO] Running at [38;5;121m17.11[0m[38;5;159m FPS.[0m
[38;5;159m[Genesis] [21:28:56] [INFO] Running at [38;5;121m1.51[0m[38;5;159m FPS.[0m
[38;5;159m[Genesis] [21:28:56] [INFO] Running at [38;5;121m2.39[0m[38;5;159m FPS.[0m
[38;5;159m[Genesis] [21:28:56] [INFO] Running at [38;5;121m17.77[0m[38;5;159m FPS.[0m
[38;5;159m[Genesis] [21:28:56] [INFO] Running at [38;5;121m17.17[0m[38;5;159m FPS.[0m
[38;5;159m[Genesis] [21:28:57] [INFO] Running at [38;5;121m2.49[0m[38;5;159m FPS.[0m
[38;5;159m[Genesis] [21:28:57] [INFO] Running at [38;5;121m1.58[0m[38;5;159m FPS.[0m
[38;5;159m[Genesis] [21:28:57] [INFO] Running at [38;5;121m17.56[0m[38;5;159m FPS.[0m
[38;5;159m[Genesis] [21:28:57] [INFO] Running at [38;5;121m16.98[0m[38;5;159m FPS.[0m
[38;5;159m[Genesis] [21:28:57] [INFO] Running at [38;5;121m1.63[0m[38;5;159m FPS.[0m
[38;5;159m[Genesis] [21:28:57] [INFO] Running at [38;5;121m14.62[0m[38;5;159m FPS.[0m
[38;5;159m[Genesis] [21:28:57] [INFO] Running at [38;5;121m2.53[0m[38;5;159m FPS.[0m
[38;5;159m[Genesis] [21:28:57] [INFO] Running at [38;5;121m14.95[0m[38;5;159m FPS.[0m
[38;5;159m[Genesis] [21:28:57] [INFO] Running at [38;5;121m15.32[0m[38;5;159m FPS.[0m
[38;5;159m[Genesis] [21:28:57] [INFO] Running at [38;5;121m1.72[0m[38;5;159m FPS.[0m
[38;5;159m[Genesis] [21:28:57] [INFO] Running at [38;5;121m2.67[0m[38;5;159m FPS.[0m
[38;5;159m[Genesis] [21:28:57] [INFO] Running at [38;5;121m15.66[0m[38;5;159m FPS.[0m
[38;5;159m[Genesis] [21:28:57] [INFO] Running at [38;5;121m1.81[0m[38;5;159m FPS.[0m
[38;5;159m[Genesis] [21:28:57] [INFO] Running at [38;5;121m16.05[0m[38;5;159m FPS.[0m
[38;5;159m[Genesis] [21:28:57] [INFO] Running at [38;5;121m2.80[0m[38;5;159m FPS.[0m
[38;5;159m[Genesis] [21:28:57] [INFO] Running at [38;5;121m16.41[0m[38;5;159m FPS.[0m
[38;5;159m[Genesis] [21:28:57] [INFO] Running at [38;5;121m17.16[0m[38;5;159m FPS.[0m
[38;5;159m[Genesis] [21:28:57] [INFO] Running at [38;5;121m1.90[0m[38;5;159m FPS.[0m
[38;5;159m[Genesis] [21:28:57] [INFO] Running at [38;5;121m16.72[0m[38;5;159m FPS.[0m
[38;5;159m[Genesis] [21:28:57] [INFO] Running at [38;5;121m2.95[0m[38;5;159m FPS.[0m
[38;5;159m[Genesis] [21:28:57] [INFO] Running at [38;5;121m17.13[0m[38;5;159m FPS.[0m
[38;5;159m[Genesis] [21:28:57] [INFO] Running at [38;5;121m3.07[0m[38;5;159m FPS.[0m
[38;5;159m[Genesis] [21:28:57] [INFO] Running at [38;5;121m1.98[0m[38;5;159m FPS.[0m
[38;5;159m[Genesis] [21:28:57] [INFO] Running at [38;5;121m16.34[0m[38;5;159m FPS.[0m
[38;5;159m[Genesis] [21:28:57] [INFO] Running at [38;5;121m3.08[0m[38;5;159m FPS.[0m
[38;5;159m[Genesis] [21:28:57] [INFO] Running at [38;5;121m2.02[0m[38;5;159m FPS.[0m
[38;5;159m[Genesis] [21:28:57] [INFO] Running at [38;5;121m14.05[0m[38;5;159m FPS.[0m
[38;5;159m[Genesis] [21:28:57] [INFO] Running at [38;5;121m13.83[0m[38;5;159m FPS.[0m
[38;5;159m[Genesis] [21:28:57] [INFO] Running at [38;5;121m3.24[0m[38;5;159m FPS.[0m
[38;5;159m[Genesis] [21:28:57] [INFO] Running at [38;5;121m14.49[0m[38;5;159m FPS.[0m
[38;5;159m[Genesis] [21:28:57] [INFO] Running at [38;5;121m2.13[0m[38;5;159m FPS.[0m
[38;5;159m[Genesis] [21:28:57] [INFO] Running at [38;5;121m14.72[0m[38;5;159m FPS.[0m
[38;5;159m[Genesis] [21:28:57] [INFO] Running at [38;5;121m15.19[0m[38;5;159m FPS.[0m
[38;5;159m[Genesis] [21:28:57] [INFO] Running at [38;5;121m2.24[0m[38;5;159m FPS.[0m
[38;5;159m[Genesis] [21:28:57] [INFO] Running at [38;5;121m15.43[0m[38;5;159m FPS.[0m
[38;5;159m[Genesis] [21:28:57] [INFO] Running at [38;5;121m3.41[0m[38;5;159m FPS.[0m
[38;5;159m[Genesis] [21:28:57] [INFO] Running at [38;5;121m16.16[0m[38;5;159m FPS.[0m
[38;5;159m[Genesis] [21:28:57] [INFO] Running at [38;5;121m3.58[0m[38;5;159m FPS.[0m
[38;5;159m[Genesis] [21:28:57] [INFO] Running at [38;5;121m2.35[0m[38;5;159m FPS.[0m
[38;5;159m[Genesis] [21:28:57] [INFO] Running at [38;5;121m15.79[0m[38;5;159m FPS.[0m
[38;5;159m[Genesis] [21:28:57] [INFO] Running at [38;5;121m16.20[0m[38;5;159m FPS.[0m
[38;5;159m[Genesis] [21:28:57] [INFO] Running at [38;5;121m15.91[0m[38;5;159m FPS.[0m
[38;5;159m[Genesis] [21:28:57] [INFO] Running at [38;5;121m3.72[0m[38;5;159m FPS.[0m
[38;5;159m[Genesis] [21:28:57] [INFO] Running at [38;5;121m2.46[0m[38;5;159m FPS.[0m
[38;5;159m[Genesis] [21:28:58] [INFO] Running at [38;5;121m3.72[0m[38;5;159m FPS.[0m
[38;5;159m[Genesis] [21:28:58] [INFO] Running at [38;5;121m13.64[0m[38;5;159m FPS.[0m
[38;5;159m[Genesis] [21:28:58] [INFO] Running at [38;5;121m2.50[0m[38;5;159m FPS.[0m
[38;5;159m[Genesis] [21:28:58] [INFO] Running at [38;5;121m13.76[0m[38;5;159m FPS.[0m
[38;5;159m[Genesis] [21:28:58] [INFO] Running at [38;5;121m14.30[0m[38;5;159m FPS.[0m
[38;5;159m[Genesis] [21:28:58] [INFO] Running at [38;5;121m3.91[0m[38;5;159m FPS.[0m
[38;5;159m[Genesis] [21:28:58] [INFO] Running at [38;5;121m14.42[0m[38;5;159m FPS.[0m
[38;5;159m[Genesis] [21:28:58] [INFO] Running at [38;5;121m2.63[0m[38;5;159m FPS.[0m
[38;5;159m[Genesis] [21:28:58] [INFO] Running at [38;5;121m14.99[0m[38;5;159m FPS.[0m
[38;5;159m[Genesis] [21:28:58] [INFO] Running at [38;5;121m4.12[0m[38;5;159m FPS.[0m
[38;5;159m[Genesis] [21:28:58] [INFO] Running at [38;5;121m2.77[0m[38;5;159m FPS.[0m
[38;5;159m[Genesis] [21:28:58] [INFO] Running at [38;5;121m15.12[0m[38;5;159m FPS.[0m
[38;5;159m[Genesis] [21:28:58] [INFO] Running at [38;5;121m4.33[0m[38;5;159m FPS.[0m
[38;5;159m[Genesis] [21:28:58] [INFO] Running at [38;5;121m15.68[0m[38;5;159m FPS.[0m
[38;5;159m[Genesis] [21:28:58] [INFO] Running at [38;5;121m2.91[0m[38;5;159m FPS.[0m
[38;5;159m[Genesis] [21:28:58] [INFO] Running at [38;5;121m15.72[0m[38;5;159m FPS.[0m
[38;5;159m[Genesis] [21:28:58] [INFO] Running at [38;5;121m15.72[0m[38;5;159m FPS.[0m
[38;5;159m[Genesis] [21:28:58] [INFO] Running at [38;5;121m4.49[0m[38;5;159m FPS.[0m
[38;5;159m[Genesis] [21:28:58] [INFO] Running at [38;5;121m3.03[0m[38;5;159m FPS.[0m
[38;5;159m[Genesis] [21:28:58] [INFO] Running at [38;5;121m15.64[0m[38;5;159m FPS.[0m
[38;5;159m[Genesis] [21:28:58] [INFO] Running at [38;5;121m3.06[0m[38;5;159m FPS.[0m
[38;5;159m[Genesis] [21:28:58] [INFO] Running at [38;5;121m13.42[0m[38;5;159m FPS.[0m
[38;5;159m[Genesis] [21:28:58] [INFO] Running at [38;5;121m4.43[0m[38;5;159m FPS.[0m
[38;5;159m[Genesis] [21:28:58] [INFO] Running at [38;5;121m13.56[0m[38;5;159m FPS.[0m
[38;5;159m[Genesis] [21:28:58] [INFO] Running at [38;5;121m3.22[0m[38;5;159m FPS.[0m
[38;5;159m[Genesis] [21:28:58] [INFO] Running at [38;5;121m14.07[0m[38;5;159m FPS.[0m
[38;5;159m[Genesis] [21:28:58] [INFO] Running at [38;5;121m4.66[0m[38;5;159m FPS.[0m
[38;5;159m[Genesis] [21:28:58] [INFO] Running at [38;5;121m14.22[0m[38;5;159m FPS.[0m
[38;5;159m[Genesis] [21:28:58] [INFO] Running at [38;5;121m3.38[0m[38;5;159m FPS.[0m
[38;5;159m[Genesis] [21:28:58] [INFO] Running at [38;5;121m14.75[0m[38;5;159m FPS.[0m
[38;5;159m[Genesis] [21:28:58] [INFO] Running at [38;5;121m14.89[0m[38;5;159m FPS.[0m
[38;5;159m[Genesis] [21:28:58] [INFO] Running at [38;5;121m4.90[0m[38;5;159m FPS.[0m
[38;5;159m[Genesis] [21:28:58] [INFO] Running at [38;5;121m15.46[0m[38;5;159m FPS.[0m
[38;5;159m[Genesis] [21:28:58] [INFO] Running at [38;5;121m5.14[0m[38;5;159m FPS.[0m
[38;5;159m[Genesis] [21:28:58] [INFO] Running at [38;5;121m15.49[0m[38;5;159m FPS.[0m
[38;5;159m[Genesis] [21:28:58] [INFO] Running at [38;5;121m3.55[0m[38;5;159m FPS.[0m
[38;5;159m[Genesis] [21:28:58] [INFO] Running at [38;5;121m15.52[0m[38;5;159m FPS.[0m
[38;5;159m[Genesis] [21:28:58] [INFO] Running at [38;5;121m5.31[0m[38;5;159m FPS.[0m
[38;5;159m[Genesis] [21:28:58] [INFO] Running at [38;5;121m15.42[0m[38;5;159m FPS.[0m
[38;5;159m[Genesis] [21:28:58] [INFO] Running at [38;5;121m3.69[0m[38;5;159m FPS.[0m
[38;5;159m[Genesis] [21:28:58] [INFO] Running at [38;5;121m3.67[0m[38;5;159m FPS.[0m
[38;5;159m[Genesis] [21:28:58] [INFO] Running at [38;5;121m12.87[0m[38;5;159m FPS.[0m
[38;5;159m[Genesis] [21:28:58] [INFO] Running at [38;5;121m5.14[0m[38;5;159m FPS.[0m
[38;5;159m[Genesis] [21:28:58] [INFO] Running at [38;5;121m12.98[0m[38;5;159m FPS.[0m
[38;5;159m[Genesis] [21:28:58] [INFO] Running at [38;5;121m3.85[0m[38;5;159m FPS.[0m
[38;5;159m[Genesis] [21:28:58] [INFO] Running at [38;5;121m13.49[0m[38;5;159m FPS.[0m
[38;5;159m[Genesis] [21:28:58] [INFO] Running at [38;5;121m5.40[0m[38;5;159m FPS.[0m
[38;5;159m[Genesis] [21:28:58] [INFO] Running at [38;5;121m13.61[0m[38;5;159m FPS.[0m
[38;5;159m[Genesis] [21:28:58] [INFO] Running at [38;5;121m4.05[0m[38;5;159m FPS.[0m
[38;5;159m[Genesis] [21:28:58] [INFO] Running at [38;5;121m14.15[0m[38;5;159m FPS.[0m
[38;5;159m[Genesis] [21:28:58] [INFO] Running at [38;5;121m5.68[0m[38;5;159m FPS.[0m
[38;5;159m[Genesis] [21:28:58] [INFO] Running at [38;5;121m14.27[0m[38;5;159m FPS.[0m
[38;5;159m[Genesis] [21:28:58] [INFO] Running at [38;5;121m14.83[0m[38;5;159m FPS.[0m
[38;5;159m[Genesis] [21:28:58] [INFO] Running at [38;5;121m14.84[0m[38;5;159m FPS.[0m
[38;5;159m[Genesis] [21:28:58] [INFO] Running at [38;5;121m4.25[0m[38;5;159m FPS.[0m
[38;5;159m[Genesis] [21:28:58] [INFO] Running at [38;5;121m5.93[0m[38;5;159m FPS.[0m
[38;5;159m[Genesis] [21:28:58] [INFO] Running at [38;5;121m14.92[0m[38;5;159m FPS.[0m
[38;5;159m[Genesis] [21:28:58] [INFO] Running at [38;5;121m14.81[0m[38;5;159m FPS.[0m
[38;5;159m[Genesis] [21:28:58] [INFO] Running at [38;5;121m4.40[0m[38;5;159m FPS.[0m
[38;5;159m[Genesis] [21:28:58] [INFO] Running at [38;5;121m6.07[0m[38;5;159m FPS.[0m
[38;5;159m[Genesis] [21:28:59] [INFO] Running at [38;5;121m4.33[0m[38;5;159m FPS.[0m
[38;5;159m[Genesis] [21:28:59] [INFO] Running at [38;5;121m12.46[0m[38;5;159m FPS.[0m
[38;5;159m[Genesis] [21:28:59] [INFO] Running at [38;5;121m5.86[0m[38;5;159m FPS.[0m
[38;5;159m[Genesis] [21:28:59] [INFO] Running at [38;5;121m12.55[0m[38;5;159m FPS.[0m
[38;5;159m[Genesis] [21:28:59] [INFO] Running at [38;5;121m4.55[0m[38;5;159m FPS.[0m
[38;5;159m[Genesis] [21:28:59] [INFO] Running at [38;5;121m13.07[0m[38;5;159m FPS.[0m
[38;5;159m[Genesis] [21:28:59] [INFO] Running at [38;5;121m6.16[0m[38;5;159m FPS.[0m
[38;5;159m[Genesis] [21:28:59] [INFO] Running at [38;5;121m13.16[0m[38;5;159m FPS.[0m
[38;5;159m[Genesis] [21:28:59] [INFO] Running at [38;5;121m4.78[0m[38;5;159m FPS.[0m
[38;5;159m[Genesis] [21:28:59] [INFO] Running at [38;5;121m13.70[0m[38;5;159m FPS.[0m
[38;5;159m[Genesis] [21:28:59] [INFO] Running at [38;5;121m6.48[0m[38;5;159m FPS.[0m
[38;5;159m[Genesis] [21:28:59] [INFO] Running at [38;5;121m13.80[0m[38;5;159m FPS.[0m
[38;5;159m[Genesis] [21:28:59] [INFO] Running at [38;5;121m14.37[0m[38;5;159m FPS.[0m
[38;5;159m[Genesis] [21:28:59] [INFO] Running at [38;5;121m14.35[0m[38;5;159m FPS.[0m
[38;5;159m[Genesis] [21:28:59] [INFO] Running at [38;5;121m5.01[0m[38;5;159m FPS.[0m
[38;5;159m[Genesis] [21:28:59] [INFO] Running at [38;5;121m6.76[0m[38;5;159m FPS.[0m
[38;5;159m[Genesis] [21:28:59] [INFO] Running at [38;5;121m14.47[0m[38;5;159m FPS.[0m
[38;5;159m[Genesis] [21:28:59] [INFO] Running at [38;5;121m14.36[0m[38;5;159m FPS.[0m
[38;5;159m[Genesis] [21:28:59] [INFO] Running at [38;5;121m5.18[0m[38;5;159m FPS.[0m
[38;5;159m[Genesis] [21:28:59] [INFO] Running at [38;5;121m6.84[0m[38;5;159m FPS.[0m
[38;5;159m[Genesis] [21:28:59] [INFO] Running at [38;5;121m12.41[0m[38;5;159m FPS.[0m
[38;5;159m[Genesis] [21:28:59] [INFO] Running at [38;5;121m5.07[0m[38;5;159m FPS.[0m
[38;5;159m[Genesis] [21:28:59] [INFO] Running at [38;5;121m12.49[0m[38;5;159m FPS.[0m
[38;5;159m[Genesis] [21:28:59] [INFO] Running at [38;5;121m6.66[0m[38;5;159m FPS.[0m
[38;5;159m[Genesis] [21:28:59] [INFO] Running at [38;5;121m13.01[0m[38;5;159m FPS.[0m
[38;5;159m[Genesis] [21:28:59] [INFO] Running at [38;5;121m5.33[0m[38;5;159m FPS.[0m
[38;5;159m[Genesis] [21:28:59] [INFO] Running at [38;5;121m6.99[0m[38;5;159m FPS.[0m
[38;5;159m[Genesis] [21:28:59] [INFO] Running at [38;5;121m13.10[0m[38;5;159m FPS.[0m
[38;5;159m[Genesis] [21:28:59] [INFO] Running at [38;5;121m13.65[0m[38;5;159m FPS.[0m
[38;5;159m[Genesis] [21:28:59] [INFO] Running at [38;5;121m5.60[0m[38;5;159m FPS.[0m
[38;5;159m[Genesis] [21:28:59] [INFO] Running at [38;5;121m7.35[0m[38;5;159m FPS.[0m
[38;5;159m[Genesis] [21:28:59] [INFO] Running at [38;5;121m13.74[0m[38;5;159m FPS.[0m
[38;5;159m[Genesis] [21:28:59] [INFO] Running at [38;5;121m14.31[0m[38;5;159m FPS.[0m
[38;5;159m[Genesis] [21:28:59] [INFO] Running at [38;5;121m5.88[0m[38;5;159m FPS.[0m
[38;5;159m[Genesis] [21:28:59] [INFO] Running at [38;5;121m14.29[0m[38;5;159m FPS.[0m
[38;5;159m[Genesis] [21:28:59] [INFO] Running at [38;5;121m7.66[0m[38;5;159m FPS.[0m
[38;5;159m[Genesis] [21:28:59] [INFO] Running at [38;5;121m14.42[0m[38;5;159m FPS.[0m
[38;5;159m[Genesis] [21:28:59] [INFO] Running at [38;5;121m6.04[0m[38;5;159m FPS.[0m
[38;5;159m[Genesis] [21:28:59] [INFO] Running at [38;5;121m7.85[0m[38;5;159m FPS.[0m
[38;5;159m[Genesis] [21:28:59] [INFO] Running at [38;5;121m14.20[0m[38;5;159m FPS.[0m
[38;5;159m[Genesis] [21:28:59] [INFO] Running at [38;5;121m12.50[0m[38;5;159m FPS.[0m
[38;5;159m[Genesis] [21:28:59] [INFO] Running at [38;5;121m7.45[0m[38;5;159m FPS.[0m
[38;5;159m[Genesis] [21:28:59] [INFO] Running at [38;5;121m12.42[0m[38;5;159m FPS.[0m
[38;5;159m[Genesis] [21:28:59] [INFO] Running at [38;5;121m5.86[0m[38;5;159m FPS.[0m
[38;5;159m[Genesis] [21:28:59] [INFO] Running at [38;5;121m6.16[0m[38;5;159m FPS.[0m
[38;5;159m[Genesis] [21:28:59] [INFO] Running at [38;5;121m13.02[0m[38;5;159m FPS.[0m
[38;5;159m[Genesis] [21:28:59] [INFO] Running at [38;5;121m7.82[0m[38;5;159m FPS.[0m
[38;5;159m[Genesis] [21:28:59] [INFO] Running at [38;5;121m13.11[0m[38;5;159m FPS.[0m
[38;5;159m[Genesis] [21:28:59] [INFO] Running at [38;5;121m13.66[0m[38;5;159m FPS.[0m
[38;5;159m[Genesis] [21:28:59] [INFO] Running at [38;5;121m6.47[0m[38;5;159m FPS.[0m
[38;5;159m[Genesis] [21:28:59] [INFO] Running at [38;5;121m13.75[0m[38;5;159m FPS.[0m
[38;5;159m[Genesis] [21:28:59] [INFO] Running at [38;5;121m8.22[0m[38;5;159m FPS.[0m
[38;5;159m[Genesis] [21:28:59] [INFO] Running at [38;5;121m14.41[0m[38;5;159m FPS.[0m
[38;5;159m[Genesis] [21:29:00] [INFO] Running at [38;5;121m8.61[0m[38;5;159m FPS.[0m
[38;5;159m[Genesis] [21:29:00] [INFO] Running at [38;5;121m6.77[0m[38;5;159m FPS.[0m
[38;5;159m[Genesis] [21:29:00] [INFO] Running at [38;5;121m14.20[0m[38;5;159m FPS.[0m
[38;5;159m[Genesis] [21:29:00] [INFO] Running at [38;5;121m14.34[0m[38;5;159m FPS.[0m
[38;5;159m[Genesis] [21:29:00] [INFO] Running at [38;5;121m14.22[0m[38;5;159m FPS.[0m
[38;5;159m[Genesis] [21:29:00] [INFO] Running at [38;5;121m8.75[0m[38;5;159m FPS.[0m
[38;5;159m[Genesis] [21:29:00] [INFO] Running at [38;5;121m6.94[0m[38;5;159m FPS.[0m
[38;5;159m[Genesis] [21:29:00] [INFO] Running at [38;5;121m6.61[0m[38;5;159m FPS.[0m
[38;5;159m[Genesis] [21:29:00] [INFO] Running at [38;5;121m8.12[0m[38;5;159m FPS.[0m
[38;5;159m[Genesis] [21:29:00] [INFO] Running at [38;5;121m12.29[0m[38;5;159m FPS.[0m
[38;5;159m[Genesis] [21:29:00] [INFO] Running at [38;5;121m12.23[0m[38;5;159m FPS.[0m
[38;5;159m[Genesis] [21:29:00] [INFO] Running at [38;5;121m8.53[0m[38;5;159m FPS.[0m
[38;5;159m[Genesis] [21:29:00] [INFO] Running at [38;5;121m6.94[0m[38;5;159m FPS.[0m
[38;5;159m[Genesis] [21:29:00] [INFO] Running at [38;5;121m12.83[0m[38;5;159m FPS.[0m
[38;5;159m[Genesis] [21:29:00] [INFO] Running at [38;5;121m12.89[0m[38;5;159m FPS.[0m
[38;5;159m[Genesis] [21:29:00] [INFO] Running at [38;5;121m8.95[0m[38;5;159m FPS.[0m
[38;5;159m[Genesis] [21:29:00] [INFO] Running at [38;5;121m7.29[0m[38;5;159m FPS.[0m
[38;5;159m[Genesis] [21:29:00] [INFO] Running at [38;5;121m13.46[0m[38;5;159m FPS.[0m
[38;5;159m[Genesis] [21:29:00] [INFO] Running at [38;5;121m13.52[0m[38;5;159m FPS.[0m
[38;5;159m[Genesis] [21:29:00] [INFO] Running at [38;5;121m9.36[0m[38;5;159m FPS.[0m
[38;5;159m[Genesis] [21:29:00] [INFO] Running at [38;5;121m14.10[0m[38;5;159m FPS.[0m
[38;5;159m[Genesis] [21:29:00] [INFO] Running at [38;5;121m7.63[0m[38;5;159m FPS.[0m
[38;5;159m[Genesis] [21:29:00] [INFO] Running at [38;5;121m14.00[0m[38;5;159m FPS.[0m
[38;5;159m[Genesis] [21:29:00] [INFO] Running at [38;5;121m14.00[0m[38;5;159m FPS.[0m
[38;5;159m[Genesis] [21:29:00] [INFO] Running at [38;5;121m9.49[0m[38;5;159m FPS.[0m
[38;5;159m[Genesis] [21:29:00] [INFO] Running at [38;5;121m14.04[0m[38;5;159m FPS.[0m
[38;5;159m[Genesis] [21:29:00] [INFO] Running at [38;5;121m7.75[0m[38;5;159m FPS.[0m
[38;5;159m[Genesis] [21:29:00] [INFO] Running at [38;5;121m7.15[0m[38;5;159m FPS.[0m
[38;5;159m[Genesis] [21:29:00] [INFO] Running at [38;5;121m11.65[0m[38;5;159m FPS.[0m
[38;5;159m[Genesis] [21:29:00] [INFO] Running at [38;5;121m8.47[0m[38;5;159m FPS.[0m
[38;5;159m[Genesis] [21:29:00] [INFO] Running at [38;5;121m11.69[0m[38;5;159m FPS.[0m
[38;5;159m[Genesis] [21:29:00] [INFO] Running at [38;5;121m7.51[0m[38;5;159m FPS.[0m
[38;5;159m[Genesis] [21:29:00] [INFO] Running at [38;5;121m12.22[0m[38;5;159m FPS.[0m
[38;5;159m[Genesis] [21:29:00] [INFO] Running at [38;5;121m8.89[0m[38;5;159m FPS.[0m
[38;5;159m[Genesis] [21:29:00] [INFO] Running at [38;5;121m12.26[0m[38;5;159m FPS.[0m
[38;5;159m[Genesis] [21:29:00] [INFO] Running at [38;5;121m7.89[0m[38;5;159m FPS.[0m
[38;5;159m[Genesis] [21:29:00] [INFO] Running at [38;5;121m12.82[0m[38;5;159m FPS.[0m
[38;5;159m[Genesis] [21:29:00] [INFO] Running at [38;5;121m9.34[0m[38;5;159m FPS.[0m
[38;5;159m[Genesis] [21:29:00] [INFO] Running at [38;5;121m12.86[0m[38;5;159m FPS.[0m
[38;5;159m[Genesis] [21:29:00] [INFO] Running at [38;5;121m13.46[0m[38;5;159m FPS.[0m
[38;5;159m[Genesis] [21:29:00] [INFO] Running at [38;5;121m9.76[0m[38;5;159m FPS.[0m
[38;5;159m[Genesis] [21:29:00] [INFO] Running at [38;5;121m13.31[0m[38;5;159m FPS.[0m
[38;5;159m[Genesis] [21:29:00] [INFO] Running at [38;5;121m8.22[0m[38;5;159m FPS.[0m
[38;5;159m[Genesis] [21:29:00] [INFO] Running at [38;5;121m9.92[0m[38;5;159m FPS.[0m
[38;5;159m[Genesis] [21:29:00] [INFO] Running at [38;5;121m13.35[0m[38;5;159m FPS.[0m
[38;5;159m[Genesis] [21:29:00] [INFO] Running at [38;5;121m13.28[0m[38;5;159m FPS.[0m
[38;5;159m[Genesis] [21:29:00] [INFO] Running at [38;5;121m8.24[0m[38;5;159m FPS.[0m
[38;5;159m[Genesis] [21:29:01] [INFO] Running at [38;5;121m7.83[0m[38;5;159m FPS.[0m
[38;5;159m[Genesis] [21:29:01] [INFO] Running at [38;5;121m11.63[0m[38;5;159m FPS.[0m
[38;5;159m[Genesis] [21:29:01] [INFO] Running at [38;5;121m9.01[0m[38;5;159m FPS.[0m
[38;5;159m[Genesis] [21:29:01] [INFO] Running at [38;5;121m11.65[0m[38;5;159m FPS.[0m
[38;5;159m[Genesis] [21:29:01] [INFO] Running at [38;5;121m8.23[0m[38;5;159m FPS.[0m
[38;5;159m[Genesis] [21:29:01] [INFO] Running at [38;5;121m12.20[0m[38;5;159m FPS.[0m
[38;5;159m[Genesis] [21:29:01] [INFO] Running at [38;5;121m9.46[0m[38;5;159m FPS.[0m
[38;5;159m[Genesis] [21:29:01] [INFO] Running at [38;5;121m12.22[0m[38;5;159m FPS.[0m
[38;5;159m[Genesis] [21:29:01] [INFO] Running at [38;5;121m8.64[0m[38;5;159m FPS.[0m
[38;5;159m[Genesis] [21:29:01] [INFO] Running at [38;5;121m12.79[0m[38;5;159m FPS.[0m
[38;5;159m[Genesis] [21:29:01] [INFO] Running at [38;5;121m9.93[0m[38;5;159m FPS.[0m
[38;5;159m[Genesis] [21:29:01] [INFO] Running at [38;5;121m12.82[0m[38;5;159m FPS.[0m
[38;5;159m[Genesis] [21:29:01] [INFO] Running at [38;5;121m13.36[0m[38;5;159m FPS.[0m
[38;5;159m[Genesis] [21:29:01] [INFO] Running at [38;5;121m10.37[0m[38;5;159m FPS.[0m
[38;5;159m[Genesis] [21:29:01] [INFO] Running at [38;5;121m13.34[0m[38;5;159m FPS.[0m
[38;5;159m[Genesis] [21:29:01] [INFO] Running at [38;5;121m9.02[0m[38;5;159m FPS.[0m
[38;5;159m[Genesis] [21:29:01] [INFO] Running at [38;5;121m13.47[0m[38;5;159m FPS.[0m
[38;5;159m[Genesis] [21:29:01] [INFO] Running at [38;5;121m13.25[0m[38;5;159m FPS.[0m
[38;5;159m[Genesis] [21:29:01] [INFO] Running at [38;5;121m9.12[0m[38;5;159m FPS.[0m
[38;5;159m[Genesis] [21:29:01] [INFO] Running at [38;5;121m10.29[0m[38;5;159m FPS.[0m
[38;5;159m[Genesis] [21:29:01] [INFO] Running at [38;5;121m8.31[0m[38;5;159m FPS.[0m
[38;5;159m[Genesis] [21:29:01] [INFO] Running at [38;5;121m9.32[0m[38;5;159m FPS.[0m
[38;5;159m[Genesis] [21:29:01] [INFO] Running at [38;5;121m11.35[0m[38;5;159m FPS.[0m
[38;5;159m[Genesis] [21:29:01] [INFO] Running at [38;5;121m11.36[0m[38;5;159m FPS.[0m
[38;5;159m[Genesis] [21:29:01] [INFO] Running at [38;5;121m8.73[0m[38;5;159m FPS.[0m
[38;5;159m[Genesis] [21:29:01] [INFO] Running at [38;5;121m9.78[0m[38;5;159m FPS.[0m
[38;5;159m[Genesis] [21:29:01] [INFO] Running at [38;5;121m11.91[0m[38;5;159m FPS.[0m
[38;5;159m[Genesis] [21:29:01] [INFO] Running at [38;5;121m11.92[0m[38;5;159m FPS.[0m
[38;5;159m[Genesis] [21:29:01] [INFO] Running at [38;5;121m9.16[0m[38;5;159m FPS.[0m
[38;5;159m[Genesis] [21:29:01] [INFO] Running at [38;5;121m10.26[0m[38;5;159m FPS.[0m
[38;5;159m[Genesis] [21:29:01] [INFO] Running at [38;5;121m12.49[0m[38;5;159m FPS.[0m
[38;5;159m[Genesis] [21:29:01] [INFO] Running at [38;5;121m12.50[0m[38;5;159m FPS.[0m
[38;5;159m[Genesis] [21:29:01] [INFO] Running at [38;5;121m13.02[0m[38;5;159m FPS.[0m
[38;5;159m[Genesis] [21:29:01] [INFO] Running at [38;5;121m9.56[0m[38;5;159m FPS.[0m
[38;5;159m[Genesis] [21:29:01] [INFO] Running at [38;5;121m12.97[0m[38;5;159m FPS.[0m
[38;5;159m[Genesis] [21:29:01] [INFO] Running at [38;5;121m10.67[0m[38;5;159m FPS.[0m
[38;5;159m[Genesis] [21:29:01] [INFO] Running at [38;5;121m9.72[0m[38;5;159m FPS.[0m
[38;5;159m[Genesis] [21:29:01] [INFO] Running at [38;5;121m13.03[0m[38;5;159m FPS.[0m
[38;5;159m[Genesis] [21:29:01] [INFO] Running at [38;5;121m13.01[0m[38;5;159m FPS.[0m
[38;5;159m[Genesis] [21:29:01] [INFO] Running at [38;5;121m10.71[0m[38;5;159m FPS.[0m
[38;5;159m[Genesis] [21:29:02] [INFO] Running at [38;5;121m9.73[0m[38;5;159m FPS.[0m
[38;5;159m[Genesis] [21:29:02] [INFO] Running at [38;5;121m8.86[0m[38;5;159m FPS.[0m
[38;5;159m[Genesis] [21:29:02] [INFO] Running at [38;5;121m11.38[0m[38;5;159m FPS.[0m
[38;5;159m[Genesis] [21:29:02] [INFO] Running at [38;5;121m11.37[0m[38;5;159m FPS.[0m
[38;5;159m[Genesis] [21:29:02] [INFO] Running at [38;5;121m10.21[0m[38;5;159m FPS.[0m
[38;5;159m[Genesis] [21:29:02] [INFO] Running at [38;5;121m9.30[0m[38;5;159m FPS.[0m
[38;5;159m[Genesis] [21:29:02] [INFO] Running at [38;5;121m11.94[0m[38;5;159m FPS.[0m
[38;5;159m[Genesis] [21:29:02] [INFO] Running at [38;5;121m11.93[0m[38;5;159m FPS.[0m
[38;5;159m[Genesis] [21:29:02] [INFO] Running at [38;5;121m10.72[0m[38;5;159m FPS.[0m
[38;5;159m[Genesis] [21:29:02] [INFO] Running at [38;5;121m9.76[0m[38;5;159m FPS.[0m
[38;5;159m[Genesis] [21:29:02] [INFO] Running at [38;5;121m12.51[0m[38;5;159m FPS.[0m
[38;5;159m[Genesis] [21:29:02] [INFO] Running at [38;5;121m12.52[0m[38;5;159m FPS.[0m
[38;5;159m[Genesis] [21:29:02] [INFO] Running at [38;5;121m13.06[0m[38;5;159m FPS.[0m
[38;5;159m[Genesis] [21:29:02] [INFO] Running at [38;5;121m13.04[0m[38;5;159m FPS.[0m
[38;5;159m[Genesis] [21:29:02] [INFO] Running at [38;5;121m10.19[0m[38;5;159m FPS.[0m
[38;5;159m[Genesis] [21:29:02] [INFO] Running at [38;5;121m11.13[0m[38;5;159m FPS.[0m
[38;5;159m[Genesis] [21:29:02] [INFO] Running at [38;5;121m13.11[0m[38;5;159m FPS.[0m
[38;5;159m[Genesis] [21:29:02] [INFO] Running at [38;5;121m13.06[0m[38;5;159m FPS.[0m
[38;5;159m[Genesis] [21:29:02] [INFO] Running at [38;5;121m10.24[0m[38;5;159m FPS.[0m
[38;5;159m[Genesis] [21:29:02] [INFO] Running at [38;5;121m11.10[0m[38;5;159m FPS.[0m
[38;5;159m[Genesis] [21:29:02] [INFO] Running at [38;5;121m11.40[0m[38;5;159m FPS.[0m
[38;5;159m[Genesis] [21:29:02] [INFO] Running at [38;5;121m11.41[0m[38;5;159m FPS.[0m
[38;5;159m[Genesis] [21:29:02] [INFO] Running at [38;5;121m10.08[0m[38;5;159m FPS.[0m
[38;5;159m[Genesis] [21:29:02] [INFO] Running at [38;5;121m9.34[0m[38;5;159m FPS.[0m
[38;5;159m[Genesis] [21:29:02] [INFO] Running at [38;5;121m11.96[0m[38;5;159m FPS.[0m
[38;5;159m[Genesis] [21:29:02] [INFO] Running at [38;5;121m11.97[0m[38;5;159m FPS.[0m
[38;5;159m[Genesis] [21:29:02] [INFO] Running at [38;5;121m10.58[0m[38;5;159m FPS.[0m
[38;5;159m[Genesis] [21:29:02] [INFO] Running at [38;5;121m9.80[0m[38;5;159m FPS.[0m
[38;5;159m[Genesis] [21:29:02] [INFO] Running at [38;5;121m12.55[0m[38;5;159m FPS.[0m
[38;5;159m[Genesis] [21:29:02] [INFO] Running at [38;5;121m12.55[0m[38;5;159m FPS.[0m
[38;5;159m[Genesis] [21:29:02] [INFO] Running at [38;5;121m11.10[0m[38;5;159m FPS.[0m
[38;5;159m[Genesis] [21:29:02] [INFO] Running at [38;5;121m10.29[0m[38;5;159m FPS.[0m
[38;5;159m[Genesis] [21:29:02] [INFO] Running at [38;5;121m13.11[0m[38;5;159m FPS.[0m
[38;5;159m[Genesis] [21:29:02] [INFO] Running at [38;5;121m11.56[0m[38;5;159m FPS.[0m
[38;5;159m[Genesis] [21:29:02] [INFO] Running at [38;5;121m13.02[0m[38;5;159m FPS.[0m
[38;5;159m[Genesis] [21:29:02] [INFO] Running at [38;5;121m10.70[0m[38;5;159m FPS.[0m
[38;5;159m[Genesis] [21:29:02] [INFO] Running at [38;5;121m13.10[0m[38;5;159m FPS.[0m
[38;5;159m[Genesis] [21:29:02] [INFO] Running at [38;5;121m13.08[0m[38;5;159m FPS.[0m
[38;5;159m[Genesis] [21:29:02] [INFO] Running at [38;5;121m11.55[0m[38;5;159m FPS.[0m
[38;5;159m[Genesis] [21:29:02] [INFO] Running at [38;5;121m10.64[0m[38;5;159m FPS.[0m
[38;5;159m[Genesis] [21:29:02] [INFO] Running at [38;5;121m9.78[0m[38;5;159m FPS.[0m
[38;5;159m[Genesis] [21:29:02] [INFO] Running at [38;5;121m11.43[0m[38;5;159m FPS.[0m
[38;5;159m[Genesis] [21:29:02] [INFO] Running at [38;5;121m10.39[0m[38;5;159m FPS.[0m
[38;5;159m[Genesis] [21:29:02] [INFO] Running at [38;5;121m11.44[0m[38;5;159m FPS.[0m
[38;5;159m[Genesis] [21:29:02] [INFO] Running at [38;5;121m10.27[0m[38;5;159m FPS.[0m
[38;5;159m[Genesis] [21:29:02] [INFO] Running at [38;5;121m11.99[0m[38;5;159m FPS.[0m
[38;5;159m[Genesis] [21:29:02] [INFO] Running at [38;5;121m10.91[0m[38;5;159m FPS.[0m
[38;5;159m[Genesis] [21:29:02] [INFO] Running at [38;5;121m12.00[0m[38;5;159m FPS.[0m
[38;5;159m[Genesis] [21:29:02] [INFO] Running at [38;5;121m10.78[0m[38;5;159m FPS.[0m
[38;5;159m[Genesis] [21:29:02] [INFO] Running at [38;5;121m12.58[0m[38;5;159m FPS.[0m
[38;5;159m[Genesis] [21:29:02] [INFO] Running at [38;5;121m11.44[0m[38;5;159m FPS.[0m
[38;5;159m[Genesis] [21:29:02] [INFO] Running at [38;5;121m12.58[0m[38;5;159m FPS.[0m
[38;5;159m[Genesis] [21:29:02] [INFO] Running at [38;5;121m13.13[0m[38;5;159m FPS.[0m
[38;5;159m[Genesis] [21:29:02] [INFO] Running at [38;5;121m11.95[0m[38;5;159m FPS.[0m
[38;5;159m[Genesis] [21:29:02] [INFO] Running at [38;5;121m11.23[0m[38;5;159m FPS.[0m
[38;5;159m[Genesis] [21:29:02] [INFO] Running at [38;5;121m13.04[0m[38;5;159m FPS.[0m
[38;5;159m[Genesis] [21:29:02] [INFO] Running at [38;5;121m12.11[0m[38;5;159m FPS.[0m
[38;5;159m[Genesis] [21:29:02] [INFO] Running at [38;5;121m13.12[0m[38;5;159m FPS.[0m
[38;5;159m[Genesis] [21:29:02] [INFO] Running at [38;5;121m13.09[0m[38;5;159m FPS.[0m
[38;5;159m[Genesis] [21:29:03] [INFO] Running at [38;5;121m11.17[0m[38;5;159m FPS.[0m
[38;5;159m[Genesis] [21:29:03] [INFO] Running at [38;5;121m11.42[0m[38;5;159m FPS.[0m
[38;5;159m[Genesis] [21:29:03] [INFO] Running at [38;5;121m10.60[0m[38;5;159m FPS.[0m
[38;5;159m[Genesis] [21:29:03] [INFO] Running at [38;5;121m11.44[0m[38;5;159m FPS.[0m
[38;5;159m[Genesis] [21:29:03] [INFO] Running at [38;5;121m10.11[0m[38;5;159m FPS.[0m
[38;5;159m[Genesis] [21:29:03] [INFO] Running at [38;5;121m11.98[0m[38;5;159m FPS.[0m
[38;5;159m[Genesis] [21:29:03] [INFO] Running at [38;5;121m11.12[0m[38;5;159m FPS.[0m
[38;5;159m[Genesis] [21:29:03] [INFO] Running at [38;5;121m10.61[0m[38;5;159m FPS.[0m
[38;5;159m[Genesis] [21:29:03] [INFO] Running at [38;5;121m11.99[0m[38;5;159m FPS.[0m
[38;5;159m[Genesis] [21:29:03] [INFO] Running at [38;5;121m12.57[0m[38;5;159m FPS.[0m
[38;5;159m[Genesis] [21:29:03] [INFO] Running at [38;5;121m11.67[0m[38;5;159m FPS.[0m
[38;5;159m[Genesis] [21:29:03] [INFO] Running at [38;5;121m11.13[0m[38;5;159m FPS.[0m
[38;5;159m[Genesis] [21:29:03] [INFO] Running at [38;5;121m12.58[0m[38;5;159m FPS.[0m
[38;5;159m[Genesis] [21:29:03] [INFO] Running at [38;5;121m13.13[0m[38;5;159m FPS.[0m
[38;5;159m[Genesis] [21:29:03] [INFO] Running at [38;5;121m13.12[0m[38;5;159m FPS.[0m
[38;5;159m[Genesis] [21:29:03] [INFO] Running at [38;5;121m12.13[0m[38;5;159m FPS.[0m
[38;5;159m[Genesis] [21:29:03] [INFO] Running at [38;5;121m11.55[0m[38;5;159m FPS.[0m
[38;5;159m[Genesis] [21:29:03] [INFO] Running at [38;5;121m13.18[0m[38;5;159m FPS.[0m
[38;5;159m[Genesis] [21:29:03] [INFO] Running at [38;5;121m13.12[0m[38;5;159m FPS.[0m
[38;5;159m[Genesis] [21:29:03] [INFO] Running at [38;5;121m11.91[0m[38;5;159m FPS.[0m
[38;5;159m[Genesis] [21:29:03] [INFO] Running at [38;5;121m11.38[0m[38;5;159m FPS.[0m
[38;5;159m[Genesis] [21:29:03] [INFO] Running at [38;5;121m10.29[0m[38;5;159m FPS.[0m
[38;5;159m[Genesis] [21:29:03] [INFO] Running at [38;5;121m11.28[0m[38;5;159m FPS.[0m
[38;5;159m[Genesis] [21:29:03] [INFO] Running at [38;5;121m10.67[0m[38;5;159m FPS.[0m
[38;5;159m[Genesis] [21:29:03] [INFO] Running at [38;5;121m11.29[0m[38;5;159m FPS.[0m
[38;5;159m[Genesis] [21:29:03] [INFO] Running at [38;5;121m10.80[0m[38;5;159m FPS.[0m
[38;5;159m[Genesis] [21:29:03] [INFO] Running at [38;5;121m11.84[0m[38;5;159m FPS.[0m
[38;5;159m[Genesis] [21:29:03] [INFO] Running at [38;5;121m11.19[0m[38;5;159m FPS.[0m
[38;5;159m[Genesis] [21:29:03] [INFO] Running at [38;5;121m11.85[0m[38;5;159m FPS.[0m
[38;5;159m[Genesis] [21:29:03] [INFO] Running at [38;5;121m11.33[0m[38;5;159m FPS.[0m
[38;5;159m[Genesis] [21:29:03] [INFO] Running at [38;5;121m12.42[0m[38;5;159m FPS.[0m
[38;5;159m[Genesis] [21:29:03] [INFO] Running at [38;5;121m11.74[0m[38;5;159m FPS.[0m
[38;5;159m[Genesis] [21:29:03] [INFO] Running at [38;5;121m12.43[0m[38;5;159m FPS.[0m
[38;5;159m[Genesis] [21:29:03] [INFO] Running at [38;5;121m13.01[0m[38;5;159m FPS.[0m
[38;5;159m[Genesis] [21:29:03] [INFO] Running at [38;5;121m12.97[0m[38;5;159m FPS.[0m
[38;5;159m[Genesis] [21:29:03] [INFO] Running at [38;5;121m12.25[0m[38;5;159m FPS.[0m
[38;5;159m[Genesis] [21:29:03] [INFO] Running at [38;5;121m11.79[0m[38;5;159m FPS.[0m
[38;5;159m[Genesis] [21:29:03] [INFO] Running at [38;5;121m13.08[0m[38;5;159m FPS.[0m
[38;5;159m[Genesis] [21:29:03] [INFO] Running at [38;5;121m12.95[0m[38;5;159m FPS.[0m
[38;5;159m[Genesis] [21:29:03] [INFO] Running at [38;5;121m12.28[0m[38;5;159m FPS.[0m
[38;5;159m[Genesis] [21:29:03] [INFO] Running at [38;5;121m11.66[0m[38;5;159m FPS.[0m
[38;5;159m[Genesis] [21:29:04] [INFO] Running at [38;5;121m10.45[0m[38;5;159m FPS.[0m
[38;5;159m[Genesis] [21:29:04] [INFO] Running at [38;5;121m11.22[0m[38;5;159m FPS.[0m
[38;5;159m[Genesis] [21:29:04] [INFO] Running at [38;5;121m10.74[0m[38;5;159m FPS.[0m
[38;5;159m[Genesis] [21:29:04] [INFO] Running at [38;5;121m11.22[0m[38;5;159m FPS.[0m
[38;5;159m[Genesis] [21:29:04] [INFO] Running at [38;5;121m10.97[0m[38;5;159m FPS.[0m
[38;5;159m[Genesis] [21:29:04] [INFO] Running at [38;5;121m11.77[0m[38;5;159m FPS.[0m
[38;5;159m[Genesis] [21:29:04] [INFO] Running at [38;5;121m11.27[0m[38;5;159m FPS.[0m
[38;5;159m[Genesis] [21:29:04] [INFO] Running at [38;5;121m11.77[0m[38;5;159m FPS.[0m
[38;5;159m[Genesis] [21:29:04] [INFO] Running at [38;5;121m11.51[0m[38;5;159m FPS.[0m
[38;5;159m[Genesis] [21:29:04] [INFO] Running at [38;5;121m12.35[0m[38;5;159m FPS.[0m
[38;5;159m[Genesis] [21:29:04] [INFO] Running at [38;5;121m11.83[0m[38;5;159m FPS.[0m
[38;5;159m[Genesis] [21:29:04] [INFO] Running at [38;5;121m12.35[0m[38;5;159m FPS.[0m
[38;5;159m[Genesis] [21:29:04] [INFO] Running at [38;5;121m12.93[0m[38;5;159m FPS.[0m
[38;5;159m[Genesis] [21:29:04] [INFO] Running at [38;5;121m12.33[0m[38;5;159m FPS.[0m
[38;5;159m[Genesis] [21:29:04] [INFO] Running at [38;5;121m11.98[0m[38;5;159m FPS.[0m
[38;5;159m[Genesis] [21:29:04] [INFO] Running at [38;5;121m12.83[0m[38;5;159m FPS.[0m
[38;5;159m[Genesis] [21:29:04] [INFO] Running at [38;5;121m13.00[0m[38;5;159m FPS.[0m
[38;5;159m[Genesis] [21:29:04] [INFO] Running at [38;5;121m12.89[0m[38;5;159m FPS.[0m
[38;5;159m[Genesis] [21:29:04] [INFO] Running at [38;5;121m12.35[0m[38;5;159m FPS.[0m
[38;5;159m[Genesis] [21:29:04] [INFO] Running at [38;5;121m11.76[0m[38;5;159m FPS.[0m
[38;5;159m[Genesis] [21:29:04] [INFO] Scene [38;5;121m[3m<9aeb473>[0m[38;5;159m created.[0m
[38;5;159m[Genesis] [21:29:04] [INFO] Scene [38;5;121m[3m<6a0dd1a>[0m[38;5;159m created.[0m
[38;5;159m[Genesis] [21:29:04] [INFO] Adding [38;5;121m<gs.RigidEntity>[0m[38;5;159m. idx: [38;5;121m0[0m[38;5;159m, uid: [38;5;121m[3m<5706708>[0m[38;5;159m, morph: [38;5;121m<gs.morphs.Plane>[0m[38;5;159m, material: [38;5;121m<gs.materials.Rigid>[0m[38;5;159m.[0m
[38;5;159m[Genesis] [21:29:04] [INFO] Adding [38;5;121m<gs.RigidEntity>[0m[38;5;159m. idx: [38;5;121m0[0m[38;5;159m, uid: [38;5;121m[3m<40d392c>[0m[38;5;159m, morph: [38;5;121m<gs.morphs.Plane>[0m[38;5;159m, material: [38;5;121m<gs.materials.Rigid>[0m[38;5;159m.[0m
[38;5;159m[Genesis] [21:29:04] [INFO] Adding [38;5;121m<gs.RigidEntity>[0m[38;5;159m. idx: [38;5;121m1[0m[38;5;159m, uid: [38;5;121m[3m<daa2cf8>[0m[38;5;159m, morph: [38;5;121m<gs.morphs.URDF(file='/home/jkoba/SynologyDrive/genesis_humanoid_rl/assets/robots/g1/g1_29dof.urdf')>[0m[38;5;159m, material: [38;5;121m<gs.materials.Rigid>[0m[38;5;159m.[0m
[38;5;159m[Genesis] [21:29:04] [INFO] Adding [38;5;121m<gs.RigidEntity>[0m[38;5;159m. idx: [38;5;121m1[0m[38;5;159m, uid: [38;5;121m[3m<070ad8e>[0m[38;5;159m, morph: [38;5;121m<gs.morphs.URDF(file='/home/jkoba/SynologyDrive/genesis_humanoid_rl/assets/robots/g1/g1_29dof.urdf')>[0m[38;5;159m, material: [38;5;121m<gs.materials.Rigid>[0m[38;5;159m.[0m
[38;5;159m[Genesis] [21:29:06] [INFO] Building scene [38;5;121m[3m<6a0dd1a>[0m[38;5;159m...[0m
[38;5;159m[Genesis] [21:29:06] [INFO] Building scene [38;5;121m[3m<9aeb473>[0m[38;5;159m...[0m
[38;5;159m[Genesis] [21:29:18] [INFO] Compiling simulation kernels...[0m
[38;5;159m[Genesis] [21:29:18] [INFO] Compiling simulation kernels...[0m
[38;5;159m[Genesis] [21:29:55] [INFO] Building visualizer...[0m
[38;5;159m[Genesis] [21:29:56] [INFO] Building visualizer...[0m
[38;5;159m[Genesis] [21:29:56] [INFO] Running at [38;5;121m132.68[0m[38;5;159m FPS.[0m
[38;5;159m[Genesis] [21:29:56] [INFO] Running at [38;5;121m134.73[0m[38;5;159m FPS.[0m
[38;5;159m[Genesis] [21:29:56] [INFO] Running at [38;5;121m136.93[0m[38;5;159m FPS.[0m
[38;5;159m[Genesis] [21:29:56] [INFO] Running at [38;5;121m139.16[0m[38;5;159m FPS.[0m
[38;5;159m[Genesis] [21:29:56] [INFO] Running at [38;5;121m141.28[0m[38;5;159m FPS.[0m
[38;5;159m[Genesis] [21:29:56] [INFO] Running at [38;5;121m143.37[0m[38;5;159m FPS.[0m
[38;5;159m[Genesis] [21:29:56] [INFO] Running at [38;5;121m141.66[0m[38;5;159m FPS.[0m
[38;5;159m[Genesis] [21:29:56] [INFO] Running at [38;5;121m138.33[0m[38;5;159m FPS.[0m
[38;5;159m[Genesis] [21:29:56] [INFO] Running at [38;5;121m135.28[0m[38;5;159m FPS.[0m
[38;5;159m[Genesis] [21:29:56] [INFO] Running at [38;5;121m132.48[0m[38;5;159m FPS.[0m
[38;5;159m[Genesis] [21:29:56] [INFO] Running at [38;5;121m139.48[0m[38;5;159m FPS.[0m
[38;5;159m[Genesis] [21:29:56] [INFO] Running at [38;5;121m141.70[0m[38;5;159m FPS.[0m
[38;5;159m[Genesis] [21:29:56] [INFO] Running at [38;5;121m144.05[0m[38;5;159m FPS.[0m
[38;5;159m[Genesis] [21:29:56] [INFO] Running at [38;5;121m146.43[0m[38;5;159m FPS.[0m
[38;5;159m[Genesis] [21:29:56] [INFO] Running at [38;5;121m148.66[0m[38;5;159m FPS.[0m
[38;5;159m[Genesis] [21:29:56] [INFO] Running at [38;5;121m150.91[0m[38;5;159m FPS.[0m
[38;5;159m[Genesis] [21:29:56] [INFO] Running at [38;5;121m148.70[0m[38;5;159m FPS.[0m
[38;5;159m[Genesis] [21:29:56] [INFO] Running at [38;5;121m144.99[0m[38;5;159m FPS.[0m
[38;5;159m[Genesis] [21:29:56] [INFO] Running at [38;5;121m141.62[0m[38;5;159m FPS.[0m
[38;5;159m[Genesis] [21:29:56] [INFO] Running at [38;5;121m138.55[0m[38;5;159m FPS.[0m
[38;5;159m[Genesis] [21:29:56] [INFO] Running at [38;5;121m0.37[0m[38;5;159m FPS.[0m
[38;5;159m[Genesis] [21:29:56] [INFO] Running at [38;5;121m0.37[0m[38;5;159m FPS.[0m
[38;5;159m[Genesis] [21:29:56] [INFO] Running at [38;5;121m0.39[0m[38;5;159m FPS.[0m
[38;5;159m[Genesis] [21:29:56] [INFO] Running at [38;5;121m0.39[0m[38;5;159m FPS.[0m
[38;5;159m[Genesis] [21:29:56] [INFO] Running at [38;5;121m0.41[0m[38;5;159m FPS.[0m
[38;5;159m[Genesis] [21:29:56] [INFO] Running at [38;5;121m0.41[0m[38;5;159m FPS.[0m
[38;5;159m[Genesis] [21:29:56] [INFO] Running at [38;5;121m0.43[0m[38;5;159m FPS.[0m
[38;5;159m[Genesis] [21:29:56] [INFO] Running at [38;5;121m0.43[0m[38;5;159m FPS.[0m
[38;5;159m[Genesis] [21:29:56] [INFO] Running at [38;5;121m0.45[0m[38;5;159m FPS.[0m
[38;5;159m[Genesis] [21:29:56] [INFO] Running at [38;5;121m30.50[0m[38;5;159m FPS.[0m
[38;5;159m[Genesis] [21:29:56] [INFO] Running at [38;5;121m57.51[0m[38;5;159m FPS.[0m
[38;5;159m[Genesis] [21:29:56] [INFO] Running at [38;5;121m0.45[0m[38;5;159m FPS.[0m
[38;5;159m[Genesis] [21:29:56] [INFO] Running at [38;5;121m31.84[0m[38;5;159m FPS.[0m
[38;5;159m[Genesis] [21:29:56] [INFO] Running at [38;5;121m59.58[0m[38;5;159m FPS.[0m
[38;5;159m[Genesis] [21:29:56] [INFO] Running at [38;5;121m33.23[0m[38;5;159m FPS.[0m
[38;5;159m[Genesis] [21:29:56] [INFO] Running at [38;5;121m61.72[0m[38;5;159m FPS.[0m
[38;5;159m[Genesis] [21:29:56] [INFO] Running at [38;5;121m34.68[0m[38;5;159m FPS.[0m
[38;5;159m[Genesis] [21:29:56] [INFO] Running at [38;5;121m63.90[0m[38;5;159m FPS.[0m
[38;5;159m[Genesis] [21:29:56] [INFO] Running at [38;5;121m59.89[0m[38;5;159m FPS.[0m
[38;5;159m[Genesis] [21:29:56] [INFO] Running at [38;5;121m34.07[0m[38;5;159m FPS.[0m
[38;5;159m[Genesis] [21:29:57] [INFO] Running at [38;5;121m0.47[0m[38;5;159m FPS.[0m
[38;5;159m[Genesis] [21:29:57] [INFO] Running at [38;5;121m0.47[0m[38;5;159m FPS.[0m
[38;5;159m[Genesis] [21:29:57] [INFO] Running at [38;5;121m39.53[0m[38;5;159m FPS.[0m
[38;5;159m[Genesis] [21:29:57] [INFO] Running at [38;5;121m26.87[0m[38;5;159m FPS.[0m
[38;5;159m[Genesis] [21:29:57] [INFO] Running at [38;5;121m0.50[0m[38;5;159m FPS.[0m
[38;5;159m[Genesis] [21:29:57] [INFO] Running at [38;5;121m0.50[0m[38;5;159m FPS.[0m
[38;5;159m[Genesis] [21:29:57] [INFO] Running at [38;5;121m28.06[0m[38;5;159m FPS.[0m
[38;5;159m[Genesis] [21:29:57] [INFO] Running at [38;5;121m41.12[0m[38;5;159m FPS.[0m
[38;5;159m[Genesis] [21:29:57] [INFO] Running at [38;5;121m0.53[0m[38;5;159m FPS.[0m
[38;5;159m[Genesis] [21:29:57] [INFO] Running at [38;5;121m0.53[0m[38;5;159m FPS.[0m
[38;5;159m[Genesis] [21:29:57] [INFO] Running at [38;5;121m29.29[0m[38;5;159m FPS.[0m
[38;5;159m[Genesis] [21:29:57] [INFO] Running at [38;5;121m42.75[0m[38;5;159m FPS.[0m
[38;5;159m[Genesis] [21:29:57] [INFO] Running at [38;5;121m30.56[0m[38;5;159m FPS.[0m
[38;5;159m[Genesis] [21:29:57] [INFO] Running at [38;5;121m44.41[0m[38;5;159m FPS.[0m
[38;5;159m[Genesis] [21:29:57] [INFO] Running at [38;5;121m0.55[0m[38;5;159m FPS.[0m
[38;5;159m[Genesis] [21:29:57] [INFO] Running at [38;5;121m0.55[0m[38;5;159m FPS.[0m
[38;5;159m[Genesis] [21:29:57] [INFO] Running at [38;5;121m43.29[0m[38;5;159m FPS.[0m
[38;5;159m[Genesis] [21:29:57] [INFO] Running at [38;5;121m30.38[0m[38;5;159m FPS.[0m
[38;5;159m[Genesis] [21:29:57] [INFO] Running at [38;5;121m0.58[0m[38;5;159m FPS.[0m
[38;5;159m[Genesis] [21:29:57] [INFO] Running at [38;5;121m0.58[0m[38;5;159m FPS.[0m
[38;5;159m[Genesis] [21:29:57] [INFO] Running at [38;5;121m0.61[0m[38;5;159m FPS.[0m
[38;5;159m[Genesis] [21:29:57] [INFO] Running at [38;5;121m0.61[0m[38;5;159m FPS.[0m
[38;5;159m[Genesis] [21:29:57] [INFO] Running at [38;5;121m22.70[0m[38;5;159m FPS.[0m
[38;5;159m[Genesis] [21:29:57] [INFO] Running at [38;5;121m28.70[0m[38;5;159m FPS.[0m
[38;5;159m[Genesis] [21:29:57] [INFO] Running at [38;5;121m0.64[0m[38;5;159m FPS.[0m
[38;5;159m[Genesis] [21:29:57] [INFO] Running at [38;5;121m0.64[0m[38;5;159m FPS.[0m
[38;5;159m[Genesis] [21:29:57] [INFO] Running at [38;5;121m23.74[0m[38;5;159m FPS.[0m
[38;5;159m[Genesis] [21:29:57] [INFO] Running at [38;5;121m29.97[0m[38;5;159m FPS.[0m
[38;5;159m[Genesis] [21:29:57] [INFO] Running at [38;5;121m0.67[0m[38;5;159m FPS.[0m
[38;5;159m[Genesis] [21:29:57] [INFO] Running at [38;5;121m0.67[0m[38;5;159m FPS.[0m
[38;5;159m[Genesis] [21:29:57] [INFO] Running at [38;5;121m24.82[0m[38;5;159m FPS.[0m
[38;5;159m[Genesis] [21:29:57] [INFO] Running at [38;5;121m31.27[0m[38;5;159m FPS.[0m
[38;5;159m[Genesis] [21:29:57] [INFO] Running at [38;5;121m25.95[0m[38;5;159m FPS.[0m
[38;5;159m[Genesis] [21:29:57] [INFO] Running at [38;5;121m32.62[0m[38;5;159m FPS.[0m
[38;5;159m[Genesis] [21:29:57] [INFO] Running at [38;5;121m0.71[0m[38;5;159m FPS.[0m
[38;5;159m[Genesis] [21:29:57] [INFO] Running at [38;5;121m0.71[0m[38;5;159m FPS.[0m
[38;5;159m[Genesis] [21:29:57] [INFO] Running at [38;5;121m32.61[0m[38;5;159m FPS.[0m
[38;5;159m[Genesis] [21:29:57] [INFO] Running at [38;5;121m26.12[0m[38;5;159m FPS.[0m
[38;5;159m[Genesis] [21:29:57] [INFO] Running at [38;5;121m0.74[0m[38;5;159m FPS.[0m
[38;5;159m[Genesis] [21:29:57] [INFO] Running at [38;5;121m0.74[0m[38;5;159m FPS.[0m
[38;5;159m[Genesis] [21:29:57] [INFO] Running at [38;5;121m0.78[0m[38;5;159m FPS.[0m
[38;5;159m[Genesis] [21:29:57] [INFO] Running at [38;5;121m0.77[0m[38;5;159m FPS.[0m
[38;5;159m[Genesis] [21:29:57] [INFO] Running at [38;5;121m19.73[0m[38;5;159m FPS.[0m
[38;5;159m[Genesis] [21:29:57] [INFO] Running at [38;5;121m22.95[0m[38;5;159m FPS.[0m
[38;5;159m[Genesis] [21:29:57] [INFO] Running at [38;5;121m0.82[0m[38;5;159m FPS.[0m
[38;5;159m[Genesis] [21:29:57] [INFO] Running at [38;5;121m0.82[0m[38;5;159m FPS.[0m
[38;5;159m[Genesis] [21:29:57] [INFO] Running at [38;5;121m20.65[0m[38;5;159m FPS.[0m
[38;5;159m[Genesis] [21:29:57] [INFO] Running at [38;5;121m24.00[0m[38;5;159m FPS.[0m
[38;5;159m[Genesis] [21:29:57] [INFO] Running at [38;5;121m0.86[0m[38;5;159m FPS.[0m
[38;5;159m[Genesis] [21:29:57] [INFO] Running at [38;5;121m0.86[0m[38;5;159m FPS.[0m
[38;5;159m[Genesis] [21:29:57] [INFO] Running at [38;5;121m21.60[0m[38;5;159m FPS.[0m
[38;5;159m[Genesis] [21:29:57] [INFO] Running at [38;5;121m25.08[0m[38;5;159m FPS.[0m
[38;5;159m[Genesis] [21:29:57] [INFO] Running at [38;5;121m0.90[0m[38;5;159m FPS.[0m
[38;5;159m[Genesis] [21:29:57] [INFO] Running at [38;5;121m22.60[0m[38;5;159m FPS.[0m
[38;5;159m[Genesis] [21:29:57] [INFO] Running at [38;5;121m0.90[0m[38;5;159m FPS.[0m
[38;5;159m[Genesis] [21:29:57] [INFO] Running at [38;5;121m25.89[0m[38;5;159m FPS.[0m
[38;5;159m[Genesis] [21:29:57] [INFO] Running at [38;5;121m22.76[0m[38;5;159m FPS.[0m
[38;5;159m[Genesis] [21:29:57] [INFO] Running at [38;5;121m0.95[0m[38;5;159m FPS.[0m
[38;5;159m[Genesis] [21:29:57] [INFO] Running at [38;5;121m0.95[0m[38;5;159m FPS.[0m
[38;5;159m[Genesis] [21:29:57] [INFO] Running at [38;5;121m24.67[0m[38;5;159m FPS.[0m
[38;5;159m[Genesis] [21:29:58] [INFO] Running at [38;5;121m0.98[0m[38;5;159m FPS.[0m
[38;5;159m[Genesis] [21:29:58] [INFO] Running at [38;5;121m0.99[0m[38;5;159m FPS.[0m
[38;5;159m[Genesis] [21:29:58] [INFO] Running at [38;5;121m19.64[0m[38;5;159m FPS.[0m
[38;5;159m[Genesis] [21:29:58] [INFO] Running at [38;5;121m17.67[0m[38;5;159m FPS.[0m
[38;5;159m[Genesis] [21:29:58] [INFO] Running at [38;5;121m1.04[0m[38;5;159m FPS.[0m
[38;5;159m[Genesis] [21:29:58] [INFO] Running at [38;5;121m1.04[0m[38;5;159m FPS.[0m
[38;5;159m[Genesis] [21:29:58] [INFO] Running at [38;5;121m20.55[0m[38;5;159m FPS.[0m
[38;5;159m[Genesis] [21:29:58] [INFO] Running at [38;5;121m18.51[0m[38;5;159m FPS.[0m
[38;5;159m[Genesis] [21:29:58] [INFO] Running at [38;5;121m1.09[0m[38;5;159m FPS.[0m
[38;5;159m[Genesis] [21:29:58] [INFO] Running at [38;5;121m1.09[0m[38;5;159m FPS.[0m
[38;5;159m[Genesis] [21:29:58] [INFO] Running at [38;5;121m21.50[0m[38;5;159m FPS.[0m
[38;5;159m[Genesis] [21:29:58] [INFO] Running at [38;5;121m19.37[0m[38;5;159m FPS.[0m
[38;5;159m[Genesis] [21:29:58] [INFO] Running at [38;5;121m20.22[0m[38;5;159m FPS.[0m
[38;5;159m[Genesis] [21:29:58] [INFO] Running at [38;5;121m1.15[0m[38;5;159m FPS.[0m
[38;5;159m[Genesis] [21:29:58] [INFO] Running at [38;5;121m1.15[0m[38;5;159m FPS.[0m
[38;5;159m[Genesis] [21:29:58] [INFO] Running at [38;5;121m22.28[0m[38;5;159m FPS.[0m
[38;5;159m[Genesis] [21:29:58] [INFO] Running at [38;5;121m20.00[0m[38;5;159m FPS.[0m
[38;5;159m[Genesis] [21:29:58] [INFO] Running at [38;5;121m1.20[0m[38;5;159m FPS.[0m
[38;5;159m[Genesis] [21:29:58] [INFO] Running at [38;5;121m1.20[0m[38;5;159m FPS.[0m
[38;5;159m[Genesis] [21:29:58] [INFO] Running at [38;5;121m21.46[0m[38;5;159m FPS.[0m
[38;5;159m[Genesis] [21:29:58] [INFO] Running at [38;5;121m1.25[0m[38;5;159m FPS.[0m
[38;5;159m[Genesis] [21:29:58] [INFO] Running at [38;5;121m1.24[0m[38;5;159m FPS.[0m
[38;5;159m[Genesis] [21:29:58] [INFO] Running at [38;5;121m16.19[0m[38;5;159m FPS.[0m
[38;5;159m[Genesis] [21:29:58] [INFO] Running at [38;5;121m17.44[0m[38;5;159m FPS.[0m
[38;5;159m[Genesis] [21:29:58] [INFO] Running at [38;5;121m1.31[0m[38;5;159m FPS.[0m
[38;5;159m[Genesis] [21:29:58] [INFO] Running at [38;5;121m1.31[0m[38;5;159m FPS.[0m
[38;5;159m[Genesis] [21:29:58] [INFO] Running at [38;5;121m16.96[0m[38;5;159m FPS.[0m
[38;5;159m[Genesis] [21:29:58] [INFO] Running at [38;5;121m18.26[0m[38;5;159m FPS.[0m
[38;5;159m[Genesis] [21:29:58] [INFO] Running at [38;5;121m1.38[0m[38;5;159m FPS.[0m
[38;5;159m[Genesis] [21:29:58] [INFO] Running at [38;5;121m1.38[0m[38;5;159m FPS.[0m
[38;5;159m[Genesis] [21:29:58] [INFO] Running at [38;5;121m17.76[0m[38;5;159m FPS.[0m
[38;5;159m[Genesis] [21:29:58] [INFO] Running at [38;5;121m19.12[0m[38;5;159m FPS.[0m
[38;5;159m[Genesis] [21:29:58] [INFO] Running at [38;5;121m18.54[0m[38;5;159m FPS.[0m
[38;5;159m[Genesis] [21:29:58] [INFO] Running at [38;5;121m1.45[0m[38;5;159m FPS.[0m
[38;5;159m[Genesis] [21:29:58] [INFO] Running at [38;5;121m1.45[0m[38;5;159m FPS.[0m
[38;5;159m[Genesis] [21:29:58] [INFO] Running at [38;5;121m19.84[0m[38;5;159m FPS.[0m
[38;5;159m[Genesis] [21:29:58] [INFO] Running at [38;5;121m1.52[0m[38;5;159m FPS.[0m
[38;5;159m[Genesis] [21:29:58] [INFO] Running at [38;5;121m1.52[0m[38;5;159m FPS.[0m
[38;5;159m[Genesis] [21:29:58] [INFO] Running at [38;5;121m18.29[0m[38;5;159m FPS.[0m
[38;5;159m[Genesis] [21:29:58] [INFO] Running at [38;5;121m19.47[0m[38;5;159m FPS.[0m
[38;5;159m[Genesis] [21:29:59] [INFO] Scene [38;5;121m[3m<0e1044e>[0m[38;5;159m created.[0m
[38;5;159m[Genesis] [21:29:59] [INFO] Adding [38;5;121m<gs.RigidEntity>[0m[38;5;159m. idx: [38;5;121m0[0m[38;5;159m, uid: [38;5;121m[3m<aa3b983>[0m[38;5;159m, morph: [38;5;121m<gs.morphs.Plane>[0m[38;5;159m, material: [38;5;121m<gs.materials.Rigid>[0m[38;5;159m.[0m
[38;5;159m[Genesis] [21:29:59] [INFO] Adding [38;5;121m<gs.RigidEntity>[0m[38;5;159m. idx: [38;5;121m1[0m[38;5;159m, uid: [38;5;121m[3m<2795aa7>[0m[38;5;159m, morph: [38;5;121m<gs.morphs.URDF(file='/home/jkoba/SynologyDrive/genesis_humanoid_rl/assets/robots/g1/g1_29dof.urdf')>[0m[38;5;159m, material: [38;5;121m<gs.materials.Rigid>[0m[38;5;159m.[0m
[38;5;159m[Genesis] [21:30:00] [INFO] Building scene [38;5;121m[3m<0e1044e>[0m[38;5;159m...[0m
[38;5;159m[Genesis] [21:30:09] [INFO] Compiling simulation kernels...[0m
[38;5;159m[Genesis] [21:30:43] [INFO] Building visualizer...[0m
[38;5;159m[Genesis] [21:30:43] [INFO] Running at [38;5;121m148.83[0m[38;5;159m FPS.[0m
[38;5;159m[Genesis] [21:30:43] [INFO] Running at [38;5;121m150.59[0m[38;5;159m FPS.[0m
[38;5;159m[Genesis] [21:30:43] [INFO] Running at [38;5;121m152.69[0m[38;5;159m FPS.[0m
[38;5;159m[Genesis] [21:30:43] [INFO] Running at [38;5;121m154.79[0m[38;5;159m FPS.[0m
[38;5;159m[Genesis] [21:30:43] [INFO] Running at [38;5;121m156.83[0m[38;5;159m FPS.[0m
[38;5;159m[Genesis] [21:30:43] [INFO] Running at [38;5;121m158.93[0m[38;5;159m FPS.[0m
[38;5;159m[Genesis] [21:30:43] [INFO] Running at [38;5;121m154.84[0m[38;5;159m FPS.[0m
[38;5;159m[Genesis] [21:30:43] [INFO] Running at [38;5;121m150.17[0m[38;5;159m FPS.[0m
[38;5;159m[Genesis] [21:30:43] [INFO] Running at [38;5;121m145.90[0m[38;5;159m FPS.[0m
[38;5;159m[Genesis] [21:30:43] [INFO] Running at [38;5;121m142.06[0m[38;5;159m FPS.[0m
[38;5;159m[Genesis] [21:30:43] [INFO] Running at [38;5;121m0.35[0m[38;5;159m FPS.[0m
[38;5;159m[Genesis] [21:30:43] [INFO] Running at [38;5;121m0.43[0m[38;5;159m FPS.[0m
[38;5;159m[Genesis] [21:30:43] [INFO] Running at [38;5;121m0.43[0m[38;5;159m FPS.[0m
[38;5;159m[Genesis] [21:30:43] [INFO] Running at [38;5;121m0.36[0m[38;5;159m FPS.[0m
[38;5;159m[Genesis] [21:30:43] [INFO] Running at [38;5;121m0.45[0m[38;5;159m FPS.[0m
[38;5;159m[Genesis] [21:30:43] [INFO] Running at [38;5;121m0.45[0m[38;5;159m FPS.[0m
[38;5;159m[Genesis] [21:30:43] [INFO] Running at [38;5;121m0.38[0m[38;5;159m FPS.[0m
[38;5;159m[Genesis] [21:30:43] [INFO] Running at [38;5;121m0.48[0m[38;5;159m FPS.[0m
[38;5;159m[Genesis] [21:30:43] [INFO] Running at [38;5;121m0.48[0m[38;5;159m FPS.[0m
[38;5;159m[Genesis] [21:30:43] [INFO] Running at [38;5;121m0.40[0m[38;5;159m FPS.[0m
[38;5;159m[Genesis] [21:30:43] [INFO] Running at [38;5;121m0.50[0m[38;5;159m FPS.[0m
[38;5;159m[Genesis] [21:30:43] [INFO] Running at [38;5;121m0.50[0m[38;5;159m FPS.[0m
[38;5;159m[Genesis] [21:30:43] [INFO] Running at [38;5;121m58.82[0m[38;5;159m FPS.[0m
[38;5;159m[Genesis] [21:30:43] [INFO] Running at [38;5;121m60.95[0m[38;5;159m FPS.[0m
[38;5;159m[Genesis] [21:30:43] [INFO] Running at [38;5;121m63.13[0m[38;5;159m FPS.[0m
[38;5;159m[Genesis] [21:30:44] [INFO] Running at [38;5;121m65.36[0m[38;5;159m FPS.[0m
[38;5;159m[Genesis] [21:30:44] [INFO] Running at [38;5;121m0.42[0m[38;5;159m FPS.[0m
[38;5;159m[Genesis] [21:30:44] [INFO] Running at [38;5;121m59.10[0m[38;5;159m FPS.[0m
[38;5;159m[Genesis] [21:30:44] [INFO] Running at [38;5;121m0.53[0m[38;5;159m FPS.[0m
[38;5;159m[Genesis] [21:30:44] [INFO] Running at [38;5;121m0.53[0m[38;5;159m FPS.[0m
[38;5;159m[Genesis] [21:30:44] [INFO] Running at [38;5;121m0.44[0m[38;5;159m FPS.[0m
[38;5;159m[Genesis] [21:30:44] [INFO] Running at [38;5;121m0.55[0m[38;5;159m FPS.[0m
[38;5;159m[Genesis] [21:30:44] [INFO] Running at [38;5;121m33.91[0m[38;5;159m FPS.[0m
[38;5;159m[Genesis] [21:30:44] [INFO] Running at [38;5;121m0.55[0m[38;5;159m FPS.[0m
[38;5;159m[Genesis] [21:30:44] [INFO] Running at [38;5;121m0.47[0m[38;5;159m FPS.[0m
[38;5;159m[Genesis] [21:30:44] [INFO] Running at [38;5;121m0.58[0m[38;5;159m FPS.[0m
[38;5;159m[Genesis] [21:30:44] [INFO] Running at [38;5;121m35.38[0m[38;5;159m FPS.[0m
[38;5;159m[Genesis] [21:30:44] [INFO] Running at [38;5;121m0.58[0m[38;5;159m FPS.[0m
[38;5;159m[Genesis] [21:30:44] [INFO] Running at [38;5;121m0.61[0m[38;5;159m FPS.[0m
[38;5;159m[Genesis] [21:30:44] [INFO] Running at [38;5;121m0.49[0m[38;5;159m FPS.[0m
[38;5;159m[Genesis] [21:30:44] [INFO] Running at [38;5;121m36.88[0m[38;5;159m FPS.[0m
[38;5;159m[Genesis] [21:30:44] [INFO] Running at [38;5;121m0.61[0m[38;5;159m FPS.[0m
[38;5;159m[Genesis] [21:30:44] [INFO] Running at [38;5;121m38.44[0m[38;5;159m FPS.[0m
[38;5;159m[Genesis] [21:30:44] [INFO] Running at [38;5;121m0.52[0m[38;5;159m FPS.[0m
[38;5;159m[Genesis] [21:30:44] [INFO] Running at [38;5;121m0.64[0m[38;5;159m FPS.[0m
[38;5;159m[Genesis] [21:30:44] [INFO] Running at [38;5;121m0.64[0m[38;5;159m FPS.[0m
[38;5;159m[Genesis] [21:30:44] [INFO] Running at [38;5;121m37.79[0m[38;5;159m FPS.[0m
[38;5;159m[Genesis] [21:30:44] [INFO] Running at [38;5;121m0.54[0m[38;5;159m FPS.[0m
[38;5;159m[Genesis] [21:30:44] [INFO] Running at [38;5;121m0.68[0m[38;5;159m FPS.[0m
[38;5;159m[Genesis] [21:30:44] [INFO] Running at [38;5;121m0.67[0m[38;5;159m FPS.[0m
[38;5;159m[Genesis] [21:30:44] [INFO] Scene [38;5;121m[3m<fb52c25>[0m[38;5;159m created.[0m
[38;5;159m[Genesis] [21:30:44] [INFO] Adding [38;5;121m<gs.RigidEntity>[0m[38;5;159m. idx: [38;5;121m0[0m[38;5;159m, uid: [38;5;121m[3m<e1c18e0>[0m[38;5;159m, morph: [38;5;121m<gs.morphs.Plane>[0m[38;5;159m, material: [38;5;121m<gs.materials.Rigid>[0m[38;5;159m.[0m
[38;5;159m[Genesis] [21:30:44] [INFO] Adding [38;5;121m<gs.RigidEntity>[0m[38;5;159m. idx: [38;5;121m1[0m[38;5;159m, uid: [38;5;121m[3m<05716c9>[0m[38;5;159m, morph: [38;5;121m<gs.morphs.URDF(file='/home/jkoba/SynologyDrive/genesis_humanoid_rl/assets/robots/g1/g1_29dof.urdf')>[0m[38;5;159m, material: [38;5;121m<gs.materials.Rigid>[0m[38;5;159m.[0m
[38;5;159m[Genesis] [21:30:46] [INFO] Building scene [38;5;121m[3m<fb52c25>[0m[38;5;159m...[0m
[38;5;159m[Genesis] [21:30:55] [INFO] Compiling simulation kernels...[0m
[38;5;159m[Genesis] [21:31:28] [INFO] Building visualizer...[0m
[38;5;159m[Genesis] [21:31:28] [INFO] Running at [38;5;121m136.78[0m[38;5;159m FPS.[0m
[38;5;159m[Genesis] [21:31:28] [INFO] Running at [38;5;121m138.50[0m[38;5;159m FPS.[0m
[38;5;159m[Genesis] [21:31:28] [INFO] Running at [38;5;121m140.56[0m[38;5;159m FPS.[0m
[38;5;159m[Genesis] [21:31:28] [INFO] Running at [38;5;121m142.69[0m[38;5;159m FPS.[0m
[38;5;159m[Genesis] [21:31:28] [INFO] Running at [38;5;121m144.82[0m[38;5;159m FPS.[0m
[38;5;159m[Genesis] [21:31:28] [INFO] Running at [38;5;121m146.94[0m[38;5;159m FPS.[0m
[38;5;159m[Genesis] [21:31:28] [INFO] Running at [38;5;121m145.48[0m[38;5;159m FPS.[0m
[38;5;159m[Genesis] [21:31:28] [INFO] Running at [38;5;121m141.80[0m[38;5;159m FPS.[0m
[38;5;159m[Genesis] [21:31:28] [INFO] Running at [38;5;121m138.41[0m[38;5;159m FPS.[0m
[38;5;159m[Genesis] [21:31:28] [INFO] Running at [38;5;121m135.29[0m[38;5;159m FPS.[0m
[38;5;159m[Genesis] [21:31:29] [INFO] Running at [38;5;121m0.27[0m[38;5;159m FPS.[0m
[38;5;159m[Genesis] [21:31:29] [INFO] Running at [38;5;121m0.44[0m[38;5;159m FPS.[0m
[38;5;159m[Genesis] [21:31:29] [INFO] Running at [38;5;121m0.27[0m[38;5;159m FPS.[0m
[38;5;159m[Genesis] [21:31:29] [INFO] Running at [38;5;121m0.29[0m[38;5;159m FPS.[0m
[38;5;159m[Genesis] [21:31:29] [INFO] Running at [38;5;121m0.47[0m[38;5;159m FPS.[0m
[38;5;159m[Genesis] [21:31:29] [INFO] Running at [38;5;121m0.29[0m[38;5;159m FPS.[0m
[38;5;159m[Genesis] [21:31:29] [INFO] Running at [38;5;121m0.30[0m[38;5;159m FPS.[0m
[38;5;159m[Genesis] [21:31:29] [INFO] Running at [38;5;121m0.49[0m[38;5;159m FPS.[0m
[38;5;159m[Genesis] [21:31:29] [INFO] Running at [38;5;121m0.30[0m[38;5;159m FPS.[0m
[38;5;159m[Genesis] [21:31:29] [INFO] Running at [38;5;121m0.32[0m[38;5;159m FPS.[0m
[38;5;159m[Genesis] [21:31:29] [INFO] Running at [38;5;121m0.52[0m[38;5;159m FPS.[0m
[38;5;159m[Genesis] [21:31:29] [INFO] Running at [38;5;121m0.32[0m[38;5;159m FPS.[0m
[38;5;159m[Genesis] [21:31:29] [INFO] Running at [38;5;121m56.57[0m[38;5;159m FPS.[0m
[38;5;159m[Genesis] [21:31:29] [INFO] Running at [38;5;121m0.54[0m[38;5;159m FPS.[0m
[38;5;159m[Genesis] [21:31:29] [INFO] Running at [38;5;121m58.60[0m[38;5;159m FPS.[0m
[38;5;159m[Genesis] [21:31:29] [INFO] Running at [38;5;121m60.75[0m[38;5;159m FPS.[0m
[38;5;159m[Genesis] [21:31:29] [INFO] Running at [38;5;121m62.32[0m[38;5;159m FPS.[0m
[38;5;159m[Genesis] [21:31:29] [INFO] Running at [38;5;121m0.34[0m[38;5;159m FPS.[0m
[38;5;159m[Genesis] [21:31:29] [INFO] Running at [38;5;121m57.19[0m[38;5;159m FPS.[0m
[38;5;159m[Genesis] [21:31:29] [INFO] Running at [38;5;121m0.34[0m[38;5;159m FPS.[0m
[38;5;159m[Genesis] [21:31:29] [INFO] Running at [38;5;121m0.35[0m[38;5;159m FPS.[0m
[38;5;159m[Genesis] [21:31:29] [INFO] Running at [38;5;121m0.35[0m[38;5;159m FPS.[0m
[38;5;159m[Genesis] [21:31:29] [INFO] Running at [38;5;121m32.97[0m[38;5;159m FPS.[0m
[38;5;159m[Genesis] [21:31:29] [INFO] Running at [38;5;121m0.57[0m[38;5;159m FPS.[0m
[38;5;159m[Genesis] [21:31:29] [INFO] Running at [38;5;121m34.41[0m[38;5;159m FPS.[0m
[38;5;159m[Genesis] [21:31:29] [INFO] Running at [38;5;121m0.37[0m[38;5;159m FPS.[0m
[38;5;159m[Genesis] [21:31:29] [INFO] Running at [38;5;121m0.37[0m[38;5;159m FPS.[0m
[38;5;159m[Genesis] [21:31:29] [INFO] Running at [38;5;121m0.60[0m[38;5;159m FPS.[0m
[38;5;159m[Genesis] [21:31:29] [INFO] Running at [38;5;121m0.39[0m[38;5;159m FPS.[0m
[38;5;159m[Genesis] [21:31:29] [INFO] Running at [38;5;121m35.89[0m[38;5;159m FPS.[0m
[38;5;159m[Genesis] [21:31:29] [INFO] Running at [38;5;121m0.39[0m[38;5;159m FPS.[0m
[38;5;159m[Genesis] [21:31:29] [INFO] Running at [38;5;121m0.63[0m[38;5;159m FPS.[0m
[38;5;159m[Genesis] [21:31:29] [INFO] Running at [38;5;121m37.42[0m[38;5;159m FPS.[0m
[38;5;159m[Genesis] [21:31:29] [INFO] Running at [38;5;121m0.66[0m[38;5;159m FPS.[0m
[38;5;159m[Genesis] [21:31:29] [INFO] Running at [38;5;121m0.41[0m[38;5;159m FPS.[0m
[38;5;159m[Genesis] [21:31:29] [INFO] Running at [38;5;121m0.41[0m[38;5;159m FPS.[0m
[38;5;159m[Genesis] [21:31:29] [INFO] Running at [38;5;121m36.71[0m[38;5;159m FPS.[0m
[38;5;159m[Genesis] [21:31:29] [INFO] Running at [38;5;121m0.69[0m[38;5;159m FPS.[0m
[38;5;159m[Genesis] [21:31:29] [INFO] Running at [38;5;121m0.43[0m[38;5;159m FPS.[0m
[38;5;159m[Genesis] [21:31:29] [INFO] Running at [38;5;121m0.43[0m[38;5;159m FPS.[0m
[38;5;159m[Genesis] [21:31:29] [INFO] Running at [38;5;121m25.45[0m[38;5;159m FPS.[0m
[38;5;159m[Genesis] [21:31:29] [INFO] Running at [38;5;121m0.72[0m[38;5;159m FPS.[0m
[38;5;159m[Genesis] [21:31:29] [INFO] Running at [38;5;121m0.45[0m[38;5;159m FPS.[0m
[38;5;159m[Genesis] [21:31:29] [INFO] Running at [38;5;121m0.45[0m[38;5;159m FPS.[0m
[38;5;159m[Genesis] [21:31:29] [INFO] Running at [38;5;121m26.61[0m[38;5;159m FPS.[0m
[38;5;159m[Genesis] [21:31:29] [INFO] Running at [38;5;121m0.76[0m[38;5;159m FPS.[0m
[38;5;159m[Genesis] [21:31:29] [INFO] Running at [38;5;121m0.48[0m[38;5;159m FPS.[0m
[38;5;159m[Genesis] [21:31:29] [INFO] Running at [38;5;121m0.48[0m[38;5;159m FPS.[0m
[38;5;159m[Genesis] [21:31:29] [INFO] Running at [38;5;121m27.82[0m[38;5;159m FPS.[0m
[38;5;159m[Genesis] [21:31:29] [INFO] Running at [38;5;121m0.50[0m[38;5;159m FPS.[0m
[38;5;159m[Genesis] [21:31:29] [INFO] Running at [38;5;121m0.80[0m[38;5;159m FPS.[0m
[38;5;159m[Genesis] [21:31:29] [INFO] Running at [38;5;121m0.50[0m[38;5;159m FPS.[0m
[38;5;159m[Genesis] [21:31:29] [INFO] Running at [38;5;121m29.07[0m[38;5;159m FPS.[0m
[38;5;159m[Genesis] [21:31:29] [INFO] Running at [38;5;121m0.84[0m[38;5;159m FPS.[0m
[38;5;159m[Genesis] [21:31:29] [INFO] Running at [38;5;121m0.53[0m[38;5;159m FPS.[0m
[38;5;159m[Genesis] [21:31:29] [INFO] Running at [38;5;121m0.53[0m[38;5;159m FPS.[0m
[38;5;159m[Genesis] [21:31:29] [INFO] Running at [38;5;121m29.14[0m[38;5;159m FPS.[0m
[38;5;159m[Genesis] [21:31:29] [INFO] Running at [38;5;121m0.88[0m[38;5;159m FPS.[0m
[38;5;159m[Genesis] [21:31:29] [INFO] Running at [38;5;121m0.55[0m[38;5;159m FPS.[0m
[38;5;159m[Genesis] [21:31:29] [INFO] Running at [38;5;121m0.55[0m[38;5;159m FPS.[0m
[38;5;159m[Genesis] [21:31:30] [INFO] Running at [38;5;121m0.58[0m[38;5;159m FPS.[0m
[38;5;159m[Genesis] [21:31:30] [INFO] Running at [38;5;121m0.58[0m[38;5;159m FPS.[0m
[38;5;159m[Genesis] [21:31:30] [INFO] Running at [38;5;121m21.04[0m[38;5;159m FPS.[0m
[38;5;159m[Genesis] [21:31:30] [INFO] Running at [38;5;121m0.92[0m[38;5;159m FPS.[0m
[38;5;159m[Genesis] [21:31:30] [INFO] Running at [38;5;121m0.61[0m[38;5;159m FPS.[0m
[38;5;159m[Genesis] [21:31:30] [INFO] Running at [38;5;121m0.61[0m[38;5;159m FPS.[0m
[38;5;159m[Genesis] [21:31:30] [INFO] Running at [38;5;121m22.03[0m[38;5;159m FPS.[0m
[38;5;159m[Genesis] [21:31:30] [INFO] Running at [38;5;121m0.97[0m[38;5;159m FPS.[0m
[38;5;159m[Genesis] [21:31:30] [INFO] Running at [38;5;121m0.64[0m[38;5;159m FPS.[0m
[38;5;159m[Genesis] [21:31:30] [INFO] Running at [38;5;121m0.64[0m[38;5;159m FPS.[0m
[38;5;159m[Genesis] [21:31:30] [INFO] Running at [38;5;121m23.05[0m[38;5;159m FPS.[0m
[38;5;159m[Genesis] [21:31:30] [INFO] Running at [38;5;121m1.02[0m[38;5;159m FPS.[0m
[38;5;159m[Genesis] [21:31:30] [INFO] Running at [38;5;121m24.03[0m[38;5;159m FPS.[0m
[38;5;159m[Genesis] [21:31:30] [INFO] Running at [38;5;121m0.67[0m[38;5;159m FPS.[0m
[38;5;159m[Genesis] [21:31:30] [INFO] Running at [38;5;121m0.67[0m[38;5;159m FPS.[0m
[38;5;159m[Genesis] [21:31:30] [INFO] Running at [38;5;121m1.07[0m[38;5;159m FPS.[0m
[38;5;159m[Genesis] [21:31:30] [INFO] Running at [38;5;121m23.49[0m[38;5;159m FPS.[0m
[38;5;159m[Genesis] [21:31:30] [INFO] Running at [38;5;121m1.12[0m[38;5;159m FPS.[0m
[38;5;159m[Genesis] [21:31:30] [INFO] Running at [38;5;121m0.71[0m[38;5;159m FPS.[0m
[38;5;159m[Genesis] [21:31:30] [INFO] Running at [38;5;121m0.71[0m[38;5;159m FPS.[0m
[38;5;159m[Genesis] [21:31:30] [INFO] Running at [38;5;121m17.90[0m[38;5;159m FPS.[0m
[38;5;159m[Genesis] [21:31:30] [INFO] Running at [38;5;121m1.16[0m[38;5;159m FPS.[0m
[38;5;159m[Genesis] [21:31:30] [INFO] Running at [38;5;121m0.74[0m[38;5;159m FPS.[0m
[38;5;159m[Genesis] [21:31:30] [INFO] Running at [38;5;121m0.74[0m[38;5;159m FPS.[0m
[38;5;159m[Genesis] [21:31:30] [INFO] Running at [38;5;121m18.75[0m[38;5;159m FPS.[0m
[38;5;159m[Genesis] [21:31:30] [INFO] Running at [38;5;121m1.22[0m[38;5;159m FPS.[0m
[38;5;159m[Genesis] [21:31:30] [INFO] Running at [38;5;121m0.78[0m[38;5;159m FPS.[0m
[38;5;159m[Genesis] [21:31:30] [INFO] Running at [38;5;121m0.78[0m[38;5;159m FPS.[0m
[38;5;159m[Genesis] [21:31:30] [INFO] Running at [38;5;121m19.64[0m[38;5;159m FPS.[0m
[38;5;159m[Genesis] [21:31:30] [INFO] Running at [38;5;121m1.29[0m[38;5;159m FPS.[0m
[38;5;159m[Genesis] [21:31:30] [INFO] Running at [38;5;121m0.82[0m[38;5;159m FPS.[0m
[38;5;159m[Genesis] [21:31:30] [INFO] Running at [38;5;121m0.82[0m[38;5;159m FPS.[0m
[38;5;159m[Genesis] [21:31:30] [INFO] Running at [38;5;121m20.45[0m[38;5;159m FPS.[0m
[38;5;159m[Genesis] [21:31:30] [INFO] Running at [38;5;121m1.35[0m[38;5;159m FPS.[0m
[38;5;159m[Genesis] [21:31:30] [INFO] Running at [38;5;121m0.86[0m[38;5;159m FPS.[0m
[38;5;159m[Genesis] [21:31:30] [INFO] Running at [38;5;121m0.86[0m[38;5;159m FPS.[0m
[38;5;159m[Genesis] [21:31:30] [INFO] Running at [38;5;121m20.06[0m[38;5;159m FPS.[0m
[38;5;159m[Genesis] [21:31:30] [INFO] Running at [38;5;121m1.42[0m[38;5;159m FPS.[0m
[38;5;159m[Genesis] [21:31:30] [INFO] Running at [38;5;121m0.90[0m[38;5;159m FPS.[0m
[38;5;159m[Genesis] [21:31:30] [INFO] Running at [38;5;121m0.90[0m[38;5;159m FPS.[0m
[38;5;159m[Genesis] [21:31:30] [INFO] Running at [38;5;121m0.94[0m[38;5;159m FPS.[0m
[38;5;159m[Genesis] [21:31:30] [INFO] Running at [38;5;121m16.16[0m[38;5;159m FPS.[0m
[38;5;159m[Genesis] [21:31:30] [INFO] Running at [38;5;121m0.94[0m[38;5;159m FPS.[0m
[38;5;159m[Genesis] [21:31:30] [INFO] Running at [38;5;121m1.46[0m[38;5;159m FPS.[0m
[38;5;159m[Genesis] [21:31:30] [INFO] Running at [38;5;121m0.99[0m[38;5;159m FPS.[0m
[38;5;159m[Genesis] [21:31:30] [INFO] Running at [38;5;121m16.94[0m[38;5;159m FPS.[0m
[38;5;159m[Genesis] [21:31:30] [INFO] Running at [38;5;121m0.99[0m[38;5;159m FPS.[0m
[38;5;159m[Genesis] [21:31:30] [INFO] Running at [38;5;121m1.54[0m[38;5;159m FPS.[0m
[38;5;159m[Genesis] [21:31:30] [INFO] Running at [38;5;121m17.75[0m[38;5;159m FPS.[0m
[38;5;159m[Genesis] [21:31:30] [INFO] Running at [38;5;121m1.04[0m[38;5;159m FPS.[0m
[38;5;159m[Genesis] [21:31:30] [INFO] Running at [38;5;121m1.04[0m[38;5;159m FPS.[0m
[38;5;159m[Genesis] [21:31:30] [INFO] Running at [38;5;121m1.62[0m[38;5;159m FPS.[0m
[38;5;159m[Genesis] [21:31:30] [INFO] Running at [38;5;121m18.58[0m[38;5;159m FPS.[0m
[38;5;159m[Genesis] [21:31:30] [INFO] Running at [38;5;121m1.70[0m[38;5;159m FPS.[0m
[38;5;159m[Genesis] [21:31:30] [INFO] Running at [38;5;121m1.09[0m[38;5;159m FPS.[0m
[38;5;159m[Genesis] [21:31:30] [INFO] Running at [38;5;121m1.09[0m[38;5;159m FPS.[0m
[38;5;159m[Genesis] [21:31:30] [INFO] Running at [38;5;121m18.46[0m[38;5;159m FPS.[0m
[38;5;159m[Genesis] [21:31:30] [INFO] Running at [38;5;121m1.78[0m[38;5;159m FPS.[0m
[38;5;159m[Genesis] [21:31:31] [INFO] Running at [38;5;121m1.14[0m[38;5;159m FPS.[0m
[38;5;159m[Genesis] [21:31:31] [INFO] Running at [38;5;121m1.14[0m[38;5;159m FPS.[0m
[38;5;159m[Genesis] [21:31:31] [INFO] Running at [38;5;121m15.11[0m[38;5;159m FPS.[0m
[38;5;159m[Genesis] [21:31:31] [INFO] Running at [38;5;121m1.19[0m[38;5;159m FPS.[0m
[38;5;159m[Genesis] [21:31:31] [INFO] Running at [38;5;121m1.82[0m[38;5;159m FPS.[0m
[38;5;159m[Genesis] [21:31:31] [INFO] Running at [38;5;121m1.18[0m[38;5;159m FPS.[0m
[38;5;159m[Genesis] [21:31:31] [INFO] Running at [38;5;121m15.84[0m[38;5;159m FPS.[0m
[38;5;159m[Genesis] [21:31:31] [INFO] Running at [38;5;121m1.92[0m[38;5;159m FPS.[0m
[38;5;159m[Genesis] [21:31:31] [INFO] Running at [38;5;121m1.25[0m[38;5;159m FPS.[0m
[38;5;159m[Genesis] [21:31:31] [INFO] Running at [38;5;121m1.25[0m[38;5;159m FPS.[0m
[38;5;159m[Genesis] [21:31:31] [INFO] Running at [38;5;121m16.59[0m[38;5;159m FPS.[0m
[38;5;159m[Genesis] [21:31:31] [INFO] Running at [38;5;121m1.31[0m[38;5;159m FPS.[0m
[38;5;159m[Genesis] [21:31:31] [INFO] Running at [38;5;121m2.02[0m[38;5;159m FPS.[0m
[38;5;159m[Genesis] [21:31:31] [INFO] Running at [38;5;121m1.31[0m[38;5;159m FPS.[0m
[38;5;159m[Genesis] [21:31:31] [INFO] Running at [38;5;121m17.38[0m[38;5;159m FPS.[0m
[38;5;159m[Genesis] [21:31:31] [INFO] Running at [38;5;121m2.12[0m[38;5;159m FPS.[0m
[38;5;159m[Genesis] [21:31:31] [INFO] Running at [38;5;121m1.38[0m[38;5;159m FPS.[0m
[38;5;159m[Genesis] [21:31:31] [INFO] Running at [38;5;121m1.38[0m[38;5;159m FPS.[0m
[38;5;159m[Genesis] [21:31:31] [INFO] Running at [38;5;121m17.25[0m[38;5;159m FPS.[0m
[38;5;159m[Genesis] [21:31:31] [INFO] Running at [38;5;121m2.21[0m[38;5;159m FPS.[0m
[38;5;159m[Genesis] [21:31:31] [INFO] Running at [38;5;121m1.44[0m[38;5;159m FPS.[0m
[38;5;159m[Genesis] [21:31:31] [INFO] Running at [38;5;121m1.44[0m[38;5;159m FPS.[0m
[38;5;159m[Genesis] [21:31:31] [INFO] Running at [38;5;121m1.49[0m[38;5;159m FPS.[0m
[38;5;159m[Genesis] [21:31:31] [INFO] Running at [38;5;121m1.49[0m[38;5;159m FPS.[0m
[38;5;159m[Genesis] [21:31:31] [INFO] Running at [38;5;121m14.10[0m[38;5;159m FPS.[0m
[38;5;159m[Genesis] [21:31:31] [INFO] Running at [38;5;121m2.25[0m[38;5;159m FPS.[0m
[38;5;159m[Genesis] [21:31:31] [INFO] Running at [38;5;121m1.56[0m[38;5;159m FPS.[0m
[38;5;159m[Genesis] [21:31:31] [INFO] Running at [38;5;121m1.56[0m[38;5;159m FPS.[0m
[38;5;159m[Genesis] [21:31:31] [INFO] Running at [38;5;121m14.78[0m[38;5;159m FPS.[0m
[38;5;159m[Genesis] [21:31:31] [INFO] Running at [38;5;121m2.37[0m[38;5;159m FPS.[0m
[38;5;159m[Genesis] [21:31:31] [INFO] Running at [38;5;121m1.65[0m[38;5;159m FPS.[0m
[38;5;159m[Genesis] [21:31:31] [INFO] Running at [38;5;121m15.49[0m[38;5;159m FPS.[0m
[38;5;159m[Genesis] [21:31:31] [INFO] Running at [38;5;121m2.49[0m[38;5;159m FPS.[0m
[38;5;159m[Genesis] [21:31:31] [INFO] Running at [38;5;121m1.65[0m[38;5;159m FPS.[0m
[38;5;159m[Genesis] [21:31:31] [INFO] Running at [38;5;121m16.13[0m[38;5;159m FPS.[0m
[38;5;159m[Genesis] [21:31:31] [INFO] Running at [38;5;121m1.73[0m[38;5;159m FPS.[0m
[38;5;159m[Genesis] [21:31:31] [INFO] Running at [38;5;121m1.73[0m[38;5;159m FPS.[0m
[38;5;159m[Genesis] [21:31:31] [INFO] Running at [38;5;121m2.62[0m[38;5;159m FPS.[0m
[38;5;159m[Genesis] [21:31:31] [INFO] Running at [38;5;121m16.03[0m[38;5;159m FPS.[0m
[38;5;159m[Genesis] [21:31:31] [INFO] Running at [38;5;121m1.81[0m[38;5;159m FPS.[0m
[38;5;159m[Genesis] [21:31:31] [INFO] Running at [38;5;121m1.81[0m[38;5;159m FPS.[0m
[38;5;159m[Genesis] [21:31:31] [INFO] Running at [38;5;121m2.72[0m[38;5;159m FPS.[0m
[38;5;159m[Genesis] [21:31:32] [INFO] Running at [38;5;121m2.74[0m[38;5;159m FPS.[0m
[38;5;159m[Genesis] [21:31:32] [INFO] Running at [38;5;121m13.00[0m[38;5;159m FPS.[0m
[38;5;159m[Genesis] [21:31:32] [INFO] Running at [38;5;121m1.84[0m[38;5;159m FPS.[0m
[38;5;159m[Genesis] [21:31:32] [INFO] Running at [38;5;121m1.84[0m[38;5;159m FPS.[0m
[38;5;159m[Genesis] [21:31:32] [INFO] Running at [38;5;121m2.88[0m[38;5;159m FPS.[0m
[38;5;159m[Genesis] [21:31:32] [INFO] Running at [38;5;121m13.63[0m[38;5;159m FPS.[0m
[38;5;159m[Genesis] [21:31:32] [INFO] Running at [38;5;121m1.94[0m[38;5;159m FPS.[0m
[38;5;159m[Genesis] [21:31:32] [INFO] Running at [38;5;121m1.94[0m[38;5;159m FPS.[0m
[38;5;159m[Genesis] [21:31:32] [INFO] Running at [38;5;121m3.03[0m[38;5;159m FPS.[0m
[38;5;159m[Genesis] [21:31:32] [INFO] Running at [38;5;121m14.29[0m[38;5;159m FPS.[0m
[38;5;159m[Genesis] [21:31:32] [INFO] Running at [38;5;121m2.04[0m[38;5;159m FPS.[0m
[38;5;159m[Genesis] [21:31:32] [INFO] Running at [38;5;121m2.04[0m[38;5;159m FPS.[0m
[38;5;159m[Genesis] [21:31:32] [INFO] Running at [38;5;121m14.94[0m[38;5;159m FPS.[0m
[38;5;159m[Genesis] [21:31:32] [INFO] Running at [38;5;121m3.18[0m[38;5;159m FPS.[0m
[38;5;159m[Genesis] [21:31:32] [INFO] Running at [38;5;121m2.14[0m[38;5;159m FPS.[0m
[38;5;159m[Genesis] [21:31:32] [INFO] Running at [38;5;121m2.14[0m[38;5;159m FPS.[0m
[38;5;159m[Genesis] [21:31:32] [INFO] Running at [38;5;121m14.82[0m[38;5;159m FPS.[0m
[38;5;159m[Genesis] [21:31:32] [INFO] Running at [38;5;121m3.31[0m[38;5;159m FPS.[0m
[38;5;159m[Genesis] [21:31:32] [INFO] Running at [38;5;121m2.24[0m[38;5;159m FPS.[0m
[38;5;159m[Genesis] [21:31:32] [INFO] Running at [38;5;121m2.23[0m[38;5;159m FPS.[0m
[38;5;159m[Genesis] [21:31:32] [INFO] Running at [38;5;121m12.31[0m[38;5;159m FPS.[0m
[38;5;159m[Genesis] [21:31:32] [INFO] Running at [38;5;121m3.28[0m[38;5;159m FPS.[0m
[38;5;159m[Genesis] [21:31:32] [INFO] Running at [38;5;121m2.27[0m[38;5;159m FPS.[0m
[38;5;159m[Genesis] [21:31:32] [INFO] Running at [38;5;121m2.26[0m[38;5;159m FPS.[0m
[38;5;159m[Genesis] [21:31:32] [INFO] Running at [38;5;121m12.91[0m[38;5;159m FPS.[0m
[38;5;159m[Genesis] [21:31:32] [INFO] Running at [38;5;121m2.38[0m[38;5;159m FPS.[0m
[38;5;159m[Genesis] [21:31:32] [INFO] Running at [38;5;121m3.45[0m[38;5;159m FPS.[0m
[38;5;159m[Genesis] [21:31:32] [INFO] Running at [38;5;121m2.38[0m[38;5;159m FPS.[0m
[38;5;159m[Genesis] [21:31:32] [INFO] Running at [38;5;121m13.54[0m[38;5;159m FPS.[0m
[38;5;159m[Genesis] [21:31:32] [INFO] Running at [38;5;121m2.51[0m[38;5;159m FPS.[0m
[38;5;159m[Genesis] [21:31:32] [INFO] Running at [38;5;121m3.63[0m[38;5;159m FPS.[0m
[38;5;159m[Genesis] [21:31:32] [INFO] Running at [38;5;121m2.51[0m[38;5;159m FPS.[0m
[38;5;159m[Genesis] [21:31:32] [INFO] Running at [38;5;121m2.63[0m[38;5;159m FPS.[0m
[38;5;159m[Genesis] [21:31:32] [INFO] Running at [38;5;121m14.05[0m[38;5;159m FPS.[0m
[38;5;159m[Genesis] [21:31:32] [INFO] Running at [38;5;121m3.81[0m[38;5;159m FPS.[0m
[38;5;159m[Genesis] [21:31:32] [INFO] Running at [38;5;121m2.63[0m[38;5;159m FPS.[0m
[38;5;159m[Genesis] [21:31:32] [INFO] Running at [38;5;121m2.74[0m[38;5;159m FPS.[0m
[38;5;159m[Genesis] [21:31:32] [INFO] Running at [38;5;121m2.74[0m[38;5;159m FPS.[0m
[38;5;159m[Genesis] [21:31:32] [INFO] Running at [38;5;121m13.79[0m[38;5;159m FPS.[0m
[38;5;159m[Genesis] [21:31:32] [INFO] Running at [38;5;121m3.93[0m[38;5;159m FPS.[0m
[38;5;159m[Genesis] [21:31:32] [INFO] Running at [38;5;121m11.93[0m[38;5;159m FPS.[0m
[38;5;159m[Genesis] [21:31:32] [INFO] Running at [38;5;121m3.90[0m[38;5;159m FPS.[0m
[38;5;159m[Genesis] [21:31:32] [INFO] Running at [38;5;121m2.76[0m[38;5;159m FPS.[0m
[38;5;159m[Genesis] [21:31:32] [INFO] Running at [38;5;121m2.76[0m[38;5;159m FPS.[0m
[38;5;159m[Genesis] [21:31:33] [INFO] Running at [38;5;121m12.52[0m[38;5;159m FPS.[0m
[38;5;159m[Genesis] [21:31:33] [INFO] Running at [38;5;121m2.90[0m[38;5;159m FPS.[0m
[38;5;159m[Genesis] [21:31:33] [INFO] Running at [38;5;121m4.10[0m[38;5;159m FPS.[0m
[38;5;159m[Genesis] [21:31:33] [INFO] Running at [38;5;121m2.90[0m[38;5;159m FPS.[0m
[38;5;159m[Genesis] [21:31:33] [INFO] Running at [38;5;121m13.12[0m[38;5;159m FPS.[0m
[38;5;159m[Genesis] [21:31:33] [INFO] Running at [38;5;121m3.05[0m[38;5;159m FPS.[0m
[38;5;159m[Genesis] [21:31:33] [INFO] Running at [38;5;121m4.31[0m[38;5;159m FPS.[0m
[38;5;159m[Genesis] [21:31:33] [INFO] Running at [38;5;121m3.05[0m[38;5;159m FPS.[0m
[38;5;159m[Genesis] [21:31:33] [INFO] Running at [38;5;121m3.20[0m[38;5;159m FPS.[0m
[38;5;159m[Genesis] [21:31:33] [INFO] Running at [38;5;121m13.64[0m[38;5;159m FPS.[0m
[38;5;159m[Genesis] [21:31:33] [INFO] Running at [38;5;121m4.52[0m[38;5;159m FPS.[0m
[38;5;159m[Genesis] [21:31:33] [INFO] Running at [38;5;121m3.20[0m[38;5;159m FPS.[0m
[38;5;159m[Genesis] [21:31:33] [INFO] Running at [38;5;121m13.60[0m[38;5;159m FPS.[0m
[38;5;159m[Genesis] [21:31:33] [INFO] Running at [38;5;121m3.33[0m[38;5;159m FPS.[0m
[38;5;159m[Genesis] [21:31:33] [INFO] Running at [38;5;121m3.32[0m[38;5;159m FPS.[0m
[38;5;159m[Genesis] [21:31:33] [INFO] Running at [38;5;121m4.64[0m[38;5;159m FPS.[0m
[38;5;159m[Genesis] [21:31:33] [INFO] Running at [38;5;121m4.55[0m[38;5;159m FPS.[0m
[38;5;159m[Genesis] [21:31:33] [INFO] Running at [38;5;121m3.31[0m[38;5;159m FPS.[0m
[38;5;159m[Genesis] [21:31:33] [INFO] Running at [38;5;121m11.60[0m[38;5;159m FPS.[0m
[38;5;159m[Genesis] [21:31:33] [INFO] Running at [38;5;121m3.31[0m[38;5;159m FPS.[0m
[38;5;159m[Genesis] [21:31:33] [INFO] Running at [38;5;121m3.48[0m[38;5;159m FPS.[0m
[38;5;159m[Genesis] [21:31:33] [INFO] Running at [38;5;121m12.17[0m[38;5;159m FPS.[0m
[38;5;159m[Genesis] [21:31:33] [INFO] Running at [38;5;121m4.78[0m[38;5;159m FPS.[0m
[38;5;159m[Genesis] [21:31:33] [INFO] Running at [38;5;121m3.48[0m[38;5;159m FPS.[0m
[38;5;159m[Genesis] [21:31:33] [INFO] Running at [38;5;121m12.76[0m[38;5;159m FPS.[0m
[38;5;159m[Genesis] [21:31:33] [INFO] Running at [38;5;121m3.66[0m[38;5;159m FPS.[0m
[38;5;159m[Genesis] [21:31:33] [INFO] Running at [38;5;121m5.03[0m[38;5;159m FPS.[0m
[38;5;159m[Genesis] [21:31:33] [INFO] Running at [38;5;121m3.66[0m[38;5;159m FPS.[0m
[38;5;159m[Genesis] [21:31:33] [INFO] Running at [38;5;121m3.84[0m[38;5;159m FPS.[0m
[38;5;159m[Genesis] [21:31:33] [INFO] Running at [38;5;121m13.28[0m[38;5;159m FPS.[0m
[38;5;159m[Genesis] [21:31:33] [INFO] Running at [38;5;121m5.27[0m[38;5;159m FPS.[0m
[38;5;159m[Genesis] [21:31:33] [INFO] Running at [38;5;121m3.84[0m[38;5;159m FPS.[0m
[38;5;159m[Genesis] [21:31:33] [INFO] Running at [38;5;121m3.99[0m[38;5;159m FPS.[0m
[38;5;159m[Genesis] [21:31:33] [INFO] Running at [38;5;121m3.98[0m[38;5;159m FPS.[0m
[38;5;159m[Genesis] [21:31:33] [INFO] Running at [38;5;121m13.26[0m[38;5;159m FPS.[0m
[38;5;159m[Genesis] [21:31:33] [INFO] Running at [38;5;121m5.41[0m[38;5;159m FPS.[0m
[38;5;159m[Genesis] [21:31:33] [INFO] Running at [38;5;121m5.25[0m[38;5;159m FPS.[0m
[38;5;159m[Genesis] [21:31:33] [INFO] Running at [38;5;121m11.45[0m[38;5;159m FPS.[0m
[38;5;159m[Genesis] [21:31:33] [INFO] Running at [38;5;121m3.93[0m[38;5;159m FPS.[0m
[38;5;159m[Genesis] [21:31:33] [INFO] Running at [38;5;121m3.93[0m[38;5;159m FPS.[0m
[38;5;159m[Genesis] [21:31:33] [INFO] Running at [38;5;121m4.14[0m[38;5;159m FPS.[0m
[38;5;159m[Genesis] [21:31:33] [INFO] Running at [38;5;121m12.01[0m[38;5;159m FPS.[0m
[38;5;159m[Genesis] [21:31:33] [INFO] Running at [38;5;121m5.51[0m[38;5;159m FPS.[0m
[38;5;159m[Genesis] [21:31:33] [INFO] Running at [38;5;121m4.13[0m[38;5;159m FPS.[0m
[38;5;159m[Genesis] [21:31:33] [INFO] Running at [38;5;121m12.59[0m[38;5;159m FPS.[0m
[38;5;159m[Genesis] [21:31:33] [INFO] Running at [38;5;121m4.35[0m[38;5;159m FPS.[0m
[38;5;159m[Genesis] [21:31:33] [INFO] Running at [38;5;121m5.79[0m[38;5;159m FPS.[0m
[38;5;159m[Genesis] [21:31:33] [INFO] Running at [38;5;121m4.35[0m[38;5;159m FPS.[0m
[38;5;159m[Genesis] [21:31:33] [INFO] Running at [38;5;121m4.56[0m[38;5;159m FPS.[0m
[38;5;159m[Genesis] [21:31:33] [INFO] Running at [38;5;121m4.56[0m[38;5;159m FPS.[0m
[38;5;159m[Genesis] [21:31:33] [INFO] Running at [38;5;121m13.12[0m[38;5;159m FPS.[0m
[38;5;159m[Genesis] [21:31:33] [INFO] Running at [38;5;121m6.06[0m[38;5;159m FPS.[0m
[38;5;159m[Genesis] [21:31:33] [INFO] Running at [38;5;121m4.72[0m[38;5;159m FPS.[0m
[38;5;159m[Genesis] [21:31:33] [INFO] Running at [38;5;121m4.71[0m[38;5;159m FPS.[0m
[38;5;159m[Genesis] [21:31:33] [INFO] Running at [38;5;121m12.95[0m[38;5;159m FPS.[0m
[38;5;159m[Genesis] [21:31:33] [INFO] Running at [38;5;121m6.18[0m[38;5;159m FPS.[0m
[38;5;159m[Genesis] [21:31:34] [INFO] Running at [38;5;121m5.96[0m[38;5;159m FPS.[0m
[38;5;159m[Genesis] [21:31:34] [INFO] Running at [38;5;121m11.38[0m[38;5;159m FPS.[0m
[38;5;159m[Genesis] [21:31:34] [INFO] Running at [38;5;121m4.61[0m[38;5;159m FPS.[0m
[38;5;159m[Genesis] [21:31:34] [INFO] Running at [38;5;121m4.61[0m[38;5;159m FPS.[0m
[38;5;159m[Genesis] [21:31:34] [INFO] Running at [38;5;121m6.26[0m[38;5;159m FPS.[0m
[38;5;159m[Genesis] [21:31:34] [INFO] Running at [38;5;121m11.94[0m[38;5;159m FPS.[0m
[38;5;159m[Genesis] [21:31:34] [INFO] Running at [38;5;121m4.85[0m[38;5;159m FPS.[0m
[38;5;159m[Genesis] [21:31:34] [INFO] Running at [38;5;121m4.84[0m[38;5;159m FPS.[0m
[38;5;159m[Genesis] [21:31:34] [INFO] Running at [38;5;121m12.53[0m[38;5;159m FPS.[0m
[38;5;159m[Genesis] [21:31:34] [INFO] Running at [38;5;121m6.58[0m[38;5;159m FPS.[0m
[38;5;159m[Genesis] [21:31:34] [INFO] Running at [38;5;121m5.09[0m[38;5;159m FPS.[0m
[38;5;159m[Genesis] [21:31:34] [INFO] Running at [38;5;121m5.09[0m[38;5;159m FPS.[0m
[38;5;159m[Genesis] [21:31:34] [INFO] Running at [38;5;121m13.09[0m[38;5;159m FPS.[0m
[38;5;159m[Genesis] [21:31:34] [INFO] Running at [38;5;121m5.34[0m[38;5;159m FPS.[0m
[38;5;159m[Genesis] [21:31:34] [INFO] Running at [38;5;121m5.33[0m[38;5;159m FPS.[0m
[38;5;159m[Genesis] [21:31:34] [INFO] Running at [38;5;121m6.88[0m[38;5;159m FPS.[0m
[38;5;159m[Genesis] [21:31:34] [INFO] Running at [38;5;121m13.15[0m[38;5;159m FPS.[0m
[38;5;159m[Genesis] [21:31:34] [INFO] Running at [38;5;121m5.51[0m[38;5;159m FPS.[0m
[38;5;159m[Genesis] [21:31:34] [INFO] Running at [38;5;121m5.51[0m[38;5;159m FPS.[0m
[38;5;159m[Genesis] [21:31:34] [INFO] Running at [38;5;121m7.02[0m[38;5;159m FPS.[0m
[38;5;159m[Genesis] [21:31:34] [INFO] Running at [38;5;121m11.56[0m[38;5;159m FPS.[0m
[38;5;159m[Genesis] [21:31:34] [INFO] Running at [38;5;121m6.75[0m[38;5;159m FPS.[0m
[38;5;159m[Genesis] [21:31:34] [INFO] Running at [38;5;121m5.37[0m[38;5;159m FPS.[0m
[38;5;159m[Genesis] [21:31:34] [INFO] Running at [38;5;121m5.36[0m[38;5;159m FPS.[0m
[38;5;159m[Genesis] [21:31:34] [INFO] Running at [38;5;121m12.13[0m[38;5;159m FPS.[0m
[38;5;159m[Genesis] [21:31:34] [INFO] Running at [38;5;121m5.64[0m[38;5;159m FPS.[0m
[38;5;159m[Genesis] [21:31:34] [INFO] Running at [38;5;121m7.09[0m[38;5;159m FPS.[0m
[38;5;159m[Genesis] [21:31:34] [INFO] Running at [38;5;121m5.64[0m[38;5;159m FPS.[0m
[38;5;159m[Genesis] [21:31:34] [INFO] Running at [38;5;121m12.72[0m[38;5;159m FPS.[0m
[38;5;159m[Genesis] [21:31:34] [INFO] Running at [38;5;121m5.93[0m[38;5;159m FPS.[0m
[38;5;159m[Genesis] [21:31:34] [INFO] Running at [38;5;121m7.44[0m[38;5;159m FPS.[0m
[38;5;159m[Genesis] [21:31:34] [INFO] Running at [38;5;121m5.92[0m[38;5;159m FPS.[0m
[38;5;159m[Genesis] [21:31:34] [INFO] Running at [38;5;121m6.23[0m[38;5;159m FPS.[0m
[38;5;159m[Genesis] [21:31:34] [INFO] Running at [38;5;121m6.21[0m[38;5;159m FPS.[0m
[38;5;159m[Genesis] [21:31:34] [INFO] Running at [38;5;121m13.25[0m[38;5;159m FPS.[0m
[38;5;159m[Genesis] [21:31:34] [INFO] Running at [38;5;121m7.78[0m[38;5;159m FPS.[0m
[38;5;159m[Genesis] [21:31:34] [INFO] Running at [38;5;121m6.41[0m[38;5;159m FPS.[0m
[38;5;159m[Genesis] [21:31:34] [INFO] Running at [38;5;121m6.39[0m[38;5;159m FPS.[0m
[38;5;159m[Genesis] [21:31:34] [INFO] Running at [38;5;121m13.30[0m[38;5;159m FPS.[0m
[38;5;159m[Genesis] [21:31:34] [INFO] Running at [38;5;121m7.94[0m[38;5;159m FPS.[0m
[38;5;159m[Genesis] [21:31:35] [INFO] Running at [38;5;121m7.54[0m[38;5;159m FPS.[0m
[38;5;159m[Genesis] [21:31:35] [INFO] Running at [38;5;121m11.77[0m[38;5;159m FPS.[0m
[38;5;159m[Genesis] [21:31:35] [INFO] Running at [38;5;121m6.16[0m[38;5;159m FPS.[0m
[38;5;159m[Genesis] [21:31:35] [INFO] Running at [38;5;121m6.16[0m[38;5;159m FPS.[0m
[38;5;159m[Genesis] [21:31:35] [INFO] Running at [38;5;121m7.91[0m[38;5;159m FPS.[0m
[38;5;159m[Genesis] [21:31:35] [INFO] Running at [38;5;121m12.34[0m[38;5;159m FPS.[0m
[38;5;159m[Genesis] [21:31:35] [INFO] Running at [38;5;121m6.47[0m[38;5;159m FPS.[0m
[38;5;159m[Genesis] [21:31:35] [INFO] Running at [38;5;121m6.47[0m[38;5;159m FPS.[0m
[38;5;159m[Genesis] [21:31:35] [INFO] Running at [38;5;121m12.94[0m[38;5;159m FPS.[0m
[38;5;159m[Genesis] [21:31:35] [INFO] Running at [38;5;121m8.31[0m[38;5;159m FPS.[0m
[38;5;159m[Genesis] [21:31:35] [INFO] Running at [38;5;121m6.80[0m[38;5;159m FPS.[0m
[38;5;159m[Genesis] [21:31:35] [INFO] Running at [38;5;121m6.80[0m[38;5;159m FPS.[0m
[38;5;159m[Genesis] [21:31:35] [INFO] Running at [38;5;121m8.71[0m[38;5;159m FPS.[0m
[38;5;159m[Genesis] [21:31:35] [INFO] Running at [38;5;121m7.13[0m[38;5;159m FPS.[0m
[38;5;159m[Genesis] [21:31:35] [INFO] Running at [38;5;121m7.12[0m[38;5;159m FPS.[0m
[38;5;159m[Genesis] [21:31:35] [INFO] Running at [38;5;121m13.49[0m[38;5;159m FPS.[0m
[38;5;159m[Genesis] [21:31:35] [INFO] Running at [38;5;121m7.31[0m[38;5;159m FPS.[0m
[38;5;159m[Genesis] [21:31:35] [INFO] Running at [38;5;121m7.31[0m[38;5;159m FPS.[0m
[38;5;159m[Genesis] [21:31:35] [INFO] Running at [38;5;121m13.45[0m[38;5;159m FPS.[0m
[38;5;159m[Genesis] [21:31:35] [INFO] Running at [38;5;121m8.82[0m[38;5;159m FPS.[0m
[38;5;159m[Genesis] [21:31:35] [INFO] Running at [38;5;121m8.17[0m[38;5;159m FPS.[0m
[38;5;159m[Genesis] [21:31:35] [INFO] Running at [38;5;121m11.70[0m[38;5;159m FPS.[0m
[38;5;159m[Genesis] [21:31:35] [INFO] Running at [38;5;121m6.88[0m[38;5;159m FPS.[0m
[38;5;159m[Genesis] [21:31:35] [INFO] Running at [38;5;121m6.88[0m[38;5;159m FPS.[0m
[38;5;159m[Genesis] [21:31:35] [INFO] Running at [38;5;121m8.58[0m[38;5;159m FPS.[0m
[38;5;159m[Genesis] [21:31:35] [INFO] Running at [38;5;121m12.27[0m[38;5;159m FPS.[0m
[38;5;159m[Genesis] [21:31:35] [INFO] Running at [38;5;121m7.22[0m[38;5;159m FPS.[0m
[38;5;159m[Genesis] [21:31:35] [INFO] Running at [38;5;121m7.22[0m[38;5;159m FPS.[0m
[38;5;159m[Genesis] [21:31:35] [INFO] Running at [38;5;121m12.87[0m[38;5;159m FPS.[0m
[38;5;159m[Genesis] [21:31:35] [INFO] Running at [38;5;121m9.00[0m[38;5;159m FPS.[0m
[38;5;159m[Genesis] [21:31:35] [INFO] Running at [38;5;121m7.59[0m[38;5;159m FPS.[0m
[38;5;159m[Genesis] [21:31:35] [INFO] Running at [38;5;121m7.59[0m[38;5;159m FPS.[0m
[38;5;159m[Genesis] [21:31:35] [INFO] Running at [38;5;121m7.97[0m[38;5;159m FPS.[0m
[38;5;159m[Genesis] [21:31:35] [INFO] Running at [38;5;121m9.44[0m[38;5;159m FPS.[0m
[38;5;159m[Genesis] [21:31:35] [INFO] Running at [38;5;121m7.95[0m[38;5;159m FPS.[0m
[38;5;159m[Genesis] [21:31:35] [INFO] Running at [38;5;121m13.32[0m[38;5;159m FPS.[0m
[38;5;159m[Genesis] [21:31:35] [INFO] Running at [38;5;121m8.15[0m[38;5;159m FPS.[0m
[38;5;159m[Genesis] [21:31:35] [INFO] Running at [38;5;121m8.13[0m[38;5;159m FPS.[0m
[38;5;159m[Genesis] [21:31:35] [INFO] Running at [38;5;121m13.37[0m[38;5;159m FPS.[0m
[38;5;159m[Genesis] [21:31:35] [INFO] Running at [38;5;121m9.52[0m[38;5;159m FPS.[0m
[38;5;159m[Genesis] [21:31:35] [INFO] Running at [38;5;121m11.90[0m[38;5;159m FPS.[0m
[38;5;159m[Genesis] [21:31:35] [INFO] Running at [38;5;121m8.87[0m[38;5;159m FPS.[0m
[38;5;159m[Genesis] [21:31:35] [INFO] Running at [38;5;121m7.66[0m[38;5;159m FPS.[0m
[38;5;159m[Genesis] [21:31:35] [INFO] Running at [38;5;121m7.66[0m[38;5;159m FPS.[0m
[38;5;159m[Genesis] [21:31:35] [INFO] Running at [38;5;121m12.48[0m[38;5;159m FPS.[0m
[38;5;159m[Genesis] [21:31:35] [INFO] Running at [38;5;121m9.32[0m[38;5;159m FPS.[0m
[38;5;159m[Genesis] [21:31:35] [INFO] Running at [38;5;121m8.05[0m[38;5;159m FPS.[0m
[38;5;159m[Genesis] [21:31:35] [INFO] Running at [38;5;121m8.05[0m[38;5;159m FPS.[0m
[38;5;159m[Genesis] [21:31:35] [INFO] Running at [38;5;121m13.09[0m[38;5;159m FPS.[0m
[38;5;159m[Genesis] [21:31:35] [INFO] Running at [38;5;121m9.78[0m[38;5;159m FPS.[0m
[38;5;159m[Genesis] [21:31:35] [INFO] Running at [38;5;121m8.45[0m[38;5;159m FPS.[0m
[38;5;159m[Genesis] [21:31:35] [INFO] Running at [38;5;121m8.45[0m[38;5;159m FPS.[0m
[38;5;159m[Genesis] [21:31:35] [INFO] Running at [38;5;121m13.68[0m[38;5;159m FPS.[0m
[38;5;159m[Genesis] [21:31:35] [INFO] Running at [38;5;121m10.23[0m[38;5;159m FPS.[0m
[38;5;159m[Genesis] [21:31:35] [INFO] Running at [38;5;121m8.84[0m[38;5;159m FPS.[0m
[38;5;159m[Genesis] [21:31:35] [INFO] Running at [38;5;121m8.83[0m[38;5;159m FPS.[0m
[38;5;159m[Genesis] [21:31:35] [INFO] Running at [38;5;121m10.38[0m[38;5;159m FPS.[0m
[38;5;159m[Genesis] [21:31:35] [INFO] Running at [38;5;121m9.02[0m[38;5;159m FPS.[0m
[38;5;159m[Genesis] [21:31:35] [INFO] Running at [38;5;121m13.63[0m[38;5;159m FPS.[0m
[38;5;159m[Genesis] [21:31:35] [INFO] Running at [38;5;121m8.97[0m[38;5;159m FPS.[0m
[38;5;159m[Genesis] [21:31:36] [INFO] Scene [38;5;121m[3m<cd0f5d3>[0m[38;5;159m created.[0m
[38;5;159m[Genesis] [21:31:36] [INFO] Adding [38;5;121m<gs.RigidEntity>[0m[38;5;159m. idx: [38;5;121m0[0m[38;5;159m, uid: [38;5;121m[3m<b21d8cd>[0m[38;5;159m, morph: [38;5;121m<gs.morphs.Plane>[0m[38;5;159m, material: [38;5;121m<gs.materials.Rigid>[0m[38;5;159m.[0m
[38;5;159m[Genesis] [21:31:36] [INFO] Adding [38;5;121m<gs.RigidEntity>[0m[38;5;159m. idx: [38;5;121m1[0m[38;5;159m, uid: [38;5;121m[3m<74e5923>[0m[38;5;159m, morph: [38;5;121m<gs.morphs.URDF(file='/home/jkoba/SynologyDrive/genesis_humanoid_rl/assets/robots/g1/g1_29dof.urdf')>[0m[38;5;159m, material: [38;5;121m<gs.materials.Rigid>[0m[38;5;159m.[0m
[38;5;159m[Genesis] [21:31:37] [INFO] Building scene [38;5;121m[3m<cd0f5d3>[0m[38;5;159m...[0m
[38;5;159m[Genesis] [21:31:46] [INFO] Compiling simulation kernels...[0m
[38;5;159m[Genesis] [21:32:20] [INFO] Building visualizer...[0m
[38;5;159m[Genesis] [21:32:20] [INFO] Running at [38;5;121m143.33[0m[38;5;159m FPS.[0m
[38;5;159m[Genesis] [21:32:20] [INFO] Running at [38;5;121m145.63[0m[38;5;159m FPS.[0m
[38;5;159m[Genesis] [21:32:20] [INFO] Running at [38;5;121m147.79[0m[38;5;159m FPS.[0m
[38;5;159m[Genesis] [21:32:20] [INFO] Running at [38;5;121m149.99[0m[38;5;159m FPS.[0m
[38;5;159m[Genesis] [21:32:20] [INFO] Running at [38;5;121m152.09[0m[38;5;159m FPS.[0m
[38;5;159m[Genesis] [21:32:20] [INFO] Running at [38;5;121m154.22[0m[38;5;159m FPS.[0m
[38;5;159m[Genesis] [21:32:20] [INFO] Running at [38;5;121m150.44[0m[38;5;159m FPS.[0m
[38;5;159m[Genesis] [21:32:20] [INFO] Running at [38;5;121m146.16[0m[38;5;159m FPS.[0m
[38;5;159m[Genesis] [21:32:21] [INFO] Running at [38;5;121m142.29[0m[38;5;159m FPS.[0m
[38;5;159m[Genesis] [21:32:21] [INFO] Running at [38;5;121m138.81[0m[38;5;159m FPS.[0m
[38;5;159m[Genesis] [21:32:21] [INFO] Running at [38;5;121m0.43[0m[38;5;159m FPS.[0m
[38;5;159m[Genesis] [21:32:21] [INFO] Running at [38;5;121m0.42[0m[38;5;159m FPS.[0m
[38;5;159m[Genesis] [21:32:21] [INFO] Running at [38;5;121m0.42[0m[38;5;159m FPS.[0m
[38;5;159m[Genesis] [21:32:21] [INFO] Running at [38;5;121m0.45[0m[38;5;159m FPS.[0m
[38;5;159m[Genesis] [21:32:21] [INFO] Running at [38;5;121m0.45[0m[38;5;159m FPS.[0m
[38;5;159m[Genesis] [21:32:21] [INFO] Running at [38;5;121m0.44[0m[38;5;159m FPS.[0m
[38;5;159m[Genesis] [21:32:21] [INFO] Running at [38;5;121m0.47[0m[38;5;159m FPS.[0m
[38;5;159m[Genesis] [21:32:21] [INFO] Running at [38;5;121m0.47[0m[38;5;159m FPS.[0m
[38;5;159m[Genesis] [21:32:21] [INFO] Running at [38;5;121m0.47[0m[38;5;159m FPS.[0m
[38;5;159m[Genesis] [21:32:21] [INFO] Running at [38;5;121m0.50[0m[38;5;159m FPS.[0m
[38;5;159m[Genesis] [21:32:21] [INFO] Running at [38;5;121m0.49[0m[38;5;159m FPS.[0m
[38;5;159m[Genesis] [21:32:21] [INFO] Running at [38;5;121m0.49[0m[38;5;159m FPS.[0m
[38;5;159m[Genesis] [21:32:21] [INFO] Running at [38;5;121m57.68[0m[38;5;159m FPS.[0m
[38;5;159m[Genesis] [21:32:21] [INFO] Running at [38;5;121m59.79[0m[38;5;159m FPS.[0m
[38;5;159m[Genesis] [21:32:21] [INFO] Running at [38;5;121m61.94[0m[38;5;159m FPS.[0m
[38;5;159m[Genesis] [21:32:21] [INFO] Running at [38;5;121m64.14[0m[38;5;159m FPS.[0m
[38;5;159m[Genesis] [21:32:21] [INFO] Running at [38;5;121m0.52[0m[38;5;159m FPS.[0m
[38;5;159m[Genesis] [21:32:21] [INFO] Running at [38;5;121m0.52[0m[38;5;159m FPS.[0m
[38;5;159m[Genesis] [21:32:21] [INFO] Running at [38;5;121m0.52[0m[38;5;159m FPS.[0m
[38;5;159m[Genesis] [21:32:21] [INFO] Running at [38;5;121m59.61[0m[38;5;159m FPS.[0m
[38;5;159m[Genesis] [21:32:21] [INFO] Running at [38;5;121m0.55[0m[38;5;159m FPS.[0m
[38;5;159m[Genesis] [21:32:21] [INFO] Running at [38;5;121m0.54[0m[38;5;159m FPS.[0m
[38;5;159m[Genesis] [21:32:21] [INFO] Running at [38;5;121m0.54[0m[38;5;159m FPS.[0m
[38;5;159m[Genesis] [21:32:21] [INFO] Running at [38;5;121m36.02[0m[38;5;159m FPS.[0m
[38;5;159m[Genesis] [21:32:21] [INFO] Running at [38;5;121m0.58[0m[38;5;159m FPS.[0m
[38;5;159m[Genesis] [21:32:21] [INFO] Running at [38;5;121m0.57[0m[38;5;159m FPS.[0m
[38;5;159m[Genesis] [21:32:21] [INFO] Running at [38;5;121m0.57[0m[38;5;159m FPS.[0m
[38;5;159m[Genesis] [21:32:21] [INFO] Running at [38;5;121m37.56[0m[38;5;159m FPS.[0m
[38;5;159m[Genesis] [21:32:21] [INFO] Running at [38;5;121m0.61[0m[38;5;159m FPS.[0m
[38;5;159m[Genesis] [21:32:21] [INFO] Running at [38;5;121m0.60[0m[38;5;159m FPS.[0m
[38;5;159m[Genesis] [21:32:21] [INFO] Running at [38;5;121m0.60[0m[38;5;159m FPS.[0m
[38;5;159m[Genesis] [21:32:21] [INFO] Running at [38;5;121m39.13[0m[38;5;159m FPS.[0m
[38;5;159m[Genesis] [21:32:21] [INFO] Running at [38;5;121m40.76[0m[38;5;159m FPS.[0m
[38;5;159m[Genesis] [21:32:21] [INFO] Running at [38;5;121m0.63[0m[38;5;159m FPS.[0m
[38;5;159m[Genesis] [21:32:21] [INFO] Running at [38;5;121m0.63[0m[38;5;159m FPS.[0m
[38;5;159m[Genesis] [21:32:21] [INFO] Running at [38;5;121m0.64[0m[38;5;159m FPS.[0m
[38;5;159m[Genesis] [21:32:21] [INFO] Running at [38;5;121m39.60[0m[38;5;159m FPS.[0m
[38;5;159m[Genesis] [21:32:21] [INFO] Running at [38;5;121m0.66[0m[38;5;159m FPS.[0m
[38;5;159m[Genesis] [21:32:21] [INFO] Running at [38;5;121m0.67[0m[38;5;159m FPS.[0m
[38;5;159m[Genesis] [21:32:21] [INFO] Running at [38;5;121m0.67[0m[38;5;159m FPS.[0m
[38;5;159m[Genesis] [21:32:21] [INFO] Running at [38;5;121m0.70[0m[38;5;159m FPS.[0m
[38;5;159m[Genesis] [21:32:21] [INFO] Running at [38;5;121m0.70[0m[38;5;159m FPS.[0m
[38;5;159m[Genesis] [21:32:21] [INFO] Running at [38;5;121m0.69[0m[38;5;159m FPS.[0m
[38;5;159m[Genesis] [21:32:21] [INFO] Running at [38;5;121m27.44[0m[38;5;159m FPS.[0m
[38;5;159m[Genesis] [21:32:21] [INFO] Running at [38;5;121m0.74[0m[38;5;159m FPS.[0m
[38;5;159m[Genesis] [21:32:21] [INFO] Running at [38;5;121m0.73[0m[38;5;159m FPS.[0m
[38;5;159m[Genesis] [21:32:21] [INFO] Running at [38;5;121m0.73[0m[38;5;159m FPS.[0m
[38;5;159m[Genesis] [21:32:21] [INFO] Running at [38;5;121m28.68[0m[38;5;159m FPS.[0m
[38;5;159m[Genesis] [21:32:21] [INFO] Running at [38;5;121m0.78[0m[38;5;159m FPS.[0m
[38;5;159m[Genesis] [21:32:21] [INFO] Running at [38;5;121m0.77[0m[38;5;159m FPS.[0m
[38;5;159m[Genesis] [21:32:21] [INFO] Running at [38;5;121m0.77[0m[38;5;159m FPS.[0m
[38;5;159m[Genesis] [21:32:21] [INFO] Running at [38;5;121m29.96[0m[38;5;159m FPS.[0m
[38;5;159m[Genesis] [21:32:21] [INFO] Running at [38;5;121m0.81[0m[38;5;159m FPS.[0m
[38;5;159m[Genesis] [21:32:21] [INFO] Running at [38;5;121m31.29[0m[38;5;159m FPS.[0m
[38;5;159m[Genesis] [21:32:21] [INFO] Running at [38;5;121m0.81[0m[38;5;159m FPS.[0m
[38;5;159m[Genesis] [21:32:21] [INFO] Running at [38;5;121m0.82[0m[38;5;159m FPS.[0m
[38;5;159m[Genesis] [21:32:21] [INFO] Running at [38;5;121m31.05[0m[38;5;159m FPS.[0m
[38;5;159m[Genesis] [21:32:21] [INFO] Running at [38;5;121m0.85[0m[38;5;159m FPS.[0m
[38;5;159m[Genesis] [21:32:21] [INFO] Running at [38;5;121m0.85[0m[38;5;159m FPS.[0m
[38;5;159m[Genesis] [21:32:21] [INFO] Running at [38;5;121m0.86[0m[38;5;159m FPS.[0m
[38;5;159m[Genesis] [21:32:22] [INFO] Running at [38;5;121m0.88[0m[38;5;159m FPS.[0m
[38;5;159m[Genesis] [21:32:22] [INFO] Running at [38;5;121m0.89[0m[38;5;159m FPS.[0m
[38;5;159m[Genesis] [21:32:22] [INFO] Running at [38;5;121m23.17[0m[38;5;159m FPS.[0m
[38;5;159m[Genesis] [21:32:22] [INFO] Running at [38;5;121m0.89[0m[38;5;159m FPS.[0m
[38;5;159m[Genesis] [21:32:22] [INFO] Running at [38;5;121m0.94[0m[38;5;159m FPS.[0m
[38;5;159m[Genesis] [21:32:22] [INFO] Running at [38;5;121m0.93[0m[38;5;159m FPS.[0m
[38;5;159m[Genesis] [21:32:22] [INFO] Running at [38;5;121m24.24[0m[38;5;159m FPS.[0m
[38;5;159m[Genesis] [21:32:22] [INFO] Running at [38;5;121m0.93[0m[38;5;159m FPS.[0m
[38;5;159m[Genesis] [21:32:22] [INFO] Running at [38;5;121m0.99[0m[38;5;159m FPS.[0m
[38;5;159m[Genesis] [21:32:22] [INFO] Running at [38;5;121m0.98[0m[38;5;159m FPS.[0m
[38;5;159m[Genesis] [21:32:22] [INFO] Running at [38;5;121m0.98[0m[38;5;159m FPS.[0m
[38;5;159m[Genesis] [21:32:22] [INFO] Running at [38;5;121m25.35[0m[38;5;159m FPS.[0m
[38;5;159m[Genesis] [21:32:22] [INFO] Running at [38;5;121m1.03[0m[38;5;159m FPS.[0m
[38;5;159m[Genesis] [21:32:22] [INFO] Running at [38;5;121m26.49[0m[38;5;159m FPS.[0m
[38;5;159m[Genesis] [21:32:22] [INFO] Running at [38;5;121m1.03[0m[38;5;159m FPS.[0m
[38;5;159m[Genesis] [21:32:22] [INFO] Running at [38;5;121m1.04[0m[38;5;159m FPS.[0m
[38;5;159m[Genesis] [21:32:22] [INFO] Running at [38;5;121m1.08[0m[38;5;159m FPS.[0m
[38;5;159m[Genesis] [21:32:22] [INFO] Running at [38;5;121m1.08[0m[38;5;159m FPS.[0m
[38;5;159m[Genesis] [21:32:22] [INFO] Running at [38;5;121m1.09[0m[38;5;159m FPS.[0m
[38;5;159m[Genesis] [21:32:22] [INFO] Running at [38;5;121m25.18[0m[38;5;159m FPS.[0m
[38;5;159m[Genesis] [21:32:22] [INFO] Scene [38;5;121m[3m<4f8f234>[0m[38;5;159m created.[0m
[38;5;159m[Genesis] [21:32:22] [INFO] Adding [38;5;121m<gs.RigidEntity>[0m[38;5;159m. idx: [38;5;121m0[0m[38;5;159m, uid: [38;5;121m[3m<c5d67dc>[0m[38;5;159m, morph: [38;5;121m<gs.morphs.Plane>[0m[38;5;159m, material: [38;5;121m<gs.materials.Rigid>[0m[38;5;159m.[0m
[38;5;159m[Genesis] [21:32:22] [INFO] Adding [38;5;121m<gs.RigidEntity>[0m[38;5;159m. idx: [38;5;121m1[0m[38;5;159m, uid: [38;5;121m[3m<0e8ac59>[0m[38;5;159m, morph: [38;5;121m<gs.morphs.URDF(file='/home/jkoba/SynologyDrive/genesis_humanoid_rl/assets/robots/g1/g1_29dof.urdf')>[0m[38;5;159m, material: [38;5;121m<gs.materials.Rigid>[0m[38;5;159m.[0m
[38;5;159m[Genesis] [21:32:24] [INFO] Building scene [38;5;121m[3m<4f8f234>[0m[38;5;159m...[0m
[38;5;159m[Genesis] [21:32:32] [INFO] Compiling simulation kernels...[0m
[38;5;159m[Genesis] [21:33:06] [INFO] Building visualizer...[0m
[38;5;159m[Genesis] [21:33:06] [INFO] Running at [38;5;121m142.59[0m[38;5;159m FPS.[0m
[38;5;159m[Genesis] [21:33:06] [INFO] Running at [38;5;121m144.39[0m[38;5;159m FPS.[0m
[38;5;159m[Genesis] [21:33:06] [INFO] Running at [38;5;121m146.56[0m[38;5;159m FPS.[0m
[38;5;159m[Genesis] [21:33:06] [INFO] Running at [38;5;121m148.73[0m[38;5;159m FPS.[0m
[38;5;159m[Genesis] [21:33:06] [INFO] Running at [38;5;121m150.75[0m[38;5;159m FPS.[0m
[38;5;159m[Genesis] [21:33:06] [INFO] Running at [38;5;121m152.84[0m[38;5;159m FPS.[0m
[38;5;159m[Genesis] [21:33:06] [INFO] Running at [38;5;121m149.83[0m[38;5;159m FPS.[0m
[38;5;159m[Genesis] [21:33:06] [INFO] Running at [38;5;121m145.67[0m[38;5;159m FPS.[0m
[38;5;159m[Genesis] [21:33:06] [INFO] Running at [38;5;121m141.87[0m[38;5;159m FPS.[0m
[38;5;159m[Genesis] [21:33:06] [INFO] Running at [38;5;121m138.44[0m[38;5;159m FPS.[0m
[38;5;159m[Genesis] [21:33:06] [INFO] Running at [38;5;121m0.32[0m[38;5;159m FPS.[0m
[38;5;159m[Genesis] [21:33:07] [INFO] Running at [38;5;121m0.44[0m[38;5;159m FPS.[0m
[38;5;159m[Genesis] [21:33:07] [INFO] Running at [38;5;121m0.32[0m[38;5;159m FPS.[0m
[38;5;159m[Genesis] [21:33:07] [INFO] Running at [38;5;121m0.34[0m[38;5;159m FPS.[0m
[38;5;159m[Genesis] [21:33:07] [INFO] Running at [38;5;121m0.46[0m[38;5;159m FPS.[0m
[38;5;159m[Genesis] [21:33:07] [INFO] Running at [38;5;121m0.34[0m[38;5;159m FPS.[0m
[38;5;159m[Genesis] [21:33:07] [INFO] Running at [38;5;121m0.36[0m[38;5;159m FPS.[0m
[38;5;159m[Genesis] [21:33:07] [INFO] Running at [38;5;121m0.49[0m[38;5;159m FPS.[0m
[38;5;159m[Genesis] [21:33:07] [INFO] Running at [38;5;121m0.36[0m[38;5;159m FPS.[0m
[38;5;159m[Genesis] [21:33:07] [INFO] Running at [38;5;121m0.37[0m[38;5;159m FPS.[0m
[38;5;159m[Genesis] [21:33:07] [INFO] Running at [38;5;121m0.51[0m[38;5;159m FPS.[0m
[38;5;159m[Genesis] [21:33:07] [INFO] Running at [38;5;121m0.38[0m[38;5;159m FPS.[0m
[38;5;159m[Genesis] [21:33:07] [INFO] Running at [38;5;121m57.60[0m[38;5;159m FPS.[0m
[38;5;159m[Genesis] [21:33:07] [INFO] Running at [38;5;121m59.70[0m[38;5;159m FPS.[0m
[38;5;159m[Genesis] [21:33:07] [INFO] Running at [38;5;121m61.86[0m[38;5;159m FPS.[0m
[38;5;159m[Genesis] [21:33:07] [INFO] Running at [38;5;121m64.06[0m[38;5;159m FPS.[0m
[38;5;159m[Genesis] [21:33:07] [INFO] Running at [38;5;121m0.39[0m[38;5;159m FPS.[0m
[38;5;159m[Genesis] [21:33:07] [INFO] Running at [38;5;121m0.39[0m[38;5;159m FPS.[0m
[38;5;159m[Genesis] [21:33:07] [INFO] Running at [38;5;121m0.54[0m[38;5;159m FPS.[0m
[38;5;159m[Genesis] [21:33:07] [INFO] Running at [38;5;121m59.62[0m[38;5;159m FPS.[0m
[38;5;159m[Genesis] [21:33:07] [INFO] Running at [38;5;121m0.41[0m[38;5;159m FPS.[0m
[38;5;159m[Genesis] [21:33:07] [INFO] Running at [38;5;121m36.11[0m[38;5;159m FPS.[0m
[38;5;159m[Genesis] [21:33:07] [INFO] Running at [38;5;121m0.56[0m[38;5;159m FPS.[0m
[38;5;159m[Genesis] [21:33:07] [INFO] Running at [38;5;121m0.41[0m[38;5;159m FPS.[0m
[38;5;159m[Genesis] [21:33:07] [INFO] Running at [38;5;121m0.43[0m[38;5;159m FPS.[0m
[38;5;159m[Genesis] [21:33:07] [INFO] Running at [38;5;121m37.64[0m[38;5;159m FPS.[0m
[38;5;159m[Genesis] [21:33:07] [INFO] Running at [38;5;121m0.46[0m[38;5;159m FPS.[0m
[38;5;159m[Genesis] [21:33:07] [INFO] Running at [38;5;121m39.23[0m[38;5;159m FPS.[0m
[38;5;159m[Genesis] [21:33:07] [INFO] Running at [38;5;121m0.43[0m[38;5;159m FPS.[0m
[38;5;159m[Genesis] [21:33:07] [INFO] Running at [38;5;121m0.59[0m[38;5;159m FPS.[0m
[38;5;159m[Genesis] [21:33:07] [INFO] Running at [38;5;121m40.86[0m[38;5;159m FPS.[0m
[38;5;159m[Genesis] [21:33:07] [INFO] Running at [38;5;121m0.46[0m[38;5;159m FPS.[0m
[38;5;159m[Genesis] [21:33:07] [INFO] Running at [38;5;121m0.62[0m[38;5;159m FPS.[0m
[38;5;159m[Genesis] [21:33:07] [INFO] Running at [38;5;121m0.48[0m[38;5;159m FPS.[0m
[38;5;159m[Genesis] [21:33:07] [INFO] Running at [38;5;121m0.48[0m[38;5;159m FPS.[0m
[38;5;159m[Genesis] [21:33:07] [INFO] Running at [38;5;121m0.66[0m[38;5;159m FPS.[0m
[38;5;159m[Genesis] [21:33:07] [INFO] Running at [38;5;121m40.03[0m[38;5;159m FPS.[0m
[38;5;159m[Genesis] [21:33:07] [INFO] Running at [38;5;121m0.50[0m[38;5;159m FPS.[0m
[38;5;159m[Genesis] [21:33:07] [INFO] Running at [38;5;121m0.51[0m[38;5;159m FPS.[0m
[38;5;159m[Genesis] [21:33:07] [INFO] Running at [38;5;121m0.69[0m[38;5;159m FPS.[0m
[38;5;159m[Genesis] [21:33:07] [INFO] Scene [38;5;121m[3m<4e04d24>[0m[38;5;159m created.[0m
[38;5;159m[Genesis] [21:33:07] [INFO] Adding [38;5;121m<gs.RigidEntity>[0m[38;5;159m. idx: [38;5;121m0[0m[38;5;159m, uid: [38;5;121m[3m<e15bf6f>[0m[38;5;159m, morph: [38;5;121m<gs.morphs.Plane>[0m[38;5;159m, material: [38;5;121m<gs.materials.Rigid>[0m[38;5;159m.[0m
[38;5;159m[Genesis] [21:33:07] [INFO] Adding [38;5;121m<gs.RigidEntity>[0m[38;5;159m. idx: [38;5;121m1[0m[38;5;159m, uid: [38;5;121m[3m<f51a2c6>[0m[38;5;159m, morph: [38;5;121m<gs.morphs.URDF(file='/home/jkoba/SynologyDrive/genesis_humanoid_rl/assets/robots/g1/g1_29dof.urdf')>[0m[38;5;159m, material: [38;5;121m<gs.materials.Rigid>[0m[38;5;159m.[0m
[38;5;159m[Genesis] [21:33:09] [INFO] Building scene [38;5;121m[3m<4e04d24>[0m[38;5;159m...[0m
[38;5;159m[Genesis] [21:33:18] [INFO] Compiling simulation kernels...[0m
Process ForkServerProcess-4:
Initialized RobotGroundingCalculator
  Robot links: 30
  Robot DOFs: 35
Detecting foot links...
  Found 2 foot links
    - left_ankle_roll_link
    - right_ankle_roll_link
Calculating grounding height...
  Current base height: 1.000m
  Lowest foot point: 0.243m
  Calculated grounding height: 0.787m
  (This will place feet 30.0mm above ground)
Loaded G1 robot with 35 DOFs
Robot has 30 links
Initialized RobotGroundingCalculator
  Robot links: 30
  Robot DOFs: 35
Detecting foot links...
  Found 2 foot links
    - left_ankle_roll_link
    - right_ankle_roll_link
Calculating grounding height...
  Current base height: 1.000m
  Lowest foot point: 0.243m
  Calculated grounding height: 0.787m
  (This will place feet 30.0mm above ground)
Loaded G1 robot with 35 DOFs
Robot has 30 links
Initialized RobotGroundingCalculator
  Robot links: 30
  Robot DOFs: 35
Detecting foot links...
  Found 2 foot links
    - left_ankle_roll_link
    - right_ankle_roll_link
Calculating grounding height...
  Current base height: 1.000m
  Lowest foot point: 0.243m
  Calculated grounding height: 0.787m
  (This will place feet 30.0mm above ground)
Loaded G1 robot with 35 DOFs
Robot has 30 links
Initialized RobotGroundingCalculator
  Robot links: 30
  Robot DOFs: 35
Detecting foot links...
  Found 2 foot links
    - left_ankle_roll_link
    - right_ankle_roll_link
Calculating grounding height...
  Current base height: 1.000m
  Lowest foot point: 0.243m
  Calculated grounding height: 0.787m
  (This will place feet 30.0mm above ground)
Loaded G1 robot with 35 DOFs
Robot has 30 links
✓ Environment passed SB3 compatibility check
Initialized RobotGroundingCalculator
  Robot links: 30
  Robot DOFs: 35
Detecting foot links...
  Found 2 foot links
    - left_ankle_roll_link
    - right_ankle_roll_link
Calculating grounding height...
  Current base height: 1.000m
  Lowest foot point: 0.243m
  Calculated grounding height: 0.787m
  (This will place feet 30.0mm above ground)
Loaded G1 robot with 35 DOFs
Robot has 30 links
Initialized RobotGroundingCalculator
  Robot links: 30
  Robot DOFs: 35
Detecting foot links...
  Found 2 foot links
    - left_ankle_roll_link
    - right_ankle_roll_link
Calculating grounding height...
  Current base height: 1.000m
  Lowest foot point: 0.243m
  Calculated grounding height: 0.787m
  (This will place feet 30.0mm above ground)
Loaded G1 robot with 35 DOFs
Robot has 30 links
Initialized RobotGroundingCalculator
  Robot links: 30
  Robot DOFs: 35
Detecting foot links...
  Found 2 foot links
    - left_ankle_roll_link
    - right_ankle_roll_link
Calculating grounding height...
  Current base height: 1.000m
  Lowest foot point: 0.243m
  Calculated grounding height: 0.787m
  (This will place feet 30.0mm above ground)
Loaded G1 robot with 35 DOFs
Robot has 30 links
Initialized RobotGroundingCalculator
  Robot links: 30
  Robot DOFs: 35
Detecting foot links...
  Found 2 foot links
    - left_ankle_roll_link
    - right_ankle_roll_link
Calculating grounding height...
  Current base height: 1.000m
  Lowest foot point: 0.243m
  Calculated grounding height: 0.787m
  (This will place feet 30.0mm above ground)
Loaded G1 robot with 35 DOFs
Robot has 30 links
Initialized RobotGroundingCalculator
  Robot links: 30
  Robot DOFs: 35
Detecting foot links...
  Found 2 foot links
    - left_ankle_roll_link
    - right_ankle_roll_link
Calculating grounding height...
  Current base height: 1.000m
  Lowest foot point: 0.243m
  Calculated grounding height: 0.787m
  (This will place feet 30.0mm above ground)
Loaded G1 robot with 35 DOFs
Robot has 30 links
Initialized RobotGroundingCalculator
  Robot links: 30
  Robot DOFs: 35
Detecting foot links...
  Found 2 foot links
    - left_ankle_roll_link
    - right_ankle_roll_link
Calculating grounding height...
  Current base height: 1.000m
  Lowest foot point: 0.243m
  Calculated grounding height: 0.787m
  (This will place feet 30.0mm above ground)
Loaded G1 robot with 35 DOFs
Robot has 30 links
Initialized RobotGroundingCalculator
  Robot links: 30
  Robot DOFs: 35
Detecting foot links...
  Found 2 foot links
    - left_ankle_roll_link
    - right_ankle_roll_link
Calculating grounding height...
  Current base height: 1.000m
  Lowest foot point: 0.243m
  Calculated grounding height: 0.787m
  (This will place feet 30.0mm above ground)
Loaded G1 robot with 35 DOFs
Robot has 30 links
Initialized RobotGroundingCalculator
  Robot links: 30
  Robot DOFs: 35
Detecting foot links...
  Found 2 foot links
    - left_ankle_roll_link
    - right_ankle_roll_link
Calculating grounding height...
  Current base height: 1.000m
  Lowest foot point: 0.243m
  Calculated grounding height: 0.787m
  (This will place feet 30.0mm above ground)
Loaded G1 robot with 35 DOFs
Robot has 30 links
Initialized RobotGroundingCalculator
  Robot links: 30
  Robot DOFs: 35
Detecting foot links...
  Found 2 foot links
    - left_ankle_roll_link
    - right_ankle_roll_link
Calculating grounding height...
  Current base height: 1.000m
  Lowest foot point: 0.243m
  Calculated grounding height: 0.787m
  (This will place feet 30.0mm above ground)
Loaded G1 robot with 35 DOFs
Robot has 30 links
Initialized RobotGroundingCalculator
  Robot links: 30
  Robot DOFs: 35
Detecting foot links...
  Found 2 foot links
    - left_ankle_roll_link
    - right_ankle_roll_link
Calculating grounding height...
  Current base height: 1.000m
  Lowest foot point: 0.243m
  Calculated grounding height: 0.787m
  (This will place feet 30.0mm above ground)
Loaded G1 robot with 35 DOFs
Robot has 30 links
Initialized RobotGroundingCalculator
  Robot links: 30
  Robot DOFs: 35
Detecting foot links...
  Found 2 foot links
    - left_ankle_roll_link
    - right_ankle_roll_link
Calculating grounding height...
  Current base height: 1.000m
  Lowest foot point: 0.243m
  Calculated grounding height: 0.787m
  (This will place feet 30.0mm above ground)
Loaded G1 robot with 35 DOFs
Robot has 30 links
Initialized RobotGroundingCalculator
  Robot links: 30
  Robot DOFs: 35
Detecting foot links...
  Found 2 foot links
    - left_ankle_roll_link
    - right_ankle_roll_link
Calculating grounding height...
  Current base height: 1.000m
  Lowest foot point: 0.243m
  Calculated grounding height: 0.787m
  (This will place feet 30.0mm above ground)
Loaded G1 robot with 35 DOFs
Robot has 30 links
✓ Environment passed SB3 compatibility check
Initialized RobotGroundingCalculator
  Robot links: 30
  Robot DOFs: 35
Detecting foot links...
  Found 2 foot links
    - left_ankle_roll_link
    - right_ankle_roll_link
Calculating grounding height...
  Current base height: 1.000m
  Lowest foot point: 0.243m
  Calculated grounding height: 0.787m
  (This will place feet 30.0mm above ground)
Loaded G1 robot with 35 DOFs
Robot has 30 links
Initialized RobotGroundingCalculator
  Robot links: 30
  Robot DOFs: 35
Detecting foot links...
  Found 2 foot links
    - left_ankle_roll_link
    - right_ankle_roll_link
Calculating grounding height...
  Current base height: 1.000m
  Lowest foot point: 0.243m
  Calculated grounding height: 0.787m
  (This will place feet 30.0mm above ground)
Loaded G1 robot with 35 DOFs
Robot has 30 links
Initialized RobotGroundingCalculator
  Robot links: 30
  Robot DOFs: 35
Detecting foot links...
  Found 2 foot links
    - left_ankle_roll_link
    - right_ankle_roll_link
Calculating grounding height...
  Current base height: 1.000m
  Lowest foot point: 0.243m
  Calculated grounding height: 0.787m
  (This will place feet 30.0mm above ground)
Loaded G1 robot with 35 DOFs
Robot has 30 links
Initialized RobotGroundingCalculator
  Robot links: 30
  Robot DOFs: 35
Detecting foot links...
  Found 2 foot links
    - left_ankle_roll_link
    - right_ankle_roll_link
Calculating grounding height...
  Current base height: 1.000m
  Lowest foot point: 0.243m
  Calculated grounding height: 0.787m
  (This will place feet 30.0mm above ground)
Loaded G1 robot with 35 DOFs
Robot has 30 links
Initialized RobotGroundingCalculator
  Robot links: 30
  Robot DOFs: 35
Detecting foot links...
  Found 2 foot links
    - left_ankle_roll_link
    - right_ankle_roll_link
Calculating grounding height...
  Current base height: 1.000m
  Lowest foot point: 0.243m
  Calculated grounding height: 0.787m
  (This will place feet 30.0mm above ground)
Loaded G1 robot with 35 DOFs
Robot has 30 links
Initialized RobotGroundingCalculator
  Robot links: 30
  Robot DOFs: 35
Detecting foot links...
  Found 2 foot links
    - left_ankle_roll_link
    - right_ankle_roll_link
Calculating grounding height...
  Current base height: 1.000m
  Lowest foot point: 0.243m
  Calculated grounding height: 0.787m
  (This will place feet 30.0mm above ground)
Loaded G1 robot with 35 DOFs
Robot has 30 links
Initialized RobotGroundingCalculator
  Robot links: 30
  Robot DOFs: 35
Detecting foot links...
  Found 2 foot links
    - left_ankle_roll_link
    - right_ankle_roll_link
Calculating grounding height...
  Current base height: 1.000m
  Lowest foot point: 0.243m
  Calculated grounding height: 0.787m
  (This will place feet 30.0mm above ground)
Loaded G1 robot with 35 DOFs
Robot has 30 links
Traceback (most recent call last):
  File "/home/jkoba/.local/share/uv/python/cpython-3.10.18-linux-x86_64-gnu/lib/python3.10/multiprocessing/process.py", line 314, in _bootstrap
    self.run()
  File "/home/jkoba/.local/share/uv/python/cpython-3.10.18-linux-x86_64-gnu/lib/python3.10/multiprocessing/process.py", line 108, in run
    self._target(*self._args, **self._kwargs)
  File "/home/jkoba/SynologyDrive/genesis_humanoid_rl/.venv/lib/python3.10/site-packages/stable_baselines3/common/vec_env/subproc_vec_env.py", line 33, in _worker
    cmd, data = remote.recv()
  File "/home/jkoba/.local/share/uv/python/cpython-3.10.18-linux-x86_64-gnu/lib/python3.10/multiprocessing/connection.py", line 250, in recv
    buf = self._recv_bytes()
  File "/home/jkoba/.local/share/uv/python/cpython-3.10.18-linux-x86_64-gnu/lib/python3.10/multiprocessing/connection.py", line 414, in _recv_bytes
    buf = self._recv(4)
  File "/home/jkoba/.local/share/uv/python/cpython-3.10.18-linux-x86_64-gnu/lib/python3.10/multiprocessing/connection.py", line 379, in _recv
    chunk = read(handle, remaining)
ConnectionResetError: [Errno 104] Connection reset by peer
Initialized RobotGroundingCalculator
  Robot links: 30
  Robot DOFs: 35
Detecting foot links...
  Found 2 foot links
    - left_ankle_roll_link
    - right_ankle_roll_link
Calculating grounding height...
  Current base height: 1.000m
  Lowest foot point: 0.243m
  Calculated grounding height: 0.787m
  (This will place feet 30.0mm above ground)
Loaded G1 robot with 35 DOFs
Robot has 30 links
Initialized RobotGroundingCalculator
  Robot links: 30
  Robot DOFs: 35
Detecting foot links...
  Found 2 foot links
    - left_ankle_roll_link
    - right_ankle_roll_link
Calculating grounding height...
  Current base height: 1.000m
  Lowest foot point: 0.243m
  Calculated grounding height: 0.787m
  (This will place feet 30.0mm above ground)
Loaded G1 robot with 35 DOFs
Robot has 30 links
Initialized RobotGroundingCalculator
  Robot links: 30
  Robot DOFs: 35
Detecting foot links...
  Found 2 foot links
    - left_ankle_roll_link
    - right_ankle_roll_link
Calculating grounding height...
  Current base height: 1.000m
  Lowest foot point: 0.243m
  Calculated grounding height: 0.787m
  (This will place feet 30.0mm above ground)
Loaded G1 robot with 35 DOFs
Robot has 30 links
Initialized RobotGroundingCalculator
  Robot links: 30
  Robot DOFs: 35
Detecting foot links...
  Found 2 foot links
    - left_ankle_roll_link
    - right_ankle_roll_link
Calculating grounding height...
  Current base height: 1.000m
  Lowest foot point: 0.243m
  Calculated grounding height: 0.787m
  (This will place feet 30.0mm above ground)
Loaded G1 robot with 35 DOFs
Robot has 30 links
✓ Environment passed SB3 compatibility check
Initialized RobotGroundingCalculator
  Robot links: 30
  Robot DOFs: 35
Detecting foot links...
  Found 2 foot links
    - left_ankle_roll_link
    - right_ankle_roll_link
Calculating grounding height...
  Current base height: 1.000m
  Lowest foot point: 0.243m
  Calculated grounding height: 0.787m
  (This will place feet 30.0mm above ground)
Loaded G1 robot with 35 DOFs
Robot has 30 links
Initialized RobotGroundingCalculator
  Robot links: 30
  Robot DOFs: 35
Detecting foot links...
  Found 2 foot links
    - left_ankle_roll_link
    - right_ankle_roll_link
Calculating grounding height...
  Current base height: 1.000m
  Lowest foot point: 0.243m
  Calculated grounding height: 0.787m
  (This will place feet 30.0mm above ground)
Loaded G1 robot with 35 DOFs
Robot has 30 links
Initialized RobotGroundingCalculator
  Robot links: 30
  Robot DOFs: 35
Detecting foot links...
  Found 2 foot links
    - left_ankle_roll_link
    - right_ankle_roll_link
Calculating grounding height...
  Current base height: 1.000m
  Lowest foot point: 0.243m
  Calculated grounding height: 0.787m
  (This will place feet 30.0mm above ground)
Loaded G1 robot with 35 DOFs
Robot has 30 links
Initialized RobotGroundingCalculator
  Robot links: 30
  Robot DOFs: 35
Detecting foot links...
  Found 2 foot links
    - left_ankle_roll_link
    - right_ankle_roll_link
Calculating grounding height...
  Current base height: 1.000m
  Lowest foot point: 0.243m
  Calculated grounding height: 0.787m
  (This will place feet 30.0mm above ground)
Loaded G1 robot with 35 DOFs
Robot has 30 links
Initialized RobotGroundingCalculator
  Robot links: 30
  Robot DOFs: 35
Detecting foot links...
  Found 2 foot links
    - left_ankle_roll_link
    - right_ankle_roll_link
Calculating grounding height...
  Current base height: 1.000m
  Lowest foot point: 0.243m
  Calculated grounding height: 0.787m
  (This will place feet 30.0mm above ground)
Loaded G1 robot with 35 DOFs
Robot has 30 links
Initialized RobotGroundingCalculator
  Robot links: 30
  Robot DOFs: 35
Detecting foot links...
  Found 2 foot links
    - left_ankle_roll_link
    - right_ankle_roll_link
Calculating grounding height...
  Current base height: 1.000m
  Lowest foot point: 0.243m
  Calculated grounding height: 0.787m
  (This will place feet 30.0mm above ground)
Loaded G1 robot with 35 DOFs
Robot has 30 links
Initialized RobotGroundingCalculator
  Robot links: 30
  Robot DOFs: 35
Detecting foot links...
  Found 2 foot links
    - left_ankle_roll_link
    - right_ankle_roll_link
Calculating grounding height...
  Current base height: 1.000m
  Lowest foot point: 0.243m
  Calculated grounding height: 0.787m
  (This will place feet 30.0mm above ground)
Loaded G1 robot with 35 DOFs
Robot has 30 links
Initialized RobotGroundingCalculator
  Robot links: 30
  Robot DOFs: 35
Detecting foot links...
  Found 2 foot links
    - left_ankle_roll_link
    - right_ankle_roll_link
Calculating grounding height...
  Current base height: 1.000m
  Lowest foot point: 0.243m
  Calculated grounding height: 0.787m
  (This will place feet 30.0mm above ground)
Loaded G1 robot with 35 DOFs
Robot has 30 links
[38;5;159m[Genesis] [21:33:51] [INFO] Building visualizer...[0m
[38;5;159m[Genesis] [21:33:52] [INFO] Running at [38;5;121m148.55[0m[38;5;159m FPS.[0m
[38;5;159m[Genesis] [21:33:52] [INFO] Running at [38;5;121m150.25[0m[38;5;159m FPS.[0m
[38;5;159m[Genesis] [21:33:52] [INFO] Running at [38;5;121m152.40[0m[38;5;159m FPS.[0m
[38;5;159m[Genesis] [21:33:52] [INFO] Running at [38;5;121m154.62[0m[38;5;159m FPS.[0m
[38;5;159m[Genesis] [21:33:52] [INFO] Running at [38;5;121m156.71[0m[38;5;159m FPS.[0m
[38;5;159m[Genesis] [21:33:52] [INFO] Running at [38;5;121m158.78[0m[38;5;159m FPS.[0m
[38;5;159m[Genesis] [21:33:52] [INFO] Running at [38;5;121m154.43[0m[38;5;159m FPS.[0m
[38;5;159m[Genesis] [21:33:52] [INFO] Running at [38;5;121m149.80[0m[38;5;159m FPS.[0m
[38;5;159m[Genesis] [21:33:52] [INFO] Running at [38;5;121m145.55[0m[38;5;159m FPS.[0m
[38;5;159m[Genesis] [21:33:52] [INFO] Running at [38;5;121m141.74[0m[38;5;159m FPS.[0m
Process ForkServerProcess-3:
Traceback (most recent call last):
  File "/home/jkoba/.local/share/uv/python/cpython-3.10.18-linux-x86_64-gnu/lib/python3.10/multiprocessing/process.py", line 314, in _bootstrap
    self.run()
  File "/home/jkoba/.local/share/uv/python/cpython-3.10.18-linux-x86_64-gnu/lib/python3.10/multiprocessing/process.py", line 108, in run
    self._target(*self._args, **self._kwargs)
  File "/home/jkoba/SynologyDrive/genesis_humanoid_rl/.venv/lib/python3.10/site-packages/stable_baselines3/common/vec_env/subproc_vec_env.py", line 43, in _worker
    remote.send((observation, reward, done, info, reset_info))
  File "/home/jkoba/.local/share/uv/python/cpython-3.10.18-linux-x86_64-gnu/lib/python3.10/multiprocessing/connection.py", line 206, in send
    self._send_bytes(_ForkingPickler.dumps(obj))
  File "/home/jkoba/.local/share/uv/python/cpython-3.10.18-linux-x86_64-gnu/lib/python3.10/multiprocessing/connection.py", line 411, in _send_bytes
    self._send(header + buf)
  File "/home/jkoba/.local/share/uv/python/cpython-3.10.18-linux-x86_64-gnu/lib/python3.10/multiprocessing/connection.py", line 368, in _send
    n = write(self._handle, buf)
BrokenPipeError: [Errno 32] Broken pipe
Initialized RobotGroundingCalculator
  Robot links: 30
  Robot DOFs: 35
Detecting foot links...
  Found 2 foot links
    - left_ankle_roll_link
    - right_ankle_roll_link
Calculating grounding height...
  Current base height: 1.000m
  Lowest foot point: 0.243m
  Calculated grounding height: 0.787m
  (This will place feet 30.0mm above ground)
Loaded G1 robot with 35 DOFs
Robot has 30 links
Initialized RobotGroundingCalculator
  Robot links: 30
  Robot DOFs: 35
Detecting foot links...
  Found 2 foot links
    - left_ankle_roll_link
    - right_ankle_roll_link
Calculating grounding height...
  Current base height: 1.000m
  Lowest foot point: 0.243m
  Calculated grounding height: 0.787m
  (This will place feet 30.0mm above ground)
Loaded G1 robot with 35 DOFs
Robot has 30 links
Initialized RobotGroundingCalculator
  Robot links: 30
  Robot DOFs: 35
Detecting foot links...
  Found 2 foot links
    - left_ankle_roll_link
    - right_ankle_roll_link
Calculating grounding height...
  Current base height: 1.000m
  Lowest foot point: 0.243m
  Calculated grounding height: 0.787m
  (This will place feet 30.0mm above ground)
Loaded G1 robot with 35 DOFs
Robot has 30 links
Initialized RobotGroundingCalculator
  Robot links: 30
  Robot DOFs: 35
Detecting foot links...
  Found 2 foot links
    - left_ankle_roll_link
    - right_ankle_roll_link
Calculating grounding height...
  Current base height: 1.000m
  Lowest foot point: 0.243m
  Calculated grounding height: 0.787m
  (This will place feet 30.0mm above ground)
Loaded G1 robot with 35 DOFs
Robot has 30 links
✓ Environment passed SB3 compatibility check
Initialized RobotGroundingCalculator
  Robot links: 30
  Robot DOFs: 35
Detecting foot links...
  Found 2 foot links
    - left_ankle_roll_link
    - right_ankle_roll_link
Calculating grounding height...
  Current base height: 1.000m
  Lowest foot point: 0.243m
  Calculated grounding height: 0.787m
  (This will place feet 30.0mm above ground)
Loaded G1 robot with 35 DOFs
Robot has 30 links
Initialized RobotGroundingCalculator
  Robot links: 30
  Robot DOFs: 35
Detecting foot links...
  Found 2 foot links
    - left_ankle_roll_link
    - right_ankle_roll_link
Calculating grounding height...
  Current base height: 1.000m
  Lowest foot point: 0.243m
  Calculated grounding height: 0.787m
  (This will place feet 30.0mm above ground)
Loaded G1 robot with 35 DOFs
Robot has 30 links
Initialized RobotGroundingCalculator
  Robot links: 30
  Robot DOFs: 35
Detecting foot links...
  Found 2 foot links
    - left_ankle_roll_link
    - right_ankle_roll_link
Calculating grounding height...
  Current base height: 1.000m
  Lowest foot point: 0.243m
  Calculated grounding height: 0.787m
  (This will place feet 30.0mm above ground)
Loaded G1 robot with 35 DOFs
Robot has 30 links
Initialized RobotGroundingCalculator
  Robot links: 30
  Robot DOFs: 35
Detecting foot links...
  Found 2 foot links
    - left_ankle_roll_link
    - right_ankle_roll_link
Calculating grounding height...
  Current base height: 1.000m
  Lowest foot point: 0.243m
  Calculated grounding height: 0.787m
  (This will place feet 30.0mm above ground)
Loaded G1 robot with 35 DOFs
Robot has 30 links
Initialized RobotGroundingCalculator
  Robot links: 30
  Robot DOFs: 35
Detecting foot links...
  Found 2 foot links
    - left_ankle_roll_link
    - right_ankle_roll_link
Calculating grounding height...
  Current base height: 1.000m
  Lowest foot point: 0.243m
  Calculated grounding height: 0.787m
  (This will place feet 30.0mm above ground)
Loaded G1 robot with 35 DOFs
Robot has 30 links
Initialized RobotGroundingCalculator
  Robot links: 30
  Robot DOFs: 35
Detecting foot links...
  Found 2 foot links
    - left_ankle_roll_link
    - right_ankle_roll_link
Calculating grounding height...
  Current base height: 1.000m
  Lowest foot point: 0.243m
  Calculated grounding height: 0.787m
  (This will place feet 30.0mm above ground)
Loaded G1 robot with 35 DOFs
Robot has 30 links
Initialized RobotGroundingCalculator
  Robot links: 30
  Robot DOFs: 35
Detecting foot links...
  Found 2 foot links
    - left_ankle_roll_link
    - right_ankle_roll_link
Calculating grounding height...
  Current base height: 1.000m
  Lowest foot point: 0.243m
  Calculated grounding height: 0.787m
  (This will place feet 30.0mm above ground)
Loaded G1 robot with 35 DOFs
Robot has 30 links
Initialized RobotGroundingCalculator
  Robot links: 30
  Robot DOFs: 35
Detecting foot links...
  Found 2 foot links
    - left_ankle_roll_link
    - right_ankle_roll_link
Calculating grounding height...
  Current base height: 1.000m
  Lowest foot point: 0.243m
  Calculated grounding height: 0.787m
  (This will place feet 30.0mm above ground)
Loaded G1 robot with 35 DOFs
Robot has 30 links
