[38;5;159m[Genesis] [22:31:03] [INFO] [38;5;121m╭───────────────────────────────────────────────╮[0m[38;5;159m[0m
[38;5;159m[Genesis] [22:31:03] [INFO] [38;5;121m│┈┉┈┉┈┉┈┉┈┉┈┉┈┉┈┉┈┉┈[0m[38;5;159m [38;5;121m[1m[3mGenesis[0m[38;5;159m [38;5;121m┈┉┈┉┈┉┈┉┈┉┈┉┈┉┈┉┈┉┈│[0m[38;5;159m[0m
[38;5;159m[Genesis] [22:31:03] [INFO] [38;5;121m╰───────────────────────────────────────────────╯[0m[38;5;159m[0m
[38;5;159m[Genesis] [22:31:03] [INFO] Running on [38;5;121m[4m[NVIDIA GeForce RTX 3060 Ti][0m[38;5;159m with backend [38;5;121m[4mgs.cuda[0m[38;5;159m. Device memory: [38;5;121m[4m7.63[0m[38;5;159m GB.[0m
[38;5;159m[Genesis] [22:31:03] [INFO] 🚀 Genesis initialized. 🔖 version: [38;5;121m[4m0.2.1[0m[38;5;159m, 🌱 seed: [38;5;121m[4mNone[0m[38;5;159m, 📏 precision: '[38;5;121m[4m32[0m[38;5;159m', 🐛 debug: [38;5;121m[4mFalse[0m[38;5;159m, 🎨 theme: '[38;5;121m[4mdark[0m[38;5;159m'.[0m
[38;5;159m[Genesis] [22:31:03] [INFO] Scene [38;5;121m[3m<0ab0f06>[0m[38;5;159m created.[0m
[38;5;159m[Genesis] [22:31:03] [INFO] Adding [38;5;121m<gs.RigidEntity>[0m[38;5;159m. idx: [38;5;121m0[0m[38;5;159m, uid: [38;5;121m[3m<a8db987>[0m[38;5;159m, morph: [38;5;121m<gs.morphs.Plane>[0m[38;5;159m, material: [38;5;121m<gs.materials.Rigid>[0m[38;5;159m.[0m
[38;5;159m[Genesis] [22:31:03] [INFO] Adding [38;5;121m<gs.RigidEntity>[0m[38;5;159m. idx: [38;5;121m1[0m[38;5;159m, uid: [38;5;121m[3m<0ac3fcd>[0m[38;5;159m, morph: [38;5;121m<gs.morphs.URDF(file='/home/jkoba/SynologyDrive/genesis_humanoid_rl/assets/robots/g1/g1_29dof.urdf')>[0m[38;5;159m, material: [38;5;121m<gs.materials.Rigid>[0m[38;5;159m.[0m
[38;5;159m[Genesis] [22:31:04] [INFO] Building scene [38;5;121m[3m<0ab0f06>[0m[38;5;159m...[0m
[38;5;159m[Genesis] [22:31:10] [INFO] Compiling simulation kernels...[0m
[38;5;159m[Genesis] [22:31:15] [INFO] Building visualizer...[0m
[38;5;159m[Genesis] [22:31:15] [INFO] Running at [38;5;121m201.07[0m[38;5;159m FPS.[0m
[38;5;159m[Genesis] [22:31:15] [INFO] Running at [38;5;121m201.28[0m[38;5;159m FPS.[0m
[38;5;159m[Genesis] [22:31:15] [INFO] Running at [38;5;121m201.78[0m[38;5;159m FPS.[0m
[38;5;159m[Genesis] [22:31:15] [INFO] Running at [38;5;121m202.33[0m[38;5;159m FPS.[0m
[38;5;159m[Genesis] [22:31:15] [INFO] Running at [38;5;121m202.73[0m[38;5;159m FPS.[0m
[38;5;159m[Genesis] [22:31:15] [INFO] Running at [38;5;121m203.38[0m[38;5;159m FPS.[0m
[38;5;159m[Genesis] [22:31:15] [INFO] Running at [38;5;121m192.43[0m[38;5;159m FPS.[0m
[38;5;159m[Genesis] [22:31:15] [INFO] Running at [38;5;121m182.99[0m[38;5;159m FPS.[0m
[38;5;159m[Genesis] [22:31:15] [INFO] Running at [38;5;121m174.85[0m[38;5;159m FPS.[0m
[38;5;159m[Genesis] [22:31:15] [INFO] Running at [38;5;121m167.73[0m[38;5;159m FPS.[0m
[38;5;159m[Genesis] [22:31:15] [INFO] Scene [38;5;121m[3m<ba96105>[0m[38;5;159m created.[0m
[38;5;159m[Genesis] [22:31:15] [INFO] Adding [38;5;121m<gs.RigidEntity>[0m[38;5;159m. idx: [38;5;121m0[0m[38;5;159m, uid: [38;5;121m[3m<aedf100>[0m[38;5;159m, morph: [38;5;121m<gs.morphs.Plane>[0m[38;5;159m, material: [38;5;121m<gs.materials.Rigid>[0m[38;5;159m.[0m
[38;5;159m[Genesis] [22:31:15] [INFO] Adding [38;5;121m<gs.RigidEntity>[0m[38;5;159m. idx: [38;5;121m1[0m[38;5;159m, uid: [38;5;121m[3m<11eb4c8>[0m[38;5;159m, morph: [38;5;121m<gs.morphs.URDF(file='/home/jkoba/SynologyDrive/genesis_humanoid_rl/assets/robots/g1/g1_29dof.urdf')>[0m[38;5;159m, material: [38;5;121m<gs.materials.Rigid>[0m[38;5;159m.[0m
[38;5;159m[Genesis] [22:31:17] [INFO] Building scene [38;5;121m[3m<ba96105>[0m[38;5;159m...[0m
[38;5;159m[Genesis] [22:31:22] [INFO] Compiling simulation kernels...[0m
[38;5;159m[Genesis] [22:31:27] [INFO] Building visualizer...[0m
[38;5;159m[Genesis] [22:31:27] [INFO] Running at [38;5;121m244.82[0m[38;5;159m FPS.[0m
[38;5;159m[Genesis] [22:31:27] [INFO] Running at [38;5;121m241.92[0m[38;5;159m FPS.[0m
[38;5;159m[Genesis] [22:31:27] [INFO] Running at [38;5;121m240.01[0m[38;5;159m FPS.[0m
[38;5;159m[Genesis] [22:31:27] [INFO] Running at [38;5;121m238.13[0m[38;5;159m FPS.[0m
[38;5;159m[Genesis] [22:31:27] [INFO] Running at [38;5;121m236.54[0m[38;5;159m FPS.[0m
[38;5;159m[Genesis] [22:31:27] [INFO] Running at [38;5;121m235.25[0m[38;5;159m FPS.[0m
[38;5;159m[Genesis] [22:31:27] [INFO] Running at [38;5;121m219.88[0m[38;5;159m FPS.[0m
[38;5;159m[Genesis] [22:31:27] [INFO] Running at [38;5;121m206.41[0m[38;5;159m FPS.[0m
[38;5;159m[Genesis] [22:31:27] [INFO] Running at [38;5;121m194.90[0m[38;5;159m FPS.[0m
[38;5;159m[Genesis] [22:31:27] [INFO] Running at [38;5;121m185.13[0m[38;5;159m FPS.[0m
[38;5;159m[Genesis] [22:31:27] [INFO] Scene [38;5;121m[3m<fbf2b64>[0m[38;5;159m created.[0m
[38;5;159m[Genesis] [22:31:27] [INFO] Adding [38;5;121m<gs.RigidEntity>[0m[38;5;159m. idx: [38;5;121m0[0m[38;5;159m, uid: [38;5;121m[3m<69265ef>[0m[38;5;159m, morph: [38;5;121m<gs.morphs.Plane>[0m[38;5;159m, material: [38;5;121m<gs.materials.Rigid>[0m[38;5;159m.[0m
[38;5;159m[Genesis] [22:31:27] [INFO] Adding [38;5;121m<gs.RigidEntity>[0m[38;5;159m. idx: [38;5;121m1[0m[38;5;159m, uid: [38;5;121m[3m<8589d24>[0m[38;5;159m, morph: [38;5;121m<gs.morphs.URDF(file='/home/jkoba/SynologyDrive/genesis_humanoid_rl/assets/robots/g1/g1_29dof.urdf')>[0m[38;5;159m, material: [38;5;121m<gs.materials.Rigid>[0m[38;5;159m.[0m
[38;5;159m[Genesis] [22:31:29] [INFO] Building scene [38;5;121m[3m<fbf2b64>[0m[38;5;159m...[0m
[38;5;159m[Genesis] [22:31:34] [INFO] Compiling simulation kernels...[0m
[38;5;159m[Genesis] [22:31:39] [INFO] Building visualizer...[0m
[38;5;159m[Genesis] [22:31:39] [INFO] Running at [38;5;121m249.69[0m[38;5;159m FPS.[0m
[38;5;159m[Genesis] [22:31:39] [INFO] Running at [38;5;121m246.86[0m[38;5;159m FPS.[0m
[38;5;159m[Genesis] [22:31:39] [INFO] Running at [38;5;121m244.68[0m[38;5;159m FPS.[0m
[38;5;159m[Genesis] [22:31:39] [INFO] Running at [38;5;121m242.86[0m[38;5;159m FPS.[0m
[38;5;159m[Genesis] [22:31:39] [INFO] Running at [38;5;121m240.90[0m[38;5;159m FPS.[0m
[38;5;159m[Genesis] [22:31:39] [INFO] Running at [38;5;121m239.42[0m[38;5;159m FPS.[0m
[38;5;159m[Genesis] [22:31:39] [INFO] Running at [38;5;121m223.40[0m[38;5;159m FPS.[0m
[38;5;159m[Genesis] [22:31:39] [INFO] Running at [38;5;121m209.24[0m[38;5;159m FPS.[0m
[38;5;159m[Genesis] [22:31:39] [INFO] Running at [38;5;121m197.35[0m[38;5;159m FPS.[0m
[38;5;159m[Genesis] [22:31:39] [INFO] Running at [38;5;121m187.23[0m[38;5;159m FPS.[0m
[38;5;159m[Genesis] [22:31:39] [INFO] Running at [38;5;121m81.91[0m[38;5;159m FPS.[0m
[38;5;159m[Genesis] [22:31:39] [INFO] Running at [38;5;121m84.43[0m[38;5;159m FPS.[0m
[38;5;159m[Genesis] [22:31:39] [INFO] Scene [38;5;121m[3m<0525547>[0m[38;5;159m created.[0m
[38;5;159m[Genesis] [22:31:39] [INFO] Adding [38;5;121m<gs.RigidEntity>[0m[38;5;159m. idx: [38;5;121m0[0m[38;5;159m, uid: [38;5;121m[3m<ab2c8ea>[0m[38;5;159m, morph: [38;5;121m<gs.morphs.Plane>[0m[38;5;159m, material: [38;5;121m<gs.materials.Rigid>[0m[38;5;159m.[0m
[38;5;159m[Genesis] [22:31:40] [INFO] Adding [38;5;121m<gs.RigidEntity>[0m[38;5;159m. idx: [38;5;121m1[0m[38;5;159m, uid: [38;5;121m[3m<34ec749>[0m[38;5;159m, morph: [38;5;121m<gs.morphs.URDF(file='/home/jkoba/SynologyDrive/genesis_humanoid_rl/assets/robots/g1/g1_29dof.urdf')>[0m[38;5;159m, material: [38;5;121m<gs.materials.Rigid>[0m[38;5;159m.[0m
[38;5;159m[Genesis] [22:31:41] [INFO] Building scene [38;5;121m[3m<0525547>[0m[38;5;159m...[0m
[38;5;159m[Genesis] [22:31:46] [INFO] Compiling simulation kernels...[0m
[38;5;159m[Genesis] [22:31:51] [INFO] Building visualizer...[0m
[38;5;159m[Genesis] [22:31:51] [INFO] Running at [38;5;121m245.92[0m[38;5;159m FPS.[0m
[38;5;159m[Genesis] [22:31:51] [INFO] Running at [38;5;121m243.89[0m[38;5;159m FPS.[0m
[38;5;159m[Genesis] [22:31:51] [INFO] Running at [38;5;121m241.88[0m[38;5;159m FPS.[0m
[38;5;159m[Genesis] [22:31:51] [INFO] Running at [38;5;121m240.26[0m[38;5;159m FPS.[0m
[38;5;159m[Genesis] [22:31:51] [INFO] Running at [38;5;121m238.43[0m[38;5;159m FPS.[0m
[38;5;159m[Genesis] [22:31:51] [INFO] Running at [38;5;121m237.07[0m[38;5;159m FPS.[0m
[38;5;159m[Genesis] [22:31:51] [INFO] Running at [38;5;121m221.02[0m[38;5;159m FPS.[0m
[38;5;159m[Genesis] [22:31:51] [INFO] Running at [38;5;121m207.21[0m[38;5;159m FPS.[0m
[38;5;159m[Genesis] [22:31:51] [INFO] Running at [38;5;121m195.62[0m[38;5;159m FPS.[0m
[38;5;159m[Genesis] [22:31:51] [INFO] Running at [38;5;121m185.71[0m[38;5;159m FPS.[0m
[38;5;159m[Genesis] [22:31:52] [INFO] Running at [38;5;121m82.43[0m[38;5;159m FPS.[0m
[38;5;159m[Genesis] [22:31:52] [INFO] Running at [38;5;121m85.02[0m[38;5;159m FPS.[0m
[38;5;159m[Genesis] [22:31:52] [INFO] Running at [38;5;121m77.89[0m[38;5;159m FPS.[0m
[38;5;159m[Genesis] [22:31:52] [INFO] Running at [38;5;121m80.39[0m[38;5;159m FPS.[0m
[38;5;159m[Genesis] [22:31:52] [INFO] Running at [38;5;121m75.44[0m[38;5;159m FPS.[0m
[38;5;159m[Genesis] [22:31:52] [INFO] Running at [38;5;121m77.96[0m[38;5;159m FPS.[0m
[38;5;159m[Genesis] [22:31:52] [INFO] Running at [38;5;121m73.14[0m[38;5;159m FPS.[0m
[38;5;159m[Genesis] [22:31:52] [INFO] Running at [38;5;121m75.60[0m[38;5;159m FPS.[0m
[38;5;159m[Genesis] [22:31:52] [INFO] Running at [38;5;121m70.27[0m[38;5;159m FPS.[0m
[38;5;159m[Genesis] [22:31:52] [INFO] Running at [38;5;121m72.71[0m[38;5;159m FPS.[0m
[38;5;159m[Genesis] [22:31:52] [INFO] Running at [38;5;121m66.86[0m[38;5;159m FPS.[0m
[38;5;159m[Genesis] [22:31:52] [INFO] Running at [38;5;121m69.24[0m[38;5;159m FPS.[0m
[38;5;159m[Genesis] [22:31:52] [INFO] Running at [38;5;121m64.39[0m[38;5;159m FPS.[0m
[38;5;159m[Genesis] [22:31:52] [INFO] Running at [38;5;121m66.70[0m[38;5;159m FPS.[0m
[38;5;159m[Genesis] [22:31:52] [INFO] Running at [38;5;121m63.68[0m[38;5;159m FPS.[0m
[38;5;159m[Genesis] [22:31:52] [INFO] Running at [38;5;121m66.00[0m[38;5;159m FPS.[0m
[38;5;159m[Genesis] [22:31:52] [INFO] Running at [38;5;121m63.05[0m[38;5;159m FPS.[0m
[38;5;159m[Genesis] [22:31:52] [INFO] Running at [38;5;121m65.32[0m[38;5;159m FPS.[0m
[38;5;159m[Genesis] [22:31:52] [INFO] Running at [38;5;121m63.01[0m[38;5;159m FPS.[0m
[38;5;159m[Genesis] [22:31:52] [INFO] Running at [38;5;121m65.31[0m[38;5;159m FPS.[0m
/home/jkoba/SynologyDrive/genesis_humanoid_rl/.venv/lib/python3.10/site-packages/stable_baselines3/common/on_policy_algorithm.py:150: UserWarning: You are trying to run PPO on the GPU, but it is primarily intended to run on the CPU when not using a CNN policy (you are using ActorCriticPolicy which should be a MlpPolicy). See https://github.com/DLR-RM/stable-baselines3/issues/1245 for more info. You can pass `device='cpu'` or `export CUDA_VISIBLE_DEVICES=` to force using the CPU.Note: The model will train, but the GPU utilization will be poor and the training might take longer than on CPU.
  warnings.warn(
[38;5;159m[Genesis] [22:31:53] [INFO] Scene [38;5;121m[3m<6801358>[0m[38;5;159m created.[0m
[38;5;159m[Genesis] [22:31:53] [INFO] Adding [38;5;121m<gs.RigidEntity>[0m[38;5;159m. idx: [38;5;121m0[0m[38;5;159m, uid: [38;5;121m[3m<d9c3468>[0m[38;5;159m, morph: [38;5;121m<gs.morphs.Plane>[0m[38;5;159m, material: [38;5;121m<gs.materials.Rigid>[0m[38;5;159m.[0m
[38;5;159m[Genesis] [22:31:53] [INFO] Adding [38;5;121m<gs.RigidEntity>[0m[38;5;159m. idx: [38;5;121m1[0m[38;5;159m, uid: [38;5;121m[3m<9aacf2c>[0m[38;5;159m, morph: [38;5;121m<gs.morphs.URDF(file='/home/jkoba/SynologyDrive/genesis_humanoid_rl/assets/robots/g1/g1_29dof.urdf')>[0m[38;5;159m, material: [38;5;121m<gs.materials.Rigid>[0m[38;5;159m.[0m
[38;5;159m[Genesis] [22:31:54] [INFO] Building scene [38;5;121m[3m<6801358>[0m[38;5;159m...[0m
[38;5;159m[Genesis] [22:32:00] [INFO] Compiling simulation kernels...[0m
[38;5;159m[Genesis] [22:32:07] [INFO] Building visualizer...[0m
[38;5;159m[Genesis] [22:32:08] [INFO] Running at [38;5;121m250.08[0m[38;5;159m FPS.[0m
[38;5;159m[Genesis] [22:32:08] [INFO] Running at [38;5;121m247.06[0m[38;5;159m FPS.[0m
[38;5;159m[Genesis] [22:32:08] [INFO] Running at [38;5;121m244.91[0m[38;5;159m FPS.[0m
[38;5;159m[Genesis] [22:32:08] [INFO] Running at [38;5;121m243.20[0m[38;5;159m FPS.[0m
[38;5;159m[Genesis] [22:32:08] [INFO] Running at [38;5;121m241.41[0m[38;5;159m FPS.[0m
[38;5;159m[Genesis] [22:32:08] [INFO] Running at [38;5;121m239.87[0m[38;5;159m FPS.[0m
[38;5;159m[Genesis] [22:32:08] [INFO] Running at [38;5;121m223.25[0m[38;5;159m FPS.[0m
[38;5;159m[Genesis] [22:32:08] [INFO] Running at [38;5;121m209.22[0m[38;5;159m FPS.[0m
[38;5;159m[Genesis] [22:32:08] [INFO] Running at [38;5;121m197.31[0m[38;5;159m FPS.[0m
[38;5;159m[Genesis] [22:32:08] [INFO] Running at [38;5;121m187.18[0m[38;5;159m FPS.[0m
🚀 Real Training Started
==================================================
📋 Phase: real_test
📝 Real training test: 10k timesteps (short validation)
⏱️ Timesteps: 10,000
📈 Episode length: 400
🌍 Creating 1 environments...
Initialized RobotGroundingCalculator
  Robot links: 30
  Robot DOFs: 35
Detecting foot links...
  Found 2 foot links
    - left_ankle_roll_link
    - right_ankle_roll_link
Calculating grounding height...
  Current base height: 1.000m
  Lowest foot point: 0.243m
  Calculated grounding height: 0.787m
  (This will place feet 30.0mm above ground)
Loaded G1 robot with 35 DOFs
Robot has 30 links
Initialized RobotGroundingCalculator
  Robot links: 30
  Robot DOFs: 35
Detecting foot links...
  Found 2 foot links
    - left_ankle_roll_link
    - right_ankle_roll_link
Calculating grounding height...
  Current base height: 1.000m
  Lowest foot point: 0.243m
  Calculated grounding height: 0.787m
  (This will place feet 30.0mm above ground)
Loaded G1 robot with 35 DOFs
Robot has 30 links
Initialized RobotGroundingCalculator
  Robot links: 30
  Robot DOFs: 35
Detecting foot links...
  Found 2 foot links
    - left_ankle_roll_link
    - right_ankle_roll_link
Calculating grounding height...
  Current base height: 1.000m
  Lowest foot point: 0.243m
  Calculated grounding height: 0.787m
  (This will place feet 30.0mm above ground)
Loaded G1 robot with 35 DOFs
Robot has 30 links
Initialized RobotGroundingCalculator
  Robot links: 30
  Robot DOFs: 35
Detecting foot links...
  Found 2 foot links
    - left_ankle_roll_link
    - right_ankle_roll_link
Calculating grounding height...
  Current base height: 1.000m
  Lowest foot point: 0.243m
  Calculated grounding height: 0.787m
  (This will place feet 30.0mm above ground)
Loaded G1 robot with 35 DOFs
Robot has 30 links
✓ Environment passed SB3 compatibility check
✅ Environments created
🤖 Creating PPO model...
Using cuda device
✅ PPO model created
🔥 Starting training for 10,000 timesteps...
Initialized RobotGroundingCalculator
  Robot links: 30
  Robot DOFs: 35
Detecting foot links...
  Found 2 foot links
    - left_ankle_roll_link
    - right_ankle_roll_link
Calculating grounding height...
  Current base height: 1.000m
  Lowest foot point: 0.243m
  Calculated grounding height: 0.787m
  (This will place feet 30.0mm above ground)
Loaded G1 robot with 35 DOFs
Robot has 30 links
Logging to logs/real_test/real_test_1
[38;5;159m[Genesis] [22:32:08] [INFO] Running at [38;5;121m55.18[0m[38;5;159m FPS.[0m
[38;5;159m[Genesis] [22:32:08] [INFO] Running at [38;5;121m57.30[0m[38;5;159m FPS.[0m
[38;5;159m[Genesis] [22:32:08] [INFO] Running at [38;5;121m53.42[0m[38;5;159m FPS.[0m
[38;5;159m[Genesis] [22:32:08] [INFO] Running at [38;5;121m55.50[0m[38;5;159m FPS.[0m
[38;5;159m[Genesis] [22:32:08] [INFO] Running at [38;5;121m52.47[0m[38;5;159m FPS.[0m
[38;5;159m[Genesis] [22:32:08] [INFO] Running at [38;5;121m54.52[0m[38;5;159m FPS.[0m
[38;5;159m[Genesis] [22:32:08] [INFO] Running at [38;5;121m51.74[0m[38;5;159m FPS.[0m
[38;5;159m[Genesis] [22:32:08] [INFO] Running at [38;5;121m53.76[0m[38;5;159m FPS.[0m
[38;5;159m[Genesis] [22:32:08] [INFO] Running at [38;5;121m52.05[0m[38;5;159m FPS.[0m
[38;5;159m[Genesis] [22:32:08] [INFO] Running at [38;5;121m54.08[0m[38;5;159m FPS.[0m
[38;5;159m[Genesis] [22:32:08] [INFO] Running at [38;5;121m52.27[0m[38;5;159m FPS.[0m
[38;5;159m[Genesis] [22:32:08] [INFO] Running at [38;5;121m54.33[0m[38;5;159m FPS.[0m
[38;5;159m[Genesis] [22:32:08] [INFO] Running at [38;5;121m52.65[0m[38;5;159m FPS.[0m
[38;5;159m[Genesis] [22:32:08] [INFO] Running at [38;5;121m54.72[0m[38;5;159m FPS.[0m
[38;5;159m[Genesis] [22:32:08] [INFO] Running at [38;5;121m53.11[0m[38;5;159m FPS.[0m
[38;5;159m[Genesis] [22:32:08] [INFO] Running at [38;5;121m55.18[0m[38;5;159m FPS.[0m
[38;5;159m[Genesis] [22:32:08] [INFO] Running at [38;5;121m52.96[0m[38;5;159m FPS.[0m
[38;5;159m[Genesis] [22:32:08] [INFO] Running at [38;5;121m55.03[0m[38;5;159m FPS.[0m
[38;5;159m[Genesis] [22:32:08] [INFO] Running at [38;5;121m53.63[0m[38;5;159m FPS.[0m
[38;5;159m[Genesis] [22:32:08] [INFO] Running at [38;5;121m55.71[0m[38;5;159m FPS.[0m
[38;5;159m[Genesis] [22:32:08] [INFO] Running at [38;5;121m53.99[0m[38;5;159m FPS.[0m
[38;5;159m[Genesis] [22:32:08] [INFO] Running at [38;5;121m56.09[0m[38;5;159m FPS.[0m
[38;5;159m[Genesis] [22:32:08] [INFO] Running at [38;5;121m53.66[0m[38;5;159m FPS.[0m
[38;5;159m[Genesis] [22:32:08] [INFO] Running at [38;5;121m55.76[0m[38;5;159m FPS.[0m
[38;5;159m[Genesis] [22:32:08] [INFO] Running at [38;5;121m52.69[0m[38;5;159m FPS.[0m
[38;5;159m[Genesis] [22:32:08] [INFO] Running at [38;5;121m54.75[0m[38;5;159m FPS.[0m
[38;5;159m[Genesis] [22:32:08] [INFO] Running at [38;5;121m52.46[0m[38;5;159m FPS.[0m
[38;5;159m[Genesis] [22:32:08] [INFO] Running at [38;5;121m54.52[0m[38;5;159m FPS.[0m
[38;5;159m[Genesis] [22:32:09] [INFO] Running at [38;5;121m52.90[0m[38;5;159m FPS.[0m
[38;5;159m[Genesis] [22:32:09] [INFO] Running at [38;5;121m54.96[0m[38;5;159m FPS.[0m
[38;5;159m[Genesis] [22:32:09] [INFO] Running at [38;5;121m52.42[0m[38;5;159m FPS.[0m
[38;5;159m[Genesis] [22:32:09] [INFO] Running at [38;5;121m54.47[0m[38;5;159m FPS.[0m
[38;5;159m[Genesis] [22:32:09] [INFO] Running at [38;5;121m52.92[0m[38;5;159m FPS.[0m
[38;5;159m[Genesis] [22:32:09] [INFO] Running at [38;5;121m54.99[0m[38;5;159m FPS.[0m
[38;5;159m[Genesis] [22:32:09] [INFO] Running at [38;5;121m51.71[0m[38;5;159m FPS.[0m
[38;5;159m[Genesis] [22:32:09] [INFO] Running at [38;5;121m53.74[0m[38;5;159m FPS.[0m
[38;5;159m[Genesis] [22:32:09] [INFO] Running at [38;5;121m51.03[0m[38;5;159m FPS.[0m
[38;5;159m[Genesis] [22:32:09] [INFO] Running at [38;5;121m53.05[0m[38;5;159m FPS.[0m
[38;5;159m[Genesis] [22:32:09] [INFO] Running at [38;5;121m50.13[0m[38;5;159m FPS.[0m
[38;5;159m[Genesis] [22:32:09] [INFO] Running at [38;5;121m52.12[0m[38;5;159m FPS.[0m
[38;5;159m[Genesis] [22:32:09] [INFO] Running at [38;5;121m49.02[0m[38;5;159m FPS.[0m
[38;5;159m[Genesis] [22:32:09] [INFO] Running at [38;5;121m50.98[0m[38;5;159m FPS.[0m
[38;5;159m[Genesis] [22:32:09] [INFO] Running at [38;5;121m48.09[0m[38;5;159m FPS.[0m
[38;5;159m[Genesis] [22:32:09] [INFO] Running at [38;5;121m50.03[0m[38;5;159m FPS.[0m
[38;5;159m[Genesis] [22:32:09] [INFO] Running at [38;5;121m48.28[0m[38;5;159m FPS.[0m
[38;5;159m[Genesis] [22:32:09] [INFO] Running at [38;5;121m50.22[0m[38;5;159m FPS.[0m
[38;5;159m[Genesis] [22:32:09] [INFO] Running at [38;5;121m48.34[0m[38;5;159m FPS.[0m
[38;5;159m[Genesis] [22:32:09] [INFO] Running at [38;5;121m50.29[0m[38;5;159m FPS.[0m
[38;5;159m[Genesis] [22:32:09] [INFO] Running at [38;5;121m47.96[0m[38;5;159m FPS.[0m
[38;5;159m[Genesis] [22:32:09] [INFO] Running at [38;5;121m49.90[0m[38;5;159m FPS.[0m
[38;5;159m[Genesis] [22:32:09] [INFO] Running at [38;5;121m48.44[0m[38;5;159m FPS.[0m
[38;5;159m[Genesis] [22:32:09] [INFO] Running at [38;5;121m50.39[0m[38;5;159m FPS.[0m
[38;5;159m[Genesis] [22:32:09] [INFO] Running at [38;5;121m48.46[0m[38;5;159m FPS.[0m
[38;5;159m[Genesis] [22:32:09] [INFO] Running at [38;5;121m50.41[0m[38;5;159m FPS.[0m
[38;5;159m[Genesis] [22:32:09] [INFO] Running at [38;5;121m47.98[0m[38;5;159m FPS.[0m
[38;5;159m[Genesis] [22:32:09] [INFO] Running at [38;5;121m49.91[0m[38;5;159m FPS.[0m
[38;5;159m[Genesis] [22:32:09] [INFO] Running at [38;5;121m47.79[0m[38;5;159m FPS.[0m
[38;5;159m[Genesis] [22:32:09] [INFO] Running at [38;5;121m49.72[0m[38;5;159m FPS.[0m
[38;5;159m[Genesis] [22:32:09] [INFO] Running at [38;5;121m46.50[0m[38;5;159m FPS.[0m
[38;5;159m[Genesis] [22:32:09] [INFO] Running at [38;5;121m48.40[0m[38;5;159m FPS.[0m
[38;5;159m[Genesis] [22:32:09] [INFO] Running at [38;5;121m45.88[0m[38;5;159m FPS.[0m
[38;5;159m[Genesis] [22:32:09] [INFO] Running at [38;5;121m47.75[0m[38;5;159m FPS.[0m
[38;5;159m[Genesis] [22:32:09] [INFO] Running at [38;5;121m45.82[0m[38;5;159m FPS.[0m
[38;5;159m[Genesis] [22:32:09] [INFO] Running at [38;5;121m47.70[0m[38;5;159m FPS.[0m
[38;5;159m[Genesis] [22:32:09] [INFO] Running at [38;5;121m45.86[0m[38;5;159m FPS.[0m
[38;5;159m[Genesis] [22:32:09] [INFO] Running at [38;5;121m47.73[0m[38;5;159m FPS.[0m
[38;5;159m[Genesis] [22:32:09] [INFO] Running at [38;5;121m46.54[0m[38;5;159m FPS.[0m
[38;5;159m[Genesis] [22:32:09] [INFO] Running at [38;5;121m48.43[0m[38;5;159m FPS.[0m
[38;5;159m[Genesis] [22:32:09] [INFO] Running at [38;5;121m46.46[0m[38;5;159m FPS.[0m
[38;5;159m[Genesis] [22:32:09] [INFO] Running at [38;5;121m48.35[0m[38;5;159m FPS.[0m
[38;5;159m[Genesis] [22:32:09] [INFO] Running at [38;5;121m47.07[0m[38;5;159m FPS.[0m
[38;5;159m[Genesis] [22:32:09] [INFO] Running at [38;5;121m48.98[0m[38;5;159m FPS.[0m
[38;5;159m[Genesis] [22:32:09] [INFO] Running at [38;5;121m47.50[0m[38;5;159m FPS.[0m
[38;5;159m[Genesis] [22:32:09] [INFO] Running at [38;5;121m49.42[0m[38;5;159m FPS.[0m
[38;5;159m[Genesis] [22:32:09] [INFO] Running at [38;5;121m48.18[0m[38;5;159m FPS.[0m
[38;5;159m[Genesis] [22:32:09] [INFO] Running at [38;5;121m50.11[0m[38;5;159m FPS.[0m
[38;5;159m[Genesis] [22:32:10] [INFO] Running at [38;5;121m48.66[0m[38;5;159m FPS.[0m
[38;5;159m[Genesis] [22:32:10] [INFO] Running at [38;5;121m50.61[0m[38;5;159m FPS.[0m
[38;5;159m[Genesis] [22:32:10] [INFO] Running at [38;5;121m49.50[0m[38;5;159m FPS.[0m
[38;5;159m[Genesis] [22:32:10] [INFO] Running at [38;5;121m51.49[0m[38;5;159m FPS.[0m
[38;5;159m[Genesis] [22:32:10] [INFO] Running at [38;5;121m49.62[0m[38;5;159m FPS.[0m
[38;5;159m[Genesis] [22:32:10] [INFO] Running at [38;5;121m51.59[0m[38;5;159m FPS.[0m
[38;5;159m[Genesis] [22:32:10] [INFO] Running at [38;5;121m50.07[0m[38;5;159m FPS.[0m
[38;5;159m[Genesis] [22:32:10] [INFO] Running at [38;5;121m52.07[0m[38;5;159m FPS.[0m
[38;5;159m[Genesis] [22:32:10] [INFO] Running at [38;5;121m50.54[0m[38;5;159m FPS.[0m
[38;5;159m[Genesis] [22:32:10] [INFO] Running at [38;5;121m52.54[0m[38;5;159m FPS.[0m
[38;5;159m[Genesis] [22:32:10] [INFO] Running at [38;5;121m51.25[0m[38;5;159m FPS.[0m
[38;5;159m[Genesis] [22:32:10] [INFO] Running at [38;5;121m53.27[0m[38;5;159m FPS.[0m
[38;5;159m[Genesis] [22:32:10] [INFO] Running at [38;5;121m51.11[0m[38;5;159m FPS.[0m
[38;5;159m[Genesis] [22:32:10] [INFO] Running at [38;5;121m53.13[0m[38;5;159m FPS.[0m
[38;5;159m[Genesis] [22:32:10] [INFO] Running at [38;5;121m51.67[0m[38;5;159m FPS.[0m
[38;5;159m[Genesis] [22:32:10] [INFO] Running at [38;5;121m53.70[0m[38;5;159m FPS.[0m
[38;5;159m[Genesis] [22:32:10] [INFO] Running at [38;5;121m51.66[0m[38;5;159m FPS.[0m
[38;5;159m[Genesis] [22:32:10] [INFO] Running at [38;5;121m53.69[0m[38;5;159m FPS.[0m
[38;5;159m[Genesis] [22:32:10] [INFO] Running at [38;5;121m52.78[0m[38;5;159m FPS.[0m
[38;5;159m[Genesis] [22:32:10] [INFO] Running at [38;5;121m54.83[0m[38;5;159m FPS.[0m
[38;5;159m[Genesis] [22:32:10] [INFO] Running at [38;5;121m53.41[0m[38;5;159m FPS.[0m
[38;5;159m[Genesis] [22:32:10] [INFO] Running at [38;5;121m55.49[0m[38;5;159m FPS.[0m
[38;5;159m[Genesis] [22:32:10] [INFO] Running at [38;5;121m52.94[0m[38;5;159m FPS.[0m
[38;5;159m[Genesis] [22:32:10] [INFO] Running at [38;5;121m55.02[0m[38;5;159m FPS.[0m
[38;5;159m[Genesis] [22:32:10] [INFO] Running at [38;5;121m51.70[0m[38;5;159m FPS.[0m
[38;5;159m[Genesis] [22:32:10] [INFO] Running at [38;5;121m53.73[0m[38;5;159m FPS.[0m
[38;5;159m[Genesis] [22:32:10] [INFO] Running at [38;5;121m50.21[0m[38;5;159m FPS.[0m
[38;5;159m[Genesis] [22:32:10] [INFO] Running at [38;5;121m52.21[0m[38;5;159m FPS.[0m
[38;5;159m[Genesis] [22:32:10] [INFO] Scene [38;5;121m[3m<a1668b9>[0m[38;5;159m created.[0m
[38;5;159m[Genesis] [22:32:10] [INFO] Adding [38;5;121m<gs.RigidEntity>[0m[38;5;159m. idx: [38;5;121m0[0m[38;5;159m, uid: [38;5;121m[3m<ac9d099>[0m[38;5;159m, morph: [38;5;121m<gs.morphs.Plane>[0m[38;5;159m, material: [38;5;121m<gs.materials.Rigid>[0m[38;5;159m.[0m
[38;5;159m[Genesis] [22:32:10] [INFO] Adding [38;5;121m<gs.RigidEntity>[0m[38;5;159m. idx: [38;5;121m1[0m[38;5;159m, uid: [38;5;121m[3m<96dde62>[0m[38;5;159m, morph: [38;5;121m<gs.morphs.URDF(file='/home/jkoba/SynologyDrive/genesis_humanoid_rl/assets/robots/g1/g1_29dof.urdf')>[0m[38;5;159m, material: [38;5;121m<gs.materials.Rigid>[0m[38;5;159m.[0m
[38;5;159m[Genesis] [22:32:11] [INFO] Building scene [38;5;121m[3m<a1668b9>[0m[38;5;159m...[0m
[38;5;159m[Genesis] [22:32:20] [INFO] Compiling simulation kernels...[0m
[38;5;159m[Genesis] [22:32:54] [INFO] Building visualizer...[0m
[38;5;159m[Genesis] [22:32:54] [INFO] Running at [38;5;121m144.11[0m[38;5;159m FPS.[0m
[38;5;159m[Genesis] [22:32:54] [INFO] Running at [38;5;121m146.49[0m[38;5;159m FPS.[0m
[38;5;159m[Genesis] [22:32:54] [INFO] Running at [38;5;121m148.80[0m[38;5;159m FPS.[0m
[38;5;159m[Genesis] [22:32:54] [INFO] Running at [38;5;121m151.16[0m[38;5;159m FPS.[0m
[38;5;159m[Genesis] [22:32:54] [INFO] Running at [38;5;121m153.35[0m[38;5;159m FPS.[0m
[38;5;159m[Genesis] [22:32:54] [INFO] Running at [38;5;121m155.44[0m[38;5;159m FPS.[0m
[38;5;159m[Genesis] [22:32:54] [INFO] Running at [38;5;121m150.60[0m[38;5;159m FPS.[0m
[38;5;159m[Genesis] [22:32:54] [INFO] Running at [38;5;121m146.33[0m[38;5;159m FPS.[0m
[38;5;159m[Genesis] [22:32:54] [INFO] Running at [38;5;121m142.46[0m[38;5;159m FPS.[0m
[38;5;159m[Genesis] [22:32:54] [INFO] Running at [38;5;121m138.96[0m[38;5;159m FPS.[0m
[38;5;159m[Genesis] [22:32:54] [INFO] Running at [38;5;121m56.66[0m[38;5;159m FPS.[0m
[38;5;159m[Genesis] [22:32:54] [INFO] Running at [38;5;121m58.81[0m[38;5;159m FPS.[0m
[38;5;159m[Genesis] [22:32:54] [INFO] Running at [38;5;121m54.97[0m[38;5;159m FPS.[0m
[38;5;159m[Genesis] [22:32:54] [INFO] Running at [38;5;121m57.09[0m[38;5;159m FPS.[0m
[38;5;159m[Genesis] [22:32:54] [INFO] Running at [38;5;121m54.06[0m[38;5;159m FPS.[0m
[38;5;159m[Genesis] [22:32:54] [INFO] Running at [38;5;121m56.16[0m[38;5;159m FPS.[0m
[38;5;159m[Genesis] [22:32:54] [INFO] Running at [38;5;121m53.22[0m[38;5;159m FPS.[0m
[38;5;159m[Genesis] [22:32:54] [INFO] Running at [38;5;121m55.29[0m[38;5;159m FPS.[0m
[38;5;159m[Genesis] [22:32:54] [INFO] Running at [38;5;121m52.86[0m[38;5;159m FPS.[0m
[38;5;159m[Genesis] [22:32:54] [INFO] Running at [38;5;121m54.93[0m[38;5;159m FPS.[0m
[38;5;159m[Genesis] [22:32:54] [INFO] Running at [38;5;121m53.03[0m[38;5;159m FPS.[0m
[38;5;159m[Genesis] [22:32:54] [INFO] Running at [38;5;121m55.10[0m[38;5;159m FPS.[0m
[38;5;159m[Genesis] [22:32:55] [INFO] Running at [38;5;121m53.43[0m[38;5;159m FPS.[0m
[38;5;159m[Genesis] [22:32:55] [INFO] Running at [38;5;121m55.51[0m[38;5;159m FPS.[0m
[38;5;159m[Genesis] [22:32:55] [INFO] Running at [38;5;121m54.41[0m[38;5;159m FPS.[0m
[38;5;159m[Genesis] [22:32:55] [INFO] Running at [38;5;121m56.52[0m[38;5;159m FPS.[0m
[38;5;159m[Genesis] [22:32:55] [INFO] Running at [38;5;121m52.89[0m[38;5;159m FPS.[0m
[38;5;159m[Genesis] [22:32:55] [INFO] Running at [38;5;121m54.95[0m[38;5;159m FPS.[0m
[38;5;159m[Genesis] [22:32:55] [INFO] Running at [38;5;121m51.83[0m[38;5;159m FPS.[0m
[38;5;159m[Genesis] [22:32:55] [INFO] Running at [38;5;121m53.88[0m[38;5;159m FPS.[0m
[38;5;159m[Genesis] [22:32:55] [INFO] Running at [38;5;121m51.40[0m[38;5;159m FPS.[0m
[38;5;159m[Genesis] [22:32:55] [INFO] Running at [38;5;121m53.42[0m[38;5;159m FPS.[0m
[38;5;159m[Genesis] [22:32:55] [INFO] Running at [38;5;121m50.30[0m[38;5;159m FPS.[0m
[38;5;159m[Genesis] [22:32:55] [INFO] Running at [38;5;121m52.27[0m[38;5;159m FPS.[0m
[38;5;159m[Genesis] [22:32:55] [INFO] Running at [38;5;121m50.50[0m[38;5;159m FPS.[0m
[38;5;159m[Genesis] [22:32:55] [INFO] Running at [38;5;121m52.51[0m[38;5;159m FPS.[0m
[38;5;159m[Genesis] [22:32:55] [INFO] Running at [38;5;121m50.78[0m[38;5;159m FPS.[0m
[38;5;159m[Genesis] [22:32:55] [INFO] Running at [38;5;121m52.78[0m[38;5;159m FPS.[0m
[38;5;159m[Genesis] [22:32:55] [INFO] Running at [38;5;121m50.32[0m[38;5;159m FPS.[0m
[38;5;159m[Genesis] [22:32:55] [INFO] Running at [38;5;121m52.30[0m[38;5;159m FPS.[0m
[38;5;159m[Genesis] [22:32:55] [INFO] Running at [38;5;121m48.58[0m[38;5;159m FPS.[0m
[38;5;159m[Genesis] [22:32:55] [INFO] Running at [38;5;121m50.53[0m[38;5;159m FPS.[0m
[38;5;159m[Genesis] [22:32:55] [INFO] Running at [38;5;121m47.26[0m[38;5;159m FPS.[0m
[38;5;159m[Genesis] [22:32:55] [INFO] Running at [38;5;121m49.17[0m[38;5;159m FPS.[0m
[38;5;159m[Genesis] [22:32:55] [INFO] Running at [38;5;121m46.52[0m[38;5;159m FPS.[0m
[38;5;159m[Genesis] [22:32:55] [INFO] Running at [38;5;121m48.42[0m[38;5;159m FPS.[0m
[38;5;159m[Genesis] [22:32:55] [INFO] Running at [38;5;121m46.61[0m[38;5;159m FPS.[0m
[38;5;159m[Genesis] [22:32:55] [INFO] Running at [38;5;121m48.50[0m[38;5;159m FPS.[0m
[38;5;159m[Genesis] [22:32:55] [INFO] Running at [38;5;121m45.64[0m[38;5;159m FPS.[0m
[38;5;159m[Genesis] [22:32:55] [INFO] Running at [38;5;121m47.50[0m[38;5;159m FPS.[0m
[38;5;159m[Genesis] [22:32:55] [INFO] Running at [38;5;121m45.34[0m[38;5;159m FPS.[0m
[38;5;159m[Genesis] [22:32:55] [INFO] Running at [38;5;121m47.20[0m[38;5;159m FPS.[0m
[38;5;159m[Genesis] [22:32:55] [INFO] Running at [38;5;121m45.07[0m[38;5;159m FPS.[0m
[38;5;159m[Genesis] [22:32:55] [INFO] Running at [38;5;121m46.91[0m[38;5;159m FPS.[0m
[38;5;159m[Genesis] [22:32:55] [INFO] Running at [38;5;121m45.48[0m[38;5;159m FPS.[0m
[38;5;159m[Genesis] [22:32:55] [INFO] Running at [38;5;121m47.34[0m[38;5;159m FPS.[0m
[38;5;159m[Genesis] [22:32:55] [INFO] Running at [38;5;121m44.40[0m[38;5;159m FPS.[0m
[38;5;159m[Genesis] [22:32:55] [INFO] Running at [38;5;121m46.23[0m[38;5;159m FPS.[0m
[38;5;159m[Genesis] [22:32:55] [INFO] Running at [38;5;121m44.30[0m[38;5;159m FPS.[0m
[38;5;159m[Genesis] [22:32:55] [INFO] Running at [38;5;121m46.12[0m[38;5;159m FPS.[0m
[38;5;159m[Genesis] [22:32:55] [INFO] Running at [38;5;121m43.69[0m[38;5;159m FPS.[0m
[38;5;159m[Genesis] [22:32:55] [INFO] Running at [38;5;121m45.50[0m[38;5;159m FPS.[0m
[38;5;159m[Genesis] [22:32:55] [INFO] Running at [38;5;121m43.46[0m[38;5;159m FPS.[0m
[38;5;159m[Genesis] [22:32:55] [INFO] Running at [38;5;121m45.26[0m[38;5;159m FPS.[0m
[38;5;159m[Genesis] [22:32:55] [INFO] Running at [38;5;121m44.26[0m[38;5;159m FPS.[0m
[38;5;159m[Genesis] [22:32:55] [INFO] Running at [38;5;121m46.09[0m[38;5;159m FPS.[0m
[38;5;159m[Genesis] [22:32:56] [INFO] Running at [38;5;121m44.60[0m[38;5;159m FPS.[0m
[38;5;159m[Genesis] [22:32:56] [INFO] Running at [38;5;121m46.44[0m[38;5;159m FPS.[0m
[38;5;159m[Genesis] [22:32:56] [INFO] Running at [38;5;121m44.49[0m[38;5;159m FPS.[0m
[38;5;159m[Genesis] [22:32:56] [INFO] Running at [38;5;121m46.32[0m[38;5;159m FPS.[0m
[38;5;159m[Genesis] [22:32:56] [INFO] Running at [38;5;121m44.65[0m[38;5;159m FPS.[0m
[38;5;159m[Genesis] [22:32:56] [INFO] Running at [38;5;121m46.50[0m[38;5;159m FPS.[0m
[38;5;159m[Genesis] [22:32:56] [INFO] Running at [38;5;121m43.93[0m[38;5;159m FPS.[0m
[38;5;159m[Genesis] [22:32:56] [INFO] Running at [38;5;121m45.73[0m[38;5;159m FPS.[0m
[38;5;159m[Genesis] [22:32:56] [INFO] Running at [38;5;121m43.01[0m[38;5;159m FPS.[0m
[38;5;159m[Genesis] [22:32:56] [INFO] Running at [38;5;121m44.79[0m[38;5;159m FPS.[0m
[38;5;159m[Genesis] [22:32:56] [INFO] Running at [38;5;121m43.78[0m[38;5;159m FPS.[0m
[38;5;159m[Genesis] [22:32:56] [INFO] Running at [38;5;121m45.59[0m[38;5;159m FPS.[0m
[38;5;159m[Genesis] [22:32:56] [INFO] Running at [38;5;121m44.96[0m[38;5;159m FPS.[0m
[38;5;159m[Genesis] [22:32:56] [INFO] Running at [38;5;121m46.79[0m[38;5;159m FPS.[0m
[38;5;159m[Genesis] [22:32:56] [INFO] Running at [38;5;121m46.15[0m[38;5;159m FPS.[0m
[38;5;159m[Genesis] [22:32:56] [INFO] Running at [38;5;121m48.03[0m[38;5;159m FPS.[0m
[38;5;159m[Genesis] [22:32:56] [INFO] Running at [38;5;121m46.60[0m[38;5;159m FPS.[0m
[38;5;159m[Genesis] [22:32:56] [INFO] Running at [38;5;121m48.49[0m[38;5;159m FPS.[0m
[38;5;159m[Genesis] [22:32:56] [INFO] Running at [38;5;121m46.66[0m[38;5;159m FPS.[0m
[38;5;159m[Genesis] [22:32:56] [INFO] Running at [38;5;121m48.54[0m[38;5;159m FPS.[0m
[38;5;159m[Genesis] [22:32:56] [INFO] Running at [38;5;121m46.75[0m[38;5;159m FPS.[0m
[38;5;159m[Genesis] [22:32:56] [INFO] Running at [38;5;121m48.66[0m[38;5;159m FPS.[0m
[38;5;159m[Genesis] [22:32:56] [INFO] Running at [38;5;121m47.53[0m[38;5;159m FPS.[0m
[38;5;159m[Genesis] [22:32:56] [INFO] Running at [38;5;121m49.44[0m[38;5;159m FPS.[0m
[38;5;159m[Genesis] [22:32:56] [INFO] Running at [38;5;121m47.69[0m[38;5;159m FPS.[0m
[38;5;159m[Genesis] [22:32:56] [INFO] Running at [38;5;121m49.61[0m[38;5;159m FPS.[0m
[38;5;159m[Genesis] [22:32:56] [INFO] Running at [38;5;121m47.17[0m[38;5;159m FPS.[0m
[38;5;159m[Genesis] [22:32:56] [INFO] Running at [38;5;121m49.09[0m[38;5;159m FPS.[0m
[38;5;159m[Genesis] [22:32:56] [INFO] Running at [38;5;121m47.76[0m[38;5;159m FPS.[0m
[38;5;159m[Genesis] [22:32:56] [INFO] Running at [38;5;121m49.69[0m[38;5;159m FPS.[0m
[38;5;159m[Genesis] [22:32:56] [INFO] Running at [38;5;121m49.01[0m[38;5;159m FPS.[0m
[38;5;159m[Genesis] [22:32:56] [INFO] Running at [38;5;121m50.98[0m[38;5;159m FPS.[0m
[38;5;159m[Genesis] [22:32:56] [INFO] Running at [38;5;121m49.99[0m[38;5;159m FPS.[0m
[38;5;159m[Genesis] [22:32:56] [INFO] Running at [38;5;121m51.97[0m[38;5;159m FPS.[0m
[38;5;159m[Genesis] [22:32:56] [INFO] Running at [38;5;121m50.80[0m[38;5;159m FPS.[0m
[38;5;159m[Genesis] [22:32:56] [INFO] Running at [38;5;121m52.82[0m[38;5;159m FPS.[0m
[38;5;159m[Genesis] [22:32:56] [INFO] Running at [38;5;121m50.27[0m[38;5;159m FPS.[0m
[38;5;159m[Genesis] [22:32:56] [INFO] Running at [38;5;121m52.27[0m[38;5;159m FPS.[0m
[38;5;159m[Genesis] [22:32:56] [INFO] Scene [38;5;121m[3m<e1f8a8e>[0m[38;5;159m created.[0m
[38;5;159m[Genesis] [22:32:56] [INFO] Adding [38;5;121m<gs.RigidEntity>[0m[38;5;159m. idx: [38;5;121m0[0m[38;5;159m, uid: [38;5;121m[3m<1168a3b>[0m[38;5;159m, morph: [38;5;121m<gs.morphs.Plane>[0m[38;5;159m, material: [38;5;121m<gs.materials.Rigid>[0m[38;5;159m.[0m
[38;5;159m[Genesis] [22:32:56] [INFO] Adding [38;5;121m<gs.RigidEntity>[0m[38;5;159m. idx: [38;5;121m1[0m[38;5;159m, uid: [38;5;121m[3m<7fec38a>[0m[38;5;159m, morph: [38;5;121m<gs.morphs.URDF(file='/home/jkoba/SynologyDrive/genesis_humanoid_rl/assets/robots/g1/g1_29dof.urdf')>[0m[38;5;159m, material: [38;5;121m<gs.materials.Rigid>[0m[38;5;159m.[0m
[38;5;159m[Genesis] [22:32:58] [INFO] Building scene [38;5;121m[3m<e1f8a8e>[0m[38;5;159m...[0m
[38;5;159m[Genesis] [22:33:07] [INFO] Compiling simulation kernels...[0m
[38;5;159m[Genesis] [22:33:40] [INFO] Building visualizer...[0m
[38;5;159m[Genesis] [22:33:41] [INFO] Running at [38;5;121m141.00[0m[38;5;159m FPS.[0m
[38;5;159m[Genesis] [22:33:41] [INFO] Running at [38;5;121m143.09[0m[38;5;159m FPS.[0m
[38;5;159m[Genesis] [22:33:41] [INFO] Running at [38;5;121m145.37[0m[38;5;159m FPS.[0m
[38;5;159m[Genesis] [22:33:41] [INFO] Running at [38;5;121m147.72[0m[38;5;159m FPS.[0m
[38;5;159m[Genesis] [22:33:41] [INFO] Running at [38;5;121m149.90[0m[38;5;159m FPS.[0m
[38;5;159m[Genesis] [22:33:41] [INFO] Running at [38;5;121m152.18[0m[38;5;159m FPS.[0m
[38;5;159m[Genesis] [22:33:41] [INFO] Running at [38;5;121m148.24[0m[38;5;159m FPS.[0m
[38;5;159m[Genesis] [22:33:41] [INFO] Running at [38;5;121m144.26[0m[38;5;159m FPS.[0m
[38;5;159m[Genesis] [22:33:41] [INFO] Running at [38;5;121m140.58[0m[38;5;159m FPS.[0m
[38;5;159m[Genesis] [22:33:41] [INFO] Running at [38;5;121m137.26[0m[38;5;159m FPS.[0m
[38;5;159m[Genesis] [22:33:41] [INFO] Running at [38;5;121m56.09[0m[38;5;159m FPS.[0m
[38;5;159m[Genesis] [22:33:41] [INFO] Running at [38;5;121m58.19[0m[38;5;159m FPS.[0m
[38;5;159m[Genesis] [22:33:41] [INFO] Running at [38;5;121m55.70[0m[38;5;159m FPS.[0m
[38;5;159m[Genesis] [22:33:41] [INFO] Running at [38;5;121m57.83[0m[38;5;159m FPS.[0m
[38;5;159m[Genesis] [22:33:41] [INFO] Running at [38;5;121m55.05[0m[38;5;159m FPS.[0m
[38;5;159m[Genesis] [22:33:41] [INFO] Running at [38;5;121m57.18[0m[38;5;159m FPS.[0m
[38;5;159m[Genesis] [22:33:41] [INFO] Running at [38;5;121m55.05[0m[38;5;159m FPS.[0m
[38;5;159m[Genesis] [22:33:41] [INFO] Running at [38;5;121m57.17[0m[38;5;159m FPS.[0m
[38;5;159m[Genesis] [22:33:41] [INFO] Running at [38;5;121m54.85[0m[38;5;159m FPS.[0m
[38;5;159m[Genesis] [22:33:41] [INFO] Running at [38;5;121m56.98[0m[38;5;159m FPS.[0m
[38;5;159m[Genesis] [22:33:41] [INFO] Running at [38;5;121m55.12[0m[38;5;159m FPS.[0m
[38;5;159m[Genesis] [22:33:41] [INFO] Running at [38;5;121m57.25[0m[38;5;159m FPS.[0m
[38;5;159m[Genesis] [22:33:41] [INFO] Running at [38;5;121m54.80[0m[38;5;159m FPS.[0m
[38;5;159m[Genesis] [22:33:41] [INFO] Running at [38;5;121m56.92[0m[38;5;159m FPS.[0m
[38;5;159m[Genesis] [22:33:41] [INFO] Running at [38;5;121m55.17[0m[38;5;159m FPS.[0m
[38;5;159m[Genesis] [22:33:41] [INFO] Running at [38;5;121m57.30[0m[38;5;159m FPS.[0m
[38;5;159m[Genesis] [22:33:41] [INFO] Running at [38;5;121m55.54[0m[38;5;159m FPS.[0m
[38;5;159m[Genesis] [22:33:41] [INFO] Running at [38;5;121m57.68[0m[38;5;159m FPS.[0m
[38;5;159m[Genesis] [22:33:41] [INFO] Running at [38;5;121m56.07[0m[38;5;159m FPS.[0m
[38;5;159m[Genesis] [22:33:41] [INFO] Running at [38;5;121m58.23[0m[38;5;159m FPS.[0m
[38;5;159m[Genesis] [22:33:42] [INFO] Running at [38;5;121m56.44[0m[38;5;159m FPS.[0m
[38;5;159m[Genesis] [22:33:42] [INFO] Running at [38;5;121m58.60[0m[38;5;159m FPS.[0m
[38;5;159m[Genesis] [22:33:42] [INFO] Running at [38;5;121m55.44[0m[38;5;159m FPS.[0m
[38;5;159m[Genesis] [22:33:42] [INFO] Running at [38;5;121m57.57[0m[38;5;159m FPS.[0m
[38;5;159m[Genesis] [22:33:42] [INFO] Running at [38;5;121m54.75[0m[38;5;159m FPS.[0m
[38;5;159m[Genesis] [22:33:42] [INFO] Running at [38;5;121m56.87[0m[38;5;159m FPS.[0m
[38;5;159m[Genesis] [22:33:42] [INFO] Running at [38;5;121m54.09[0m[38;5;159m FPS.[0m
[38;5;159m[Genesis] [22:33:42] [INFO] Running at [38;5;121m56.18[0m[38;5;159m FPS.[0m
[38;5;159m[Genesis] [22:33:42] [INFO] Running at [38;5;121m53.72[0m[38;5;159m FPS.[0m
[38;5;159m[Genesis] [22:33:42] [INFO] Running at [38;5;121m55.79[0m[38;5;159m FPS.[0m
[38;5;159m[Genesis] [22:33:42] [INFO] Running at [38;5;121m54.19[0m[38;5;159m FPS.[0m
[38;5;159m[Genesis] [22:33:42] [INFO] Running at [38;5;121m56.29[0m[38;5;159m FPS.[0m
[38;5;159m[Genesis] [22:33:42] [INFO] Running at [38;5;121m54.05[0m[38;5;159m FPS.[0m
[38;5;159m[Genesis] [22:33:42] [INFO] Running at [38;5;121m56.15[0m[38;5;159m FPS.[0m
[38;5;159m[Genesis] [22:33:42] [INFO] Running at [38;5;121m52.84[0m[38;5;159m FPS.[0m
[38;5;159m[Genesis] [22:33:42] [INFO] Running at [38;5;121m54.92[0m[38;5;159m FPS.[0m
[38;5;159m[Genesis] [22:33:42] [INFO] Running at [38;5;121m51.57[0m[38;5;159m FPS.[0m
[38;5;159m[Genesis] [22:33:42] [INFO] Running at [38;5;121m53.61[0m[38;5;159m FPS.[0m
[38;5;159m[Genesis] [22:33:42] [INFO] Running at [38;5;121m49.94[0m[38;5;159m FPS.[0m
[38;5;159m[Genesis] [22:33:42] [INFO] Running at [38;5;121m51.92[0m[38;5;159m FPS.[0m
[38;5;159m[Genesis] [22:33:42] [INFO] Running at [38;5;121m49.61[0m[38;5;159m FPS.[0m
[38;5;159m[Genesis] [22:33:42] [INFO] Running at [38;5;121m51.60[0m[38;5;159m FPS.[0m
[38;5;159m[Genesis] [22:33:42] [INFO] Running at [38;5;121m48.95[0m[38;5;159m FPS.[0m
[38;5;159m[Genesis] [22:33:42] [INFO] Running at [38;5;121m50.91[0m[38;5;159m FPS.[0m
[38;5;159m[Genesis] [22:33:42] [INFO] Running at [38;5;121m47.80[0m[38;5;159m FPS.[0m
[38;5;159m[Genesis] [22:33:42] [INFO] Running at [38;5;121m49.74[0m[38;5;159m FPS.[0m
[38;5;159m[Genesis] [22:33:42] [INFO] Running at [38;5;121m47.69[0m[38;5;159m FPS.[0m
[38;5;159m[Genesis] [22:33:42] [INFO] Running at [38;5;121m49.62[0m[38;5;159m FPS.[0m
[38;5;159m[Genesis] [22:33:42] [INFO] Running at [38;5;121m47.17[0m[38;5;159m FPS.[0m
[38;5;159m[Genesis] [22:33:42] [INFO] Running at [38;5;121m49.08[0m[38;5;159m FPS.[0m
[38;5;159m[Genesis] [22:33:42] [INFO] Running at [38;5;121m46.40[0m[38;5;159m FPS.[0m
[38;5;159m[Genesis] [22:33:42] [INFO] Running at [38;5;121m48.29[0m[38;5;159m FPS.[0m
[38;5;159m[Genesis] [22:33:42] [INFO] Running at [38;5;121m45.64[0m[38;5;159m FPS.[0m
[38;5;159m[Genesis] [22:33:42] [INFO] Running at [38;5;121m47.50[0m[38;5;159m FPS.[0m
[38;5;159m[Genesis] [22:33:42] [INFO] Running at [38;5;121m45.98[0m[38;5;159m FPS.[0m
[38;5;159m[Genesis] [22:33:42] [INFO] Running at [38;5;121m47.86[0m[38;5;159m FPS.[0m
[38;5;159m[Genesis] [22:33:42] [INFO] Running at [38;5;121m46.21[0m[38;5;159m FPS.[0m
[38;5;159m[Genesis] [22:33:42] [INFO] Running at [38;5;121m48.09[0m[38;5;159m FPS.[0m
[38;5;159m[Genesis] [22:33:42] [INFO] Running at [38;5;121m46.75[0m[38;5;159m FPS.[0m
[38;5;159m[Genesis] [22:33:42] [INFO] Running at [38;5;121m48.65[0m[38;5;159m FPS.[0m
[38;5;159m[Genesis] [22:33:42] [INFO] Running at [38;5;121m46.35[0m[38;5;159m FPS.[0m
[38;5;159m[Genesis] [22:33:42] [INFO] Running at [38;5;121m48.25[0m[38;5;159m FPS.[0m
[38;5;159m[Genesis] [22:33:42] [INFO] Running at [38;5;121m46.14[0m[38;5;159m FPS.[0m
[38;5;159m[Genesis] [22:33:42] [INFO] Running at [38;5;121m48.02[0m[38;5;159m FPS.[0m
[38;5;159m[Genesis] [22:33:42] [INFO] Running at [38;5;121m44.84[0m[38;5;159m FPS.[0m
[38;5;159m[Genesis] [22:33:42] [INFO] Running at [38;5;121m46.68[0m[38;5;159m FPS.[0m
[38;5;159m[Genesis] [22:33:43] [INFO] Running at [38;5;121m45.24[0m[38;5;159m FPS.[0m
[38;5;159m[Genesis] [22:33:43] [INFO] Running at [38;5;121m47.11[0m[38;5;159m FPS.[0m
[38;5;159m[Genesis] [22:33:43] [INFO] Running at [38;5;121m45.30[0m[38;5;159m FPS.[0m
[38;5;159m[Genesis] [22:33:43] [INFO] Running at [38;5;121m47.16[0m[38;5;159m FPS.[0m
[38;5;159m[Genesis] [22:33:43] [INFO] Running at [38;5;121m45.25[0m[38;5;159m FPS.[0m
[38;5;159m[Genesis] [22:33:43] [INFO] Running at [38;5;121m47.11[0m[38;5;159m FPS.[0m
[38;5;159m[Genesis] [22:33:43] [INFO] Running at [38;5;121m46.15[0m[38;5;159m FPS.[0m
[38;5;159m[Genesis] [22:33:43] [INFO] Running at [38;5;121m48.04[0m[38;5;159m FPS.[0m
[38;5;159m[Genesis] [22:33:43] [INFO] Running at [38;5;121m46.61[0m[38;5;159m FPS.[0m
[38;5;159m[Genesis] [22:33:43] [INFO] Running at [38;5;121m48.51[0m[38;5;159m FPS.[0m
[38;5;159m[Genesis] [22:33:43] [INFO] Running at [38;5;121m46.80[0m[38;5;159m FPS.[0m
[38;5;159m[Genesis] [22:33:43] [INFO] Running at [38;5;121m48.71[0m[38;5;159m FPS.[0m
[38;5;159m[Genesis] [22:33:43] [INFO] Running at [38;5;121m46.71[0m[38;5;159m FPS.[0m
[38;5;159m[Genesis] [22:33:43] [INFO] Running at [38;5;121m48.62[0m[38;5;159m FPS.[0m
[38;5;159m[Genesis] [22:33:43] [INFO] Running at [38;5;121m47.33[0m[38;5;159m FPS.[0m
[38;5;159m[Genesis] [22:33:43] [INFO] Running at [38;5;121m49.24[0m[38;5;159m FPS.[0m
[38;5;159m[Genesis] [22:33:43] [INFO] Running at [38;5;121m47.79[0m[38;5;159m FPS.[0m
[38;5;159m[Genesis] [22:33:43] [INFO] Running at [38;5;121m49.72[0m[38;5;159m FPS.[0m
[38;5;159m[Genesis] [22:33:43] [INFO] Running at [38;5;121m48.56[0m[38;5;159m FPS.[0m
[38;5;159m[Genesis] [22:33:43] [INFO] Running at [38;5;121m50.51[0m[38;5;159m FPS.[0m
[38;5;159m[Genesis] [22:33:43] [INFO] Running at [38;5;121m49.19[0m[38;5;159m FPS.[0m
[38;5;159m[Genesis] [22:33:43] [INFO] Running at [38;5;121m51.16[0m[38;5;159m FPS.[0m
[38;5;159m[Genesis] [22:33:43] [INFO] Running at [38;5;121m49.21[0m[38;5;159m FPS.[0m
[38;5;159m[Genesis] [22:33:43] [INFO] Running at [38;5;121m51.19[0m[38;5;159m FPS.[0m
[38;5;159m[Genesis] [22:33:43] [INFO] Running at [38;5;121m49.34[0m[38;5;159m FPS.[0m
[38;5;159m[Genesis] [22:33:43] [INFO] Running at [38;5;121m51.30[0m[38;5;159m FPS.[0m
[38;5;159m[Genesis] [22:33:43] [INFO] Running at [38;5;121m49.51[0m[38;5;159m FPS.[0m
[38;5;159m[Genesis] [22:33:43] [INFO] Running at [38;5;121m51.49[0m[38;5;159m FPS.[0m
[38;5;159m[Genesis] [22:33:43] [INFO] Running at [38;5;121m49.85[0m[38;5;159m FPS.[0m
[38;5;159m[Genesis] [22:33:43] [INFO] Running at [38;5;121m51.84[0m[38;5;159m FPS.[0m
[38;5;159m[Genesis] [22:33:43] [INFO] Scene [38;5;121m[3m<3124a19>[0m[38;5;159m created.[0m
[38;5;159m[Genesis] [22:33:43] [INFO] Adding [38;5;121m<gs.RigidEntity>[0m[38;5;159m. idx: [38;5;121m0[0m[38;5;159m, uid: [38;5;121m[3m<145e8d2>[0m[38;5;159m, morph: [38;5;121m<gs.morphs.Plane>[0m[38;5;159m, material: [38;5;121m<gs.materials.Rigid>[0m[38;5;159m.[0m
[38;5;159m[Genesis] [22:33:43] [INFO] Adding [38;5;121m<gs.RigidEntity>[0m[38;5;159m. idx: [38;5;121m1[0m[38;5;159m, uid: [38;5;121m[3m<147b35c>[0m[38;5;159m, morph: [38;5;121m<gs.morphs.URDF(file='/home/jkoba/SynologyDrive/genesis_humanoid_rl/assets/robots/g1/g1_29dof.urdf')>[0m[38;5;159m, material: [38;5;121m<gs.materials.Rigid>[0m[38;5;159m.[0m
[38;5;159m[Genesis] [22:33:44] [INFO] Building scene [38;5;121m[3m<3124a19>[0m[38;5;159m...[0m
[38;5;159m[Genesis] [22:33:53] [INFO] Compiling simulation kernels...[0m
[38;5;159m[Genesis] [22:34:27] [INFO] Building visualizer...[0m
[38;5;159m[Genesis] [22:34:28] [INFO] Running at [38;5;121m140.30[0m[38;5;159m FPS.[0m
[38;5;159m[Genesis] [22:34:28] [INFO] Running at [38;5;121m142.68[0m[38;5;159m FPS.[0m
[38;5;159m[Genesis] [22:34:28] [INFO] Running at [38;5;121m145.02[0m[38;5;159m FPS.[0m
[38;5;159m[Genesis] [22:34:28] [INFO] Running at [38;5;121m147.29[0m[38;5;159m FPS.[0m
[38;5;159m[Genesis] [22:34:28] [INFO] Running at [38;5;121m149.48[0m[38;5;159m FPS.[0m
[38;5;159m[Genesis] [22:34:28] [INFO] Running at [38;5;121m151.80[0m[38;5;159m FPS.[0m
[38;5;159m[Genesis] [22:34:28] [INFO] Running at [38;5;121m147.95[0m[38;5;159m FPS.[0m
[38;5;159m[Genesis] [22:34:28] [INFO] Running at [38;5;121m143.93[0m[38;5;159m FPS.[0m
[38;5;159m[Genesis] [22:34:28] [INFO] Running at [38;5;121m140.30[0m[38;5;159m FPS.[0m
[38;5;159m[Genesis] [22:34:28] [INFO] Running at [38;5;121m137.01[0m[38;5;159m FPS.[0m
[38;5;159m[Genesis] [22:34:28] [INFO] Running at [38;5;121m55.12[0m[38;5;159m FPS.[0m
[38;5;159m[Genesis] [22:34:28] [INFO] Running at [38;5;121m57.23[0m[38;5;159m FPS.[0m
[38;5;159m[Genesis] [22:34:28] [INFO] Running at [38;5;121m54.92[0m[38;5;159m FPS.[0m
[38;5;159m[Genesis] [22:34:28] [INFO] Running at [38;5;121m57.02[0m[38;5;159m FPS.[0m
[38;5;159m[Genesis] [22:34:28] [INFO] Running at [38;5;121m54.86[0m[38;5;159m FPS.[0m
[38;5;159m[Genesis] [22:34:28] [INFO] Running at [38;5;121m56.97[0m[38;5;159m FPS.[0m
[38;5;159m[Genesis] [22:34:28] [INFO] Running at [38;5;121m55.16[0m[38;5;159m FPS.[0m
[38;5;159m[Genesis] [22:34:28] [INFO] Running at [38;5;121m57.27[0m[38;5;159m FPS.[0m
[38;5;159m[Genesis] [22:34:28] [INFO] Running at [38;5;121m55.56[0m[38;5;159m FPS.[0m
[38;5;159m[Genesis] [22:34:28] [INFO] Running at [38;5;121m57.67[0m[38;5;159m FPS.[0m
[38;5;159m[Genesis] [22:34:28] [INFO] Running at [38;5;121m56.51[0m[38;5;159m FPS.[0m
[38;5;159m[Genesis] [22:34:28] [INFO] Running at [38;5;121m58.63[0m[38;5;159m FPS.[0m
[38;5;159m[Genesis] [22:34:28] [INFO] Running at [38;5;121m56.78[0m[38;5;159m FPS.[0m
[38;5;159m[Genesis] [22:34:28] [INFO] Running at [38;5;121m58.93[0m[38;5;159m FPS.[0m
[38;5;159m[Genesis] [22:34:28] [INFO] Running at [38;5;121m56.33[0m[38;5;159m FPS.[0m
[38;5;159m[Genesis] [22:34:28] [INFO] Running at [38;5;121m58.48[0m[38;5;159m FPS.[0m
[38;5;159m[Genesis] [22:34:28] [INFO] Running at [38;5;121m56.44[0m[38;5;159m FPS.[0m
[38;5;159m[Genesis] [22:34:28] [INFO] Running at [38;5;121m58.58[0m[38;5;159m FPS.[0m
[38;5;159m[Genesis] [22:34:28] [INFO] Running at [38;5;121m56.00[0m[38;5;159m FPS.[0m
[38;5;159m[Genesis] [22:34:28] [INFO] Running at [38;5;121m58.15[0m[38;5;159m FPS.[0m
[38;5;159m[Genesis] [22:34:28] [INFO] Running at [38;5;121m54.66[0m[38;5;159m FPS.[0m
[38;5;159m[Genesis] [22:34:28] [INFO] Running at [38;5;121m56.78[0m[38;5;159m FPS.[0m
[38;5;159m[Genesis] [22:34:28] [INFO] Running at [38;5;121m54.61[0m[38;5;159m FPS.[0m
[38;5;159m[Genesis] [22:34:28] [INFO] Running at [38;5;121m56.70[0m[38;5;159m FPS.[0m
[38;5;159m[Genesis] [22:34:28] [INFO] Running at [38;5;121m54.28[0m[38;5;159m FPS.[0m
[38;5;159m[Genesis] [22:34:28] [INFO] Running at [38;5;121m56.38[0m[38;5;159m FPS.[0m
[38;5;159m[Genesis] [22:34:28] [INFO] Running at [38;5;121m53.99[0m[38;5;159m FPS.[0m
[38;5;159m[Genesis] [22:34:28] [INFO] Running at [38;5;121m56.06[0m[38;5;159m FPS.[0m
[38;5;159m[Genesis] [22:34:28] [INFO] Running at [38;5;121m52.99[0m[38;5;159m FPS.[0m
[38;5;159m[Genesis] [22:34:28] [INFO] Running at [38;5;121m55.06[0m[38;5;159m FPS.[0m
[38;5;159m[Genesis] [22:34:29] [INFO] Running at [38;5;121m52.20[0m[38;5;159m FPS.[0m
[38;5;159m[Genesis] [22:34:29] [INFO] Running at [38;5;121m54.25[0m[38;5;159m FPS.[0m
[38;5;159m[Genesis] [22:34:29] [INFO] Running at [38;5;121m51.33[0m[38;5;159m FPS.[0m
[38;5;159m[Genesis] [22:34:29] [INFO] Running at [38;5;121m53.34[0m[38;5;159m FPS.[0m
[38;5;159m[Genesis] [22:34:29] [INFO] Running at [38;5;121m50.57[0m[38;5;159m FPS.[0m
[38;5;159m[Genesis] [22:34:29] [INFO] Running at [38;5;121m52.57[0m[38;5;159m FPS.[0m
[38;5;159m[Genesis] [22:34:29] [INFO] Running at [38;5;121m50.48[0m[38;5;159m FPS.[0m
[38;5;159m[Genesis] [22:34:29] [INFO] Running at [38;5;121m52.47[0m[38;5;159m FPS.[0m
[38;5;159m[Genesis] [22:34:29] [INFO] Running at [38;5;121m49.20[0m[38;5;159m FPS.[0m
[38;5;159m[Genesis] [22:34:29] [INFO] Running at [38;5;121m51.16[0m[38;5;159m FPS.[0m
[38;5;159m[Genesis] [22:34:29] [INFO] Running at [38;5;121m48.34[0m[38;5;159m FPS.[0m
[38;5;159m[Genesis] [22:34:29] [INFO] Running at [38;5;121m50.28[0m[38;5;159m FPS.[0m
[38;5;159m[Genesis] [22:34:29] [INFO] Running at [38;5;121m47.27[0m[38;5;159m FPS.[0m
[38;5;159m[Genesis] [22:34:29] [INFO] Running at [38;5;121m49.17[0m[38;5;159m FPS.[0m
[38;5;159m[Genesis] [22:34:29] [INFO] Running at [38;5;121m46.70[0m[38;5;159m FPS.[0m
[38;5;159m[Genesis] [22:34:29] [INFO] Running at [38;5;121m48.58[0m[38;5;159m FPS.[0m
[38;5;159m[Genesis] [22:34:29] [INFO] Running at [38;5;121m46.45[0m[38;5;159m FPS.[0m
[38;5;159m[Genesis] [22:34:29] [INFO] Running at [38;5;121m48.34[0m[38;5;159m FPS.[0m
[38;5;159m[Genesis] [22:34:29] [INFO] Running at [38;5;121m46.45[0m[38;5;159m FPS.[0m
[38;5;159m[Genesis] [22:34:29] [INFO] Running at [38;5;121m48.33[0m[38;5;159m FPS.[0m
[38;5;159m[Genesis] [22:34:29] [INFO] Running at [38;5;121m46.44[0m[38;5;159m FPS.[0m
[38;5;159m[Genesis] [22:34:29] [INFO] Running at [38;5;121m48.33[0m[38;5;159m FPS.[0m
[38;5;159m[Genesis] [22:34:29] [INFO] Running at [38;5;121m46.31[0m[38;5;159m FPS.[0m
[38;5;159m[Genesis] [22:34:29] [INFO] Running at [38;5;121m48.18[0m[38;5;159m FPS.[0m
[38;5;159m[Genesis] [22:34:29] [INFO] Running at [38;5;121m44.83[0m[38;5;159m FPS.[0m
[38;5;159m[Genesis] [22:34:29] [INFO] Running at [38;5;121m46.68[0m[38;5;159m FPS.[0m
[38;5;159m[Genesis] [22:34:29] [INFO] Running at [38;5;121m44.59[0m[38;5;159m FPS.[0m
[38;5;159m[Genesis] [22:34:29] [INFO] Running at [38;5;121m46.43[0m[38;5;159m FPS.[0m
[38;5;159m[Genesis] [22:34:29] [INFO] Running at [38;5;121m43.98[0m[38;5;159m FPS.[0m
[38;5;159m[Genesis] [22:34:29] [INFO] Running at [38;5;121m45.79[0m[38;5;159m FPS.[0m
[38;5;159m[Genesis] [22:34:29] [INFO] Running at [38;5;121m43.54[0m[38;5;159m FPS.[0m
[38;5;159m[Genesis] [22:34:29] [INFO] Running at [38;5;121m45.32[0m[38;5;159m FPS.[0m
[38;5;159m[Genesis] [22:34:29] [INFO] Running at [38;5;121m44.00[0m[38;5;159m FPS.[0m
[38;5;159m[Genesis] [22:34:29] [INFO] Running at [38;5;121m45.79[0m[38;5;159m FPS.[0m
[38;5;159m[Genesis] [22:34:29] [INFO] Running at [38;5;121m43.74[0m[38;5;159m FPS.[0m
[38;5;159m[Genesis] [22:34:29] [INFO] Running at [38;5;121m45.55[0m[38;5;159m FPS.[0m
[38;5;159m[Genesis] [22:34:29] [INFO] Running at [38;5;121m43.17[0m[38;5;159m FPS.[0m
[38;5;159m[Genesis] [22:34:29] [INFO] Running at [38;5;121m44.97[0m[38;5;159m FPS.[0m
[38;5;159m[Genesis] [22:34:29] [INFO] Running at [38;5;121m44.35[0m[38;5;159m FPS.[0m
[38;5;159m[Genesis] [22:34:29] [INFO] Running at [38;5;121m46.17[0m[38;5;159m FPS.[0m
[38;5;159m[Genesis] [22:34:29] [INFO] Running at [38;5;121m44.79[0m[38;5;159m FPS.[0m
[38;5;159m[Genesis] [22:34:29] [INFO] Running at [38;5;121m46.62[0m[38;5;159m FPS.[0m
[38;5;159m[Genesis] [22:34:29] [INFO] Running at [38;5;121m45.37[0m[38;5;159m FPS.[0m
[38;5;159m[Genesis] [22:34:29] [INFO] Running at [38;5;121m47.21[0m[38;5;159m FPS.[0m
[38;5;159m[Genesis] [22:34:30] [INFO] Running at [38;5;121m46.13[0m[38;5;159m FPS.[0m
[38;5;159m[Genesis] [22:34:30] [INFO] Running at [38;5;121m47.98[0m[38;5;159m FPS.[0m
[38;5;159m[Genesis] [22:34:30] [INFO] Running at [38;5;121m46.85[0m[38;5;159m FPS.[0m
[38;5;159m[Genesis] [22:34:30] [INFO] Running at [38;5;121m48.72[0m[38;5;159m FPS.[0m
[38;5;159m[Genesis] [22:34:30] [INFO] Running at [38;5;121m47.58[0m[38;5;159m FPS.[0m
[38;5;159m[Genesis] [22:34:30] [INFO] Running at [38;5;121m49.50[0m[38;5;159m FPS.[0m
[38;5;159m[Genesis] [22:34:30] [INFO] Running at [38;5;121m48.59[0m[38;5;159m FPS.[0m
[38;5;159m[Genesis] [22:34:30] [INFO] Running at [38;5;121m50.54[0m[38;5;159m FPS.[0m
[38;5;159m[Genesis] [22:34:30] [INFO] Running at [38;5;121m49.30[0m[38;5;159m FPS.[0m
[38;5;159m[Genesis] [22:34:30] [INFO] Running at [38;5;121m51.28[0m[38;5;159m FPS.[0m
[38;5;159m[Genesis] [22:34:30] [INFO] Running at [38;5;121m50.44[0m[38;5;159m FPS.[0m
[38;5;159m[Genesis] [22:34:30] [INFO] Running at [38;5;121m52.43[0m[38;5;159m FPS.[0m
[38;5;159m[Genesis] [22:34:30] [INFO] Running at [38;5;121m51.46[0m[38;5;159m FPS.[0m
[38;5;159m[Genesis] [22:34:30] [INFO] Running at [38;5;121m53.47[0m[38;5;159m FPS.[0m
[38;5;159m[Genesis] [22:34:30] [INFO] Running at [38;5;121m51.80[0m[38;5;159m FPS.[0m
[38;5;159m[Genesis] [22:34:30] [INFO] Running at [38;5;121m53.83[0m[38;5;159m FPS.[0m
[38;5;159m[Genesis] [22:34:30] [INFO] Running at [38;5;121m52.86[0m[38;5;159m FPS.[0m
[38;5;159m[Genesis] [22:34:30] [INFO] Running at [38;5;121m54.93[0m[38;5;159m FPS.[0m
[38;5;159m[Genesis] [22:34:30] [INFO] Running at [38;5;121m54.12[0m[38;5;159m FPS.[0m
[38;5;159m[Genesis] [22:34:30] [INFO] Running at [38;5;121m56.21[0m[38;5;159m FPS.[0m
[38;5;159m[Genesis] [22:34:30] [INFO] Scene [38;5;121m[3m<ff7443c>[0m[38;5;159m created.[0m
[38;5;159m[Genesis] [22:34:30] [INFO] Adding [38;5;121m<gs.RigidEntity>[0m[38;5;159m. idx: [38;5;121m0[0m[38;5;159m, uid: [38;5;121m[3m<cb36513>[0m[38;5;159m, morph: [38;5;121m<gs.morphs.Plane>[0m[38;5;159m, material: [38;5;121m<gs.materials.Rigid>[0m[38;5;159m.[0m
[38;5;159m[Genesis] [22:34:30] [INFO] Adding [38;5;121m<gs.RigidEntity>[0m[38;5;159m. idx: [38;5;121m1[0m[38;5;159m, uid: [38;5;121m[3m<3ed0438>[0m[38;5;159m, morph: [38;5;121m<gs.morphs.URDF(file='/home/jkoba/SynologyDrive/genesis_humanoid_rl/assets/robots/g1/g1_29dof.urdf')>[0m[38;5;159m, material: [38;5;121m<gs.materials.Rigid>[0m[38;5;159m.[0m
[38;5;159m[Genesis] [22:34:31] [INFO] Building scene [38;5;121m[3m<ff7443c>[0m[38;5;159m...[0m
[38;5;159m[Genesis] [22:34:41] [INFO] Compiling simulation kernels...[0m
[38;5;159m[Genesis] [22:35:14] [INFO] Building visualizer...[0m
[38;5;159m[Genesis] [22:35:15] [INFO] Running at [38;5;121m139.47[0m[38;5;159m FPS.[0m
[38;5;159m[Genesis] [22:35:15] [INFO] Running at [38;5;121m141.39[0m[38;5;159m FPS.[0m
[38;5;159m[Genesis] [22:35:15] [INFO] Running at [38;5;121m143.84[0m[38;5;159m FPS.[0m
[38;5;159m[Genesis] [22:35:15] [INFO] Running at [38;5;121m146.18[0m[38;5;159m FPS.[0m
[38;5;159m[Genesis] [22:35:15] [INFO] Running at [38;5;121m148.42[0m[38;5;159m FPS.[0m
[38;5;159m[Genesis] [22:35:15] [INFO] Running at [38;5;121m150.56[0m[38;5;159m FPS.[0m
[38;5;159m[Genesis] [22:35:15] [INFO] Running at [38;5;121m146.94[0m[38;5;159m FPS.[0m
[38;5;159m[Genesis] [22:35:15] [INFO] Running at [38;5;121m142.98[0m[38;5;159m FPS.[0m
[38;5;159m[Genesis] [22:35:15] [INFO] Running at [38;5;121m139.44[0m[38;5;159m FPS.[0m
[38;5;159m[Genesis] [22:35:15] [INFO] Running at [38;5;121m136.22[0m[38;5;159m FPS.[0m
[38;5;159m[Genesis] [22:35:15] [INFO] Running at [38;5;121m55.04[0m[38;5;159m FPS.[0m
[38;5;159m[Genesis] [22:35:15] [INFO] Running at [38;5;121m57.11[0m[38;5;159m FPS.[0m
[38;5;159m[Genesis] [22:35:15] [INFO] Running at [38;5;121m54.86[0m[38;5;159m FPS.[0m
[38;5;159m[Genesis] [22:35:15] [INFO] Running at [38;5;121m56.97[0m[38;5;159m FPS.[0m
[38;5;159m[Genesis] [22:35:15] [INFO] Running at [38;5;121m54.70[0m[38;5;159m FPS.[0m
[38;5;159m[Genesis] [22:35:15] [INFO] Running at [38;5;121m56.81[0m[38;5;159m FPS.[0m
[38;5;159m[Genesis] [22:35:15] [INFO] Running at [38;5;121m54.87[0m[38;5;159m FPS.[0m
[38;5;159m[Genesis] [22:35:15] [INFO] Running at [38;5;121m56.98[0m[38;5;159m FPS.[0m
[38;5;159m[Genesis] [22:35:15] [INFO] Running at [38;5;121m54.89[0m[38;5;159m FPS.[0m
[38;5;159m[Genesis] [22:35:15] [INFO] Running at [38;5;121m57.00[0m[38;5;159m FPS.[0m
[38;5;159m[Genesis] [22:35:15] [INFO] Running at [38;5;121m55.42[0m[38;5;159m FPS.[0m
[38;5;159m[Genesis] [22:35:15] [INFO] Running at [38;5;121m57.54[0m[38;5;159m FPS.[0m
[38;5;159m[Genesis] [22:35:15] [INFO] Running at [38;5;121m54.85[0m[38;5;159m FPS.[0m
[38;5;159m[Genesis] [22:35:15] [INFO] Running at [38;5;121m56.95[0m[38;5;159m FPS.[0m
[38;5;159m[Genesis] [22:35:15] [INFO] Running at [38;5;121m53.21[0m[38;5;159m FPS.[0m
[38;5;159m[Genesis] [22:35:15] [INFO] Running at [38;5;121m55.29[0m[38;5;159m FPS.[0m
[38;5;159m[Genesis] [22:35:15] [INFO] Running at [38;5;121m52.10[0m[38;5;159m FPS.[0m
[38;5;159m[Genesis] [22:35:15] [INFO] Running at [38;5;121m54.13[0m[38;5;159m FPS.[0m
[38;5;159m[Genesis] [22:35:15] [INFO] Running at [38;5;121m51.61[0m[38;5;159m FPS.[0m
[38;5;159m[Genesis] [22:35:15] [INFO] Running at [38;5;121m53.65[0m[38;5;159m FPS.[0m
[38;5;159m[Genesis] [22:35:15] [INFO] Running at [38;5;121m50.86[0m[38;5;159m FPS.[0m
[38;5;159m[Genesis] [22:35:15] [INFO] Running at [38;5;121m52.87[0m[38;5;159m FPS.[0m
[38;5;159m[Genesis] [22:35:15] [INFO] Running at [38;5;121m50.27[0m[38;5;159m FPS.[0m
[38;5;159m[Genesis] [22:35:15] [INFO] Running at [38;5;121m52.27[0m[38;5;159m FPS.[0m
[38;5;159m[Genesis] [22:35:15] [INFO] Running at [38;5;121m48.63[0m[38;5;159m FPS.[0m
[38;5;159m[Genesis] [22:35:15] [INFO] Running at [38;5;121m50.59[0m[38;5;159m FPS.[0m
[38;5;159m[Genesis] [22:35:16] [INFO] Running at [38;5;121m48.06[0m[38;5;159m FPS.[0m
[38;5;159m[Genesis] [22:35:16] [INFO] Running at [38;5;121m49.99[0m[38;5;159m FPS.[0m
[38;5;159m[Genesis] [22:35:16] [INFO] Running at [38;5;121m47.53[0m[38;5;159m FPS.[0m
[38;5;159m[Genesis] [22:35:16] [INFO] Running at [38;5;121m49.45[0m[38;5;159m FPS.[0m
[38;5;159m[Genesis] [22:35:16] [INFO] Running at [38;5;121m47.91[0m[38;5;159m FPS.[0m
[38;5;159m[Genesis] [22:35:16] [INFO] Running at [38;5;121m49.85[0m[38;5;159m FPS.[0m
[38;5;159m[Genesis] [22:35:16] [INFO] Running at [38;5;121m47.44[0m[38;5;159m FPS.[0m
[38;5;159m[Genesis] [22:35:16] [INFO] Running at [38;5;121m49.35[0m[38;5;159m FPS.[0m
[38;5;159m[Genesis] [22:35:16] [INFO] Running at [38;5;121m47.70[0m[38;5;159m FPS.[0m
[38;5;159m[Genesis] [22:35:16] [INFO] Running at [38;5;121m49.63[0m[38;5;159m FPS.[0m
[38;5;159m[Genesis] [22:35:16] [INFO] Running at [38;5;121m47.40[0m[38;5;159m FPS.[0m
[38;5;159m[Genesis] [22:35:16] [INFO] Running at [38;5;121m49.31[0m[38;5;159m FPS.[0m
[38;5;159m[Genesis] [22:35:16] [INFO] Running at [38;5;121m46.23[0m[38;5;159m FPS.[0m
[38;5;159m[Genesis] [22:35:16] [INFO] Running at [38;5;121m48.11[0m[38;5;159m FPS.[0m
[38;5;159m[Genesis] [22:35:16] [INFO] Running at [38;5;121m45.94[0m[38;5;159m FPS.[0m
[38;5;159m[Genesis] [22:35:16] [INFO] Running at [38;5;121m47.82[0m[38;5;159m FPS.[0m
[38;5;159m[Genesis] [22:35:16] [INFO] Running at [38;5;121m45.37[0m[38;5;159m FPS.[0m
[38;5;159m[Genesis] [22:35:16] [INFO] Running at [38;5;121m47.22[0m[38;5;159m FPS.[0m
[38;5;159m[Genesis] [22:35:16] [INFO] Running at [38;5;121m45.37[0m[38;5;159m FPS.[0m
[38;5;159m[Genesis] [22:35:16] [INFO] Running at [38;5;121m47.23[0m[38;5;159m FPS.[0m
[38;5;159m[Genesis] [22:35:16] [INFO] Running at [38;5;121m45.65[0m[38;5;159m FPS.[0m
[38;5;159m[Genesis] [22:35:16] [INFO] Running at [38;5;121m47.51[0m[38;5;159m FPS.[0m
[38;5;159m[Genesis] [22:35:16] [INFO] Running at [38;5;121m45.23[0m[38;5;159m FPS.[0m
[38;5;159m[Genesis] [22:35:16] [INFO] Running at [38;5;121m47.08[0m[38;5;159m FPS.[0m
[38;5;159m[Genesis] [22:35:16] [INFO] Running at [38;5;121m45.64[0m[38;5;159m FPS.[0m
[38;5;159m[Genesis] [22:35:16] [INFO] Running at [38;5;121m47.51[0m[38;5;159m FPS.[0m
[38;5;159m[Genesis] [22:35:16] [INFO] Running at [38;5;121m45.11[0m[38;5;159m FPS.[0m
[38;5;159m[Genesis] [22:35:16] [INFO] Running at [38;5;121m46.95[0m[38;5;159m FPS.[0m
[38;5;159m[Genesis] [22:35:16] [INFO] Running at [38;5;121m44.98[0m[38;5;159m FPS.[0m
[38;5;159m[Genesis] [22:35:16] [INFO] Running at [38;5;121m46.84[0m[38;5;159m FPS.[0m
[38;5;159m[Genesis] [22:35:16] [INFO] Running at [38;5;121m45.59[0m[38;5;159m FPS.[0m
[38;5;159m[Genesis] [22:35:16] [INFO] Running at [38;5;121m47.45[0m[38;5;159m FPS.[0m
[38;5;159m[Genesis] [22:35:16] [INFO] Running at [38;5;121m44.64[0m[38;5;159m FPS.[0m
[38;5;159m[Genesis] [22:35:16] [INFO] Running at [38;5;121m46.47[0m[38;5;159m FPS.[0m
[38;5;159m[Genesis] [22:35:16] [INFO] Running at [38;5;121m44.87[0m[38;5;159m FPS.[0m
[38;5;159m[Genesis] [22:35:16] [INFO] Running at [38;5;121m46.71[0m[38;5;159m FPS.[0m
[38;5;159m[Genesis] [22:35:16] [INFO] Running at [38;5;121m45.00[0m[38;5;159m FPS.[0m
[38;5;159m[Genesis] [22:35:16] [INFO] Running at [38;5;121m46.84[0m[38;5;159m FPS.[0m
[38;5;159m[Genesis] [22:35:16] [INFO] Running at [38;5;121m45.12[0m[38;5;159m FPS.[0m
[38;5;159m[Genesis] [22:35:16] [INFO] Running at [38;5;121m46.98[0m[38;5;159m FPS.[0m
[38;5;159m[Genesis] [22:35:16] [INFO] Running at [38;5;121m45.97[0m[38;5;159m FPS.[0m
[38;5;159m[Genesis] [22:35:16] [INFO] Running at [38;5;121m47.85[0m[38;5;159m FPS.[0m
[38;5;159m[Genesis] [22:35:16] [INFO] Running at [38;5;121m46.20[0m[38;5;159m FPS.[0m
[38;5;159m[Genesis] [22:35:16] [INFO] Running at [38;5;121m48.08[0m[38;5;159m FPS.[0m
[38;5;159m[Genesis] [22:35:16] [INFO] Running at [38;5;121m46.63[0m[38;5;159m FPS.[0m
[38;5;159m[Genesis] [22:35:16] [INFO] Running at [38;5;121m48.53[0m[38;5;159m FPS.[0m
[38;5;159m[Genesis] [22:35:17] [INFO] Running at [38;5;121m46.92[0m[38;5;159m FPS.[0m
[38;5;159m[Genesis] [22:35:17] [INFO] Running at [38;5;121m48.82[0m[38;5;159m FPS.[0m
[38;5;159m[Genesis] [22:35:17] [INFO] Running at [38;5;121m47.81[0m[38;5;159m FPS.[0m
[38;5;159m[Genesis] [22:35:17] [INFO] Running at [38;5;121m49.73[0m[38;5;159m FPS.[0m
[38;5;159m[Genesis] [22:35:17] [INFO] Running at [38;5;121m48.87[0m[38;5;159m FPS.[0m
[38;5;159m[Genesis] [22:35:17] [INFO] Running at [38;5;121m50.83[0m[38;5;159m FPS.[0m
[38;5;159m[Genesis] [22:35:17] [INFO] Running at [38;5;121m49.79[0m[38;5;159m FPS.[0m
[38;5;159m[Genesis] [22:35:17] [INFO] Running at [38;5;121m51.76[0m[38;5;159m FPS.[0m
[38;5;159m[Genesis] [22:35:17] [INFO] Running at [38;5;121m49.79[0m[38;5;159m FPS.[0m
[38;5;159m[Genesis] [22:35:17] [INFO] Running at [38;5;121m51.78[0m[38;5;159m FPS.[0m
[38;5;159m[Genesis] [22:35:17] [INFO] Running at [38;5;121m50.53[0m[38;5;159m FPS.[0m
[38;5;159m[Genesis] [22:35:17] [INFO] Running at [38;5;121m52.53[0m[38;5;159m FPS.[0m
[38;5;159m[Genesis] [22:35:17] [INFO] Running at [38;5;121m51.10[0m[38;5;159m FPS.[0m
[38;5;159m[Genesis] [22:35:17] [INFO] Running at [38;5;121m53.11[0m[38;5;159m FPS.[0m
[38;5;159m[Genesis] [22:35:17] [INFO] Running at [38;5;121m50.51[0m[38;5;159m FPS.[0m
[38;5;159m[Genesis] [22:35:17] [INFO] Running at [38;5;121m52.51[0m[38;5;159m FPS.[0m
[38;5;159m[Genesis] [22:35:17] [INFO] Running at [38;5;121m50.99[0m[38;5;159m FPS.[0m
[38;5;159m[Genesis] [22:35:17] [INFO] Running at [38;5;121m53.00[0m[38;5;159m FPS.[0m
[38;5;159m[Genesis] [22:35:17] [INFO] Running at [38;5;121m52.01[0m[38;5;159m FPS.[0m
[38;5;159m[Genesis] [22:35:17] [INFO] Running at [38;5;121m54.06[0m[38;5;159m FPS.[0m
[38;5;159m[Genesis] [22:35:17] [INFO] Running at [38;5;121m52.56[0m[38;5;159m FPS.[0m
[38;5;159m[Genesis] [22:35:17] [INFO] Running at [38;5;121m54.60[0m[38;5;159m FPS.[0m
[38;5;159m[Genesis] [22:35:17] [INFO] Running at [38;5;121m53.70[0m[38;5;159m FPS.[0m
[38;5;159m[Genesis] [22:35:17] [INFO] Running at [38;5;121m55.79[0m[38;5;159m FPS.[0m
[38;5;159m[Genesis] [22:35:17] [INFO] Running at [38;5;121m53.13[0m[38;5;159m FPS.[0m
[38;5;159m[Genesis] [22:35:17] [INFO] Running at [38;5;121m55.21[0m[38;5;159m FPS.[0m
[38;5;159m[Genesis] [22:35:17] [INFO] Running at [38;5;121m50.14[0m[38;5;159m FPS.[0m
[38;5;159m[Genesis] [22:35:17] [INFO] Running at [38;5;121m52.13[0m[38;5;159m FPS.[0m
[38;5;159m[Genesis] [22:35:17] [INFO] Running at [38;5;121m49.36[0m[38;5;159m FPS.[0m
[38;5;159m[Genesis] [22:35:17] [INFO] Running at [38;5;121m51.33[0m[38;5;159m FPS.[0m
[38;5;159m[Genesis] [22:35:17] [INFO] Running at [38;5;121m49.30[0m[38;5;159m FPS.[0m
[38;5;159m[Genesis] [22:35:17] [INFO] Running at [38;5;121m51.27[0m[38;5;159m FPS.[0m
[38;5;159m[Genesis] [22:35:17] [INFO] Running at [38;5;121m47.57[0m[38;5;159m FPS.[0m
[38;5;159m[Genesis] [22:35:17] [INFO] Running at [38;5;121m49.48[0m[38;5;159m FPS.[0m
[38;5;159m[Genesis] [22:35:17] [INFO] Running at [38;5;121m45.72[0m[38;5;159m FPS.[0m
[38;5;159m[Genesis] [22:35:17] [INFO] Running at [38;5;121m47.59[0m[38;5;159m FPS.[0m
[38;5;159m[Genesis] [22:35:17] [INFO] Running at [38;5;121m44.89[0m[38;5;159m FPS.[0m
[38;5;159m[Genesis] [22:35:17] [INFO] Running at [38;5;121m46.73[0m[38;5;159m FPS.[0m
[38;5;159m[Genesis] [22:35:17] [INFO] Running at [38;5;121m44.35[0m[38;5;159m FPS.[0m
[38;5;159m[Genesis] [22:35:17] [INFO] Running at [38;5;121m46.18[0m[38;5;159m FPS.[0m
[38;5;159m[Genesis] [22:35:17] [INFO] Running at [38;5;121m42.88[0m[38;5;159m FPS.[0m
[38;5;159m[Genesis] [22:35:17] [INFO] Running at [38;5;121m44.67[0m[38;5;159m FPS.[0m
[38;5;159m[Genesis] [22:35:17] [INFO] Running at [38;5;121m41.94[0m[38;5;159m FPS.[0m
[38;5;159m[Genesis] [22:35:17] [INFO] Running at [38;5;121m43.68[0m[38;5;159m FPS.[0m
[38;5;159m[Genesis] [22:35:17] [INFO] Running at [38;5;121m41.58[0m[38;5;159m FPS.[0m
[38;5;159m[Genesis] [22:35:17] [INFO] Running at [38;5;121m43.33[0m[38;5;159m FPS.[0m
[38;5;159m[Genesis] [22:35:18] [INFO] Running at [38;5;121m40.25[0m[38;5;159m FPS.[0m
[38;5;159m[Genesis] [22:35:18] [INFO] Running at [38;5;121m41.95[0m[38;5;159m FPS.[0m
[38;5;159m[Genesis] [22:35:18] [INFO] Running at [38;5;121m39.21[0m[38;5;159m FPS.[0m
[38;5;159m[Genesis] [22:35:18] [INFO] Running at [38;5;121m40.88[0m[38;5;159m FPS.[0m
[38;5;159m[Genesis] [22:35:18] [INFO] Running at [38;5;121m38.56[0m[38;5;159m FPS.[0m
[38;5;159m[Genesis] [22:35:18] [INFO] Running at [38;5;121m40.21[0m[38;5;159m FPS.[0m
Initialized RobotGroundingCalculator
  Robot links: 30
  Robot DOFs: 35
Detecting foot links...
  Found 2 foot links
    - left_ankle_roll_link
    - right_ankle_roll_link
Calculating grounding height...
  Current base height: 1.000m
  Lowest foot point: 0.243m
  Calculated grounding height: 0.787m
  (This will place feet 30.0mm above ground)
Loaded G1 robot with 35 DOFs
Robot has 30 links
Initialized RobotGroundingCalculator
  Robot links: 30
  Robot DOFs: 35
Detecting foot links...
  Found 2 foot links
    - left_ankle_roll_link
    - right_ankle_roll_link
Calculating grounding height...
  Current base height: 1.000m
  Lowest foot point: 0.243m
  Calculated grounding height: 0.787m
  (This will place feet 30.0mm above ground)
Loaded G1 robot with 35 DOFs
Robot has 30 links
Initialized RobotGroundingCalculator
  Robot links: 30
  Robot DOFs: 35
Detecting foot links...
  Found 2 foot links
    - left_ankle_roll_link
    - right_ankle_roll_link
Calculating grounding height...
  Current base height: 1.000m
  Lowest foot point: 0.243m
  Calculated grounding height: 0.787m
  (This will place feet 30.0mm above ground)
Loaded G1 robot with 35 DOFs
Robot has 30 links
Initialized RobotGroundingCalculator
  Robot links: 30
  Robot DOFs: 35
Detecting foot links...
  Found 2 foot links
    - left_ankle_roll_link
    - right_ankle_roll_link
Calculating grounding height...
  Current base height: 1.000m
  Lowest foot point: 0.243m
  Calculated grounding height: 0.787m
  (This will place feet 30.0mm above ground)
Loaded G1 robot with 35 DOFs
Robot has 30 links
---------------------------------
| rollout/           |          |
|    ep_len_mean     | 48.5     |
|    ep_rew_mean     | 28       |
| time/              |          |
|    fps             | 1        |
|    iterations      | 1        |
|    time_elapsed    | 205      |
|    total_timesteps | 256      |
---------------------------------
[38;5;159m[Genesis] [22:35:18] [INFO] Running at [38;5;121m17.94[0m[38;5;159m FPS.[0m
[38;5;159m[Genesis] [22:35:18] [INFO] Running at [38;5;121m18.80[0m[38;5;159m FPS.[0m
[38;5;159m[Genesis] [22:35:19] [INFO] Scene [38;5;121m[3m<f25ff64>[0m[38;5;159m created.[0m
[38;5;159m[Genesis] [22:35:19] [INFO] Adding [38;5;121m<gs.RigidEntity>[0m[38;5;159m. idx: [38;5;121m0[0m[38;5;159m, uid: [38;5;121m[3m<1eb68d4>[0m[38;5;159m, morph: [38;5;121m<gs.morphs.Plane>[0m[38;5;159m, material: [38;5;121m<gs.materials.Rigid>[0m[38;5;159m.[0m
[38;5;159m[Genesis] [22:35:19] [INFO] Adding [38;5;121m<gs.RigidEntity>[0m[38;5;159m. idx: [38;5;121m1[0m[38;5;159m, uid: [38;5;121m[3m<54f4a9d>[0m[38;5;159m, morph: [38;5;121m<gs.morphs.URDF(file='/home/jkoba/SynologyDrive/genesis_humanoid_rl/assets/robots/g1/g1_29dof.urdf')>[0m[38;5;159m, material: [38;5;121m<gs.materials.Rigid>[0m[38;5;159m.[0m
[38;5;159m[Genesis] [22:35:20] [INFO] Building scene [38;5;121m[3m<f25ff64>[0m[38;5;159m...[0m
[38;5;159m[Genesis] [22:35:29] [INFO] Compiling simulation kernels...[0m
[38;5;159m[Genesis] [22:36:03] [INFO] Building visualizer...[0m
[38;5;159m[Genesis] [22:36:03] [INFO] Running at [38;5;121m141.12[0m[38;5;159m FPS.[0m
[38;5;159m[Genesis] [22:36:03] [INFO] Running at [38;5;121m143.44[0m[38;5;159m FPS.[0m
[38;5;159m[Genesis] [22:36:03] [INFO] Running at [38;5;121m145.79[0m[38;5;159m FPS.[0m
[38;5;159m[Genesis] [22:36:03] [INFO] Running at [38;5;121m148.03[0m[38;5;159m FPS.[0m
[38;5;159m[Genesis] [22:36:03] [INFO] Running at [38;5;121m150.31[0m[38;5;159m FPS.[0m
[38;5;159m[Genesis] [22:36:03] [INFO] Running at [38;5;121m152.46[0m[38;5;159m FPS.[0m
[38;5;159m[Genesis] [22:36:03] [INFO] Running at [38;5;121m148.80[0m[38;5;159m FPS.[0m
[38;5;159m[Genesis] [22:36:03] [INFO] Running at [38;5;121m144.97[0m[38;5;159m FPS.[0m
[38;5;159m[Genesis] [22:36:03] [INFO] Running at [38;5;121m141.22[0m[38;5;159m FPS.[0m
[38;5;159m[Genesis] [22:36:03] [INFO] Running at [38;5;121m137.83[0m[38;5;159m FPS.[0m
[38;5;159m[Genesis] [22:36:03] [INFO] Running at [38;5;121m55.67[0m[38;5;159m FPS.[0m
[38;5;159m[Genesis] [22:36:03] [INFO] Running at [38;5;121m57.79[0m[38;5;159m FPS.[0m
[38;5;159m[Genesis] [22:36:04] [INFO] Running at [38;5;121m54.36[0m[38;5;159m FPS.[0m
[38;5;159m[Genesis] [22:36:04] [INFO] Running at [38;5;121m56.45[0m[38;5;159m FPS.[0m
[38;5;159m[Genesis] [22:36:04] [INFO] Running at [38;5;121m53.84[0m[38;5;159m FPS.[0m
[38;5;159m[Genesis] [22:36:04] [INFO] Running at [38;5;121m55.92[0m[38;5;159m FPS.[0m
[38;5;159m[Genesis] [22:36:04] [INFO] Running at [38;5;121m52.80[0m[38;5;159m FPS.[0m
[38;5;159m[Genesis] [22:36:04] [INFO] Running at [38;5;121m54.78[0m[38;5;159m FPS.[0m
[38;5;159m[Genesis] [22:36:04] [INFO] Running at [38;5;121m52.93[0m[38;5;159m FPS.[0m
[38;5;159m[Genesis] [22:36:04] [INFO] Running at [38;5;121m54.98[0m[38;5;159m FPS.[0m
[38;5;159m[Genesis] [22:36:04] [INFO] Running at [38;5;121m52.42[0m[38;5;159m FPS.[0m
[38;5;159m[Genesis] [22:36:04] [INFO] Running at [38;5;121m54.46[0m[38;5;159m FPS.[0m
[38;5;159m[Genesis] [22:36:04] [INFO] Running at [38;5;121m52.14[0m[38;5;159m FPS.[0m
[38;5;159m[Genesis] [22:36:04] [INFO] Running at [38;5;121m54.15[0m[38;5;159m FPS.[0m
[38;5;159m[Genesis] [22:36:04] [INFO] Running at [38;5;121m52.72[0m[38;5;159m FPS.[0m
[38;5;159m[Genesis] [22:36:04] [INFO] Running at [38;5;121m54.77[0m[38;5;159m FPS.[0m
[38;5;159m[Genesis] [22:36:04] [INFO] Running at [38;5;121m52.80[0m[38;5;159m FPS.[0m
[38;5;159m[Genesis] [22:36:04] [INFO] Running at [38;5;121m54.85[0m[38;5;159m FPS.[0m
[38;5;159m[Genesis] [22:36:04] [INFO] Running at [38;5;121m52.98[0m[38;5;159m FPS.[0m
[38;5;159m[Genesis] [22:36:04] [INFO] Running at [38;5;121m55.05[0m[38;5;159m FPS.[0m
[38;5;159m[Genesis] [22:36:04] [INFO] Running at [38;5;121m53.73[0m[38;5;159m FPS.[0m
[38;5;159m[Genesis] [22:36:04] [INFO] Running at [38;5;121m55.82[0m[38;5;159m FPS.[0m
[38;5;159m[Genesis] [22:36:04] [INFO] Running at [38;5;121m53.03[0m[38;5;159m FPS.[0m
[38;5;159m[Genesis] [22:36:04] [INFO] Running at [38;5;121m55.07[0m[38;5;159m FPS.[0m
[38;5;159m[Genesis] [22:36:04] [INFO] Running at [38;5;121m52.55[0m[38;5;159m FPS.[0m
[38;5;159m[Genesis] [22:36:04] [INFO] Running at [38;5;121m54.59[0m[38;5;159m FPS.[0m
[38;5;159m[Genesis] [22:36:04] [INFO] Running at [38;5;121m52.24[0m[38;5;159m FPS.[0m
[38;5;159m[Genesis] [22:36:04] [INFO] Running at [38;5;121m54.26[0m[38;5;159m FPS.[0m
[38;5;159m[Genesis] [22:36:04] [INFO] Running at [38;5;121m50.94[0m[38;5;159m FPS.[0m
[38;5;159m[Genesis] [22:36:04] [INFO] Running at [38;5;121m52.95[0m[38;5;159m FPS.[0m
[38;5;159m[Genesis] [22:36:04] [INFO] Running at [38;5;121m50.83[0m[38;5;159m FPS.[0m
[38;5;159m[Genesis] [22:36:04] [INFO] Running at [38;5;121m52.82[0m[38;5;159m FPS.[0m
[38;5;159m[Genesis] [22:36:04] [INFO] Running at [38;5;121m49.75[0m[38;5;159m FPS.[0m
[38;5;159m[Genesis] [22:36:04] [INFO] Running at [38;5;121m51.71[0m[38;5;159m FPS.[0m
[38;5;159m[Genesis] [22:36:04] [INFO] Running at [38;5;121m48.34[0m[38;5;159m FPS.[0m
[38;5;159m[Genesis] [22:36:04] [INFO] Running at [38;5;121m50.28[0m[38;5;159m FPS.[0m
[38;5;159m[Genesis] [22:36:04] [INFO] Running at [38;5;121m46.64[0m[38;5;159m FPS.[0m
[38;5;159m[Genesis] [22:36:04] [INFO] Running at [38;5;121m48.52[0m[38;5;159m FPS.[0m
[38;5;159m[Genesis] [22:36:04] [INFO] Running at [38;5;121m46.67[0m[38;5;159m FPS.[0m
[38;5;159m[Genesis] [22:36:04] [INFO] Running at [38;5;121m48.56[0m[38;5;159m FPS.[0m
[38;5;159m[Genesis] [22:36:04] [INFO] Running at [38;5;121m46.64[0m[38;5;159m FPS.[0m
[38;5;159m[Genesis] [22:36:04] [INFO] Running at [38;5;121m48.52[0m[38;5;159m FPS.[0m
[38;5;159m[Genesis] [22:36:04] [INFO] Running at [38;5;121m45.93[0m[38;5;159m FPS.[0m
[38;5;159m[Genesis] [22:36:04] [INFO] Running at [38;5;121m47.79[0m[38;5;159m FPS.[0m
[38;5;159m[Genesis] [22:36:04] [INFO] Running at [38;5;121m45.86[0m[38;5;159m FPS.[0m
[38;5;159m[Genesis] [22:36:04] [INFO] Running at [38;5;121m47.73[0m[38;5;159m FPS.[0m
[38;5;159m[Genesis] [22:36:04] [INFO] Running at [38;5;121m45.76[0m[38;5;159m FPS.[0m
[38;5;159m[Genesis] [22:36:04] [INFO] Running at [38;5;121m47.62[0m[38;5;159m FPS.[0m
[38;5;159m[Genesis] [22:36:04] [INFO] Running at [38;5;121m45.26[0m[38;5;159m FPS.[0m
[38;5;159m[Genesis] [22:36:05] [INFO] Running at [38;5;121m47.09[0m[38;5;159m FPS.[0m
[38;5;159m[Genesis] [22:36:05] [INFO] Running at [38;5;121m44.45[0m[38;5;159m FPS.[0m
[38;5;159m[Genesis] [22:36:05] [INFO] Running at [38;5;121m46.25[0m[38;5;159m FPS.[0m
[38;5;159m[Genesis] [22:36:05] [INFO] Running at [38;5;121m44.84[0m[38;5;159m FPS.[0m
[38;5;159m[Genesis] [22:36:05] [INFO] Running at [38;5;121m46.66[0m[38;5;159m FPS.[0m
[38;5;159m[Genesis] [22:36:05] [INFO] Running at [38;5;121m44.61[0m[38;5;159m FPS.[0m
[38;5;159m[Genesis] [22:36:05] [INFO] Running at [38;5;121m46.45[0m[38;5;159m FPS.[0m
[38;5;159m[Genesis] [22:36:05] [INFO] Running at [38;5;121m44.34[0m[38;5;159m FPS.[0m
[38;5;159m[Genesis] [22:36:05] [INFO] Running at [38;5;121m46.16[0m[38;5;159m FPS.[0m
[38;5;159m[Genesis] [22:36:05] [INFO] Running at [38;5;121m44.36[0m[38;5;159m FPS.[0m
[38;5;159m[Genesis] [22:36:05] [INFO] Running at [38;5;121m46.18[0m[38;5;159m FPS.[0m
[38;5;159m[Genesis] [22:36:05] [INFO] Running at [38;5;121m44.82[0m[38;5;159m FPS.[0m
[38;5;159m[Genesis] [22:36:05] [INFO] Running at [38;5;121m46.65[0m[38;5;159m FPS.[0m
[38;5;159m[Genesis] [22:36:05] [INFO] Running at [38;5;121m44.51[0m[38;5;159m FPS.[0m
[38;5;159m[Genesis] [22:36:05] [INFO] Running at [38;5;121m46.34[0m[38;5;159m FPS.[0m
[38;5;159m[Genesis] [22:36:05] [INFO] Running at [38;5;121m44.88[0m[38;5;159m FPS.[0m
[38;5;159m[Genesis] [22:36:05] [INFO] Running at [38;5;121m46.73[0m[38;5;159m FPS.[0m
[38;5;159m[Genesis] [22:36:05] [INFO] Running at [38;5;121m43.85[0m[38;5;159m FPS.[0m
[38;5;159m[Genesis] [22:36:05] [INFO] Running at [38;5;121m45.66[0m[38;5;159m FPS.[0m
[38;5;159m[Genesis] [22:36:05] [INFO] Running at [38;5;121m43.98[0m[38;5;159m FPS.[0m
[38;5;159m[Genesis] [22:36:05] [INFO] Running at [38;5;121m45.78[0m[38;5;159m FPS.[0m
[38;5;159m[Genesis] [22:36:05] [INFO] Running at [38;5;121m43.54[0m[38;5;159m FPS.[0m
[38;5;159m[Genesis] [22:36:05] [INFO] Running at [38;5;121m45.32[0m[38;5;159m FPS.[0m
[38;5;159m[Genesis] [22:36:05] [INFO] Running at [38;5;121m42.95[0m[38;5;159m FPS.[0m
[38;5;159m[Genesis] [22:36:05] [INFO] Running at [38;5;121m44.72[0m[38;5;159m FPS.[0m
[38;5;159m[Genesis] [22:36:05] [INFO] Running at [38;5;121m43.30[0m[38;5;159m FPS.[0m
[38;5;159m[Genesis] [22:36:05] [INFO] Running at [38;5;121m45.08[0m[38;5;159m FPS.[0m
[38;5;159m[Genesis] [22:36:05] [INFO] Running at [38;5;121m43.63[0m[38;5;159m FPS.[0m
[38;5;159m[Genesis] [22:36:05] [INFO] Running at [38;5;121m45.41[0m[38;5;159m FPS.[0m
[38;5;159m[Genesis] [22:36:05] [INFO] Running at [38;5;121m44.49[0m[38;5;159m FPS.[0m
[38;5;159m[Genesis] [22:36:05] [INFO] Running at [38;5;121m46.31[0m[38;5;159m FPS.[0m
[38;5;159m[Genesis] [22:36:05] [INFO] Running at [38;5;121m44.67[0m[38;5;159m FPS.[0m
[38;5;159m[Genesis] [22:36:05] [INFO] Running at [38;5;121m46.51[0m[38;5;159m FPS.[0m
[38;5;159m[Genesis] [22:36:05] [INFO] Running at [38;5;121m44.46[0m[38;5;159m FPS.[0m
[38;5;159m[Genesis] [22:36:05] [INFO] Running at [38;5;121m46.28[0m[38;5;159m FPS.[0m
[38;5;159m[Genesis] [22:36:05] [INFO] Running at [38;5;121m43.78[0m[38;5;159m FPS.[0m
[38;5;159m[Genesis] [22:36:05] [INFO] Running at [38;5;121m45.58[0m[38;5;159m FPS.[0m
[38;5;159m[Genesis] [22:36:05] [INFO] Running at [38;5;121m42.92[0m[38;5;159m FPS.[0m
[38;5;159m[Genesis] [22:36:05] [INFO] Running at [38;5;121m44.70[0m[38;5;159m FPS.[0m
[38;5;159m[Genesis] [22:36:05] [INFO] Running at [38;5;121m43.64[0m[38;5;159m FPS.[0m
[38;5;159m[Genesis] [22:36:05] [INFO] Running at [38;5;121m45.44[0m[38;5;159m FPS.[0m
[38;5;159m[Genesis] [22:36:05] [INFO] Running at [38;5;121m43.33[0m[38;5;159m FPS.[0m
[38;5;159m[Genesis] [22:36:05] [INFO] Running at [38;5;121m45.13[0m[38;5;159m FPS.[0m
[38;5;159m[Genesis] [22:36:05] [INFO] Running at [38;5;121m43.43[0m[38;5;159m FPS.[0m
[38;5;159m[Genesis] [22:36:06] [INFO] Running at [38;5;121m45.23[0m[38;5;159m FPS.[0m
[38;5;159m[Genesis] [22:36:06] [INFO] Running at [38;5;121m42.43[0m[38;5;159m FPS.[0m
[38;5;159m[Genesis] [22:36:06] [INFO] Running at [38;5;121m44.17[0m[38;5;159m FPS.[0m
[38;5;159m[Genesis] [22:36:06] [INFO] Running at [38;5;121m42.34[0m[38;5;159m FPS.[0m
[38;5;159m[Genesis] [22:36:06] [INFO] Running at [38;5;121m44.11[0m[38;5;159m FPS.[0m
[38;5;159m[Genesis] [22:36:06] [INFO] Running at [38;5;121m42.01[0m[38;5;159m FPS.[0m
[38;5;159m[Genesis] [22:36:06] [INFO] Running at [38;5;121m43.75[0m[38;5;159m FPS.[0m
[38;5;159m[Genesis] [22:36:06] [INFO] Running at [38;5;121m41.93[0m[38;5;159m FPS.[0m
[38;5;159m[Genesis] [22:36:06] [INFO] Running at [38;5;121m43.67[0m[38;5;159m FPS.[0m
[38;5;159m[Genesis] [22:36:06] [INFO] Running at [38;5;121m42.82[0m[38;5;159m FPS.[0m
[38;5;159m[Genesis] [22:36:06] [INFO] Running at [38;5;121m44.60[0m[38;5;159m FPS.[0m
[38;5;159m[Genesis] [22:36:06] [INFO] Running at [38;5;121m42.98[0m[38;5;159m FPS.[0m
[38;5;159m[Genesis] [22:36:06] [INFO] Running at [38;5;121m44.75[0m[38;5;159m FPS.[0m
[38;5;159m[Genesis] [22:36:06] [INFO] Running at [38;5;121m44.03[0m[38;5;159m FPS.[0m
[38;5;159m[Genesis] [22:36:06] [INFO] Running at [38;5;121m45.84[0m[38;5;159m FPS.[0m
[38;5;159m[Genesis] [22:36:06] [INFO] Running at [38;5;121m44.78[0m[38;5;159m FPS.[0m
[38;5;159m[Genesis] [22:36:06] [INFO] Running at [38;5;121m46.61[0m[38;5;159m FPS.[0m
[38;5;159m[Genesis] [22:36:06] [INFO] Running at [38;5;121m45.78[0m[38;5;159m FPS.[0m
[38;5;159m[Genesis] [22:36:06] [INFO] Running at [38;5;121m47.63[0m[38;5;159m FPS.[0m
[38;5;159m[Genesis] [22:36:06] [INFO] Running at [38;5;121m46.50[0m[38;5;159m FPS.[0m
[38;5;159m[Genesis] [22:36:06] [INFO] Running at [38;5;121m48.40[0m[38;5;159m FPS.[0m
[38;5;159m[Genesis] [22:36:06] [INFO] Running at [38;5;121m47.24[0m[38;5;159m FPS.[0m
[38;5;159m[Genesis] [22:36:06] [INFO] Running at [38;5;121m49.15[0m[38;5;159m FPS.[0m
[38;5;159m[Genesis] [22:36:06] [INFO] Scene [38;5;121m[3m<b111334>[0m[38;5;159m created.[0m
[38;5;159m[Genesis] [22:36:06] [INFO] Adding [38;5;121m<gs.RigidEntity>[0m[38;5;159m. idx: [38;5;121m0[0m[38;5;159m, uid: [38;5;121m[3m<8786d9d>[0m[38;5;159m, morph: [38;5;121m<gs.morphs.Plane>[0m[38;5;159m, material: [38;5;121m<gs.materials.Rigid>[0m[38;5;159m.[0m
[38;5;159m[Genesis] [22:36:06] [INFO] Adding [38;5;121m<gs.RigidEntity>[0m[38;5;159m. idx: [38;5;121m1[0m[38;5;159m, uid: [38;5;121m[3m<d812511>[0m[38;5;159m, morph: [38;5;121m<gs.morphs.URDF(file='/home/jkoba/SynologyDrive/genesis_humanoid_rl/assets/robots/g1/g1_29dof.urdf')>[0m[38;5;159m, material: [38;5;121m<gs.materials.Rigid>[0m[38;5;159m.[0m
[38;5;159m[Genesis] [22:36:07] [INFO] Building scene [38;5;121m[3m<b111334>[0m[38;5;159m...[0m
[38;5;159m[Genesis] [22:36:16] [INFO] Compiling simulation kernels...[0m
[38;5;159m[Genesis] [22:36:50] [INFO] Building visualizer...[0m
[38;5;159m[Genesis] [22:36:51] [INFO] Running at [38;5;121m145.53[0m[38;5;159m FPS.[0m
[38;5;159m[Genesis] [22:36:51] [INFO] Running at [38;5;121m147.78[0m[38;5;159m FPS.[0m
[38;5;159m[Genesis] [22:36:51] [INFO] Running at [38;5;121m149.89[0m[38;5;159m FPS.[0m
[38;5;159m[Genesis] [22:36:51] [INFO] Running at [38;5;121m152.08[0m[38;5;159m FPS.[0m
[38;5;159m[Genesis] [22:36:51] [INFO] Running at [38;5;121m154.13[0m[38;5;159m FPS.[0m
[38;5;159m[Genesis] [22:36:51] [INFO] Running at [38;5;121m156.22[0m[38;5;159m FPS.[0m
[38;5;159m[Genesis] [22:36:51] [INFO] Running at [38;5;121m152.07[0m[38;5;159m FPS.[0m
[38;5;159m[Genesis] [22:36:51] [INFO] Running at [38;5;121m147.61[0m[38;5;159m FPS.[0m
[38;5;159m[Genesis] [22:36:51] [INFO] Running at [38;5;121m143.64[0m[38;5;159m FPS.[0m
[38;5;159m[Genesis] [22:36:51] [INFO] Running at [38;5;121m140.00[0m[38;5;159m FPS.[0m
[38;5;159m[Genesis] [22:36:51] [INFO] Running at [38;5;121m56.56[0m[38;5;159m FPS.[0m
[38;5;159m[Genesis] [22:36:51] [INFO] Running at [38;5;121m58.69[0m[38;5;159m FPS.[0m
[38;5;159m[Genesis] [22:36:51] [INFO] Running at [38;5;121m55.46[0m[38;5;159m FPS.[0m
[38;5;159m[Genesis] [22:36:51] [INFO] Running at [38;5;121m57.57[0m[38;5;159m FPS.[0m
[38;5;159m[Genesis] [22:36:51] [INFO] Running at [38;5;121m55.07[0m[38;5;159m FPS.[0m
[38;5;159m[Genesis] [22:36:51] [INFO] Running at [38;5;121m57.19[0m[38;5;159m FPS.[0m
[38;5;159m[Genesis] [22:36:51] [INFO] Running at [38;5;121m55.31[0m[38;5;159m FPS.[0m
[38;5;159m[Genesis] [22:36:51] [INFO] Running at [38;5;121m57.39[0m[38;5;159m FPS.[0m
[38;5;159m[Genesis] [22:36:51] [INFO] Running at [38;5;121m54.80[0m[38;5;159m FPS.[0m
[38;5;159m[Genesis] [22:36:51] [INFO] Running at [38;5;121m56.89[0m[38;5;159m FPS.[0m
[38;5;159m[Genesis] [22:36:51] [INFO] Running at [38;5;121m54.56[0m[38;5;159m FPS.[0m
[38;5;159m[Genesis] [22:36:51] [INFO] Running at [38;5;121m56.63[0m[38;5;159m FPS.[0m
[38;5;159m[Genesis] [22:36:51] [INFO] Running at [38;5;121m54.32[0m[38;5;159m FPS.[0m
[38;5;159m[Genesis] [22:36:51] [INFO] Running at [38;5;121m56.41[0m[38;5;159m FPS.[0m
[38;5;159m[Genesis] [22:36:51] [INFO] Running at [38;5;121m55.16[0m[38;5;159m FPS.[0m
[38;5;159m[Genesis] [22:36:51] [INFO] Running at [38;5;121m57.27[0m[38;5;159m FPS.[0m
[38;5;159m[Genesis] [22:36:51] [INFO] Running at [38;5;121m55.04[0m[38;5;159m FPS.[0m
[38;5;159m[Genesis] [22:36:51] [INFO] Running at [38;5;121m57.14[0m[38;5;159m FPS.[0m
[38;5;159m[Genesis] [22:36:51] [INFO] Running at [38;5;121m52.98[0m[38;5;159m FPS.[0m
[38;5;159m[Genesis] [22:36:51] [INFO] Running at [38;5;121m55.02[0m[38;5;159m FPS.[0m
[38;5;159m[Genesis] [22:36:51] [INFO] Running at [38;5;121m52.43[0m[38;5;159m FPS.[0m
[38;5;159m[Genesis] [22:36:51] [INFO] Running at [38;5;121m54.48[0m[38;5;159m FPS.[0m
[38;5;159m[Genesis] [22:36:51] [INFO] Running at [38;5;121m51.40[0m[38;5;159m FPS.[0m
[38;5;159m[Genesis] [22:36:51] [INFO] Running at [38;5;121m53.42[0m[38;5;159m FPS.[0m
[38;5;159m[Genesis] [22:36:51] [INFO] Running at [38;5;121m50.45[0m[38;5;159m FPS.[0m
[38;5;159m[Genesis] [22:36:51] [INFO] Running at [38;5;121m52.44[0m[38;5;159m FPS.[0m
[38;5;159m[Genesis] [22:36:51] [INFO] Running at [38;5;121m50.51[0m[38;5;159m FPS.[0m
[38;5;159m[Genesis] [22:36:51] [INFO] Running at [38;5;121m52.50[0m[38;5;159m FPS.[0m
[38;5;159m[Genesis] [22:36:51] [INFO] Running at [38;5;121m50.64[0m[38;5;159m FPS.[0m
[38;5;159m[Genesis] [22:36:52] [INFO] Running at [38;5;121m52.63[0m[38;5;159m FPS.[0m
[38;5;159m[Genesis] [22:36:52] [INFO] Running at [38;5;121m49.14[0m[38;5;159m FPS.[0m
[38;5;159m[Genesis] [22:36:52] [INFO] Running at [38;5;121m51.11[0m[38;5;159m FPS.[0m
[38;5;159m[Genesis] [22:36:52] [INFO] Running at [38;5;121m48.32[0m[38;5;159m FPS.[0m
[38;5;159m[Genesis] [22:36:52] [INFO] Running at [38;5;121m50.25[0m[38;5;159m FPS.[0m
[38;5;159m[Genesis] [22:36:52] [INFO] Running at [38;5;121m48.29[0m[38;5;159m FPS.[0m
[38;5;159m[Genesis] [22:36:52] [INFO] Running at [38;5;121m50.23[0m[38;5;159m FPS.[0m
[38;5;159m[Genesis] [22:36:52] [INFO] Running at [38;5;121m47.37[0m[38;5;159m FPS.[0m
[38;5;159m[Genesis] [22:36:52] [INFO] Running at [38;5;121m49.26[0m[38;5;159m FPS.[0m
[38;5;159m[Genesis] [22:36:52] [INFO] Running at [38;5;121m47.63[0m[38;5;159m FPS.[0m
[38;5;159m[Genesis] [22:36:52] [INFO] Running at [38;5;121m49.55[0m[38;5;159m FPS.[0m
[38;5;159m[Genesis] [22:36:52] [INFO] Running at [38;5;121m46.81[0m[38;5;159m FPS.[0m
[38;5;159m[Genesis] [22:36:52] [INFO] Running at [38;5;121m48.70[0m[38;5;159m FPS.[0m
[38;5;159m[Genesis] [22:36:52] [INFO] Running at [38;5;121m46.57[0m[38;5;159m FPS.[0m
[38;5;159m[Genesis] [22:36:52] [INFO] Running at [38;5;121m48.44[0m[38;5;159m FPS.[0m
[38;5;159m[Genesis] [22:36:52] [INFO] Running at [38;5;121m46.13[0m[38;5;159m FPS.[0m
[38;5;159m[Genesis] [22:36:52] [INFO] Running at [38;5;121m48.00[0m[38;5;159m FPS.[0m
[38;5;159m[Genesis] [22:36:52] [INFO] Running at [38;5;121m46.20[0m[38;5;159m FPS.[0m
[38;5;159m[Genesis] [22:36:52] [INFO] Running at [38;5;121m48.07[0m[38;5;159m FPS.[0m
[38;5;159m[Genesis] [22:36:52] [INFO] Running at [38;5;121m45.14[0m[38;5;159m FPS.[0m
[38;5;159m[Genesis] [22:36:52] [INFO] Running at [38;5;121m46.98[0m[38;5;159m FPS.[0m
[38;5;159m[Genesis] [22:36:52] [INFO] Running at [38;5;121m45.21[0m[38;5;159m FPS.[0m
[38;5;159m[Genesis] [22:36:52] [INFO] Running at [38;5;121m47.06[0m[38;5;159m FPS.[0m
[38;5;159m[Genesis] [22:36:52] [INFO] Running at [38;5;121m45.44[0m[38;5;159m FPS.[0m
[38;5;159m[Genesis] [22:36:52] [INFO] Running at [38;5;121m47.29[0m[38;5;159m FPS.[0m
[38;5;159m[Genesis] [22:36:52] [INFO] Running at [38;5;121m45.30[0m[38;5;159m FPS.[0m
[38;5;159m[Genesis] [22:36:52] [INFO] Running at [38;5;121m47.15[0m[38;5;159m FPS.[0m
[38;5;159m[Genesis] [22:36:52] [INFO] Running at [38;5;121m44.60[0m[38;5;159m FPS.[0m
[38;5;159m[Genesis] [22:36:52] [INFO] Running at [38;5;121m46.44[0m[38;5;159m FPS.[0m
[38;5;159m[Genesis] [22:36:52] [INFO] Running at [38;5;121m44.31[0m[38;5;159m FPS.[0m
[38;5;159m[Genesis] [22:36:52] [INFO] Running at [38;5;121m46.12[0m[38;5;159m FPS.[0m
[38;5;159m[Genesis] [22:36:52] [INFO] Running at [38;5;121m43.93[0m[38;5;159m FPS.[0m
[38;5;159m[Genesis] [22:36:52] [INFO] Running at [38;5;121m45.74[0m[38;5;159m FPS.[0m
[38;5;159m[Genesis] [22:36:52] [INFO] Running at [38;5;121m44.02[0m[38;5;159m FPS.[0m
[38;5;159m[Genesis] [22:36:52] [INFO] Running at [38;5;121m45.82[0m[38;5;159m FPS.[0m
[38;5;159m[Genesis] [22:36:52] [INFO] Running at [38;5;121m44.89[0m[38;5;159m FPS.[0m
[38;5;159m[Genesis] [22:36:52] [INFO] Running at [38;5;121m46.74[0m[38;5;159m FPS.[0m
[38;5;159m[Genesis] [22:36:52] [INFO] Running at [38;5;121m44.88[0m[38;5;159m FPS.[0m
[38;5;159m[Genesis] [22:36:52] [INFO] Running at [38;5;121m46.72[0m[38;5;159m FPS.[0m
[38;5;159m[Genesis] [22:36:52] [INFO] Running at [38;5;121m45.81[0m[38;5;159m FPS.[0m
[38;5;159m[Genesis] [22:36:52] [INFO] Running at [38;5;121m47.66[0m[38;5;159m FPS.[0m
[38;5;159m[Genesis] [22:36:52] [INFO] Running at [38;5;121m46.80[0m[38;5;159m FPS.[0m
[38;5;159m[Genesis] [22:36:52] [INFO] Running at [38;5;121m48.70[0m[38;5;159m FPS.[0m
[38;5;159m[Genesis] [22:36:52] [INFO] Running at [38;5;121m47.90[0m[38;5;159m FPS.[0m
[38;5;159m[Genesis] [22:36:52] [INFO] Running at [38;5;121m49.82[0m[38;5;159m FPS.[0m
[38;5;159m[Genesis] [22:36:52] [INFO] Running at [38;5;121m48.77[0m[38;5;159m FPS.[0m
[38;5;159m[Genesis] [22:36:52] [INFO] Running at [38;5;121m50.72[0m[38;5;159m FPS.[0m
[38;5;159m[Genesis] [22:36:53] [INFO] Running at [38;5;121m48.75[0m[38;5;159m FPS.[0m
[38;5;159m[Genesis] [22:36:53] [INFO] Running at [38;5;121m50.70[0m[38;5;159m FPS.[0m
[38;5;159m[Genesis] [22:36:53] [INFO] Running at [38;5;121m49.39[0m[38;5;159m FPS.[0m
[38;5;159m[Genesis] [22:36:53] [INFO] Running at [38;5;121m51.34[0m[38;5;159m FPS.[0m
[38;5;159m[Genesis] [22:36:53] [INFO] Running at [38;5;121m49.81[0m[38;5;159m FPS.[0m
[38;5;159m[Genesis] [22:36:53] [INFO] Running at [38;5;121m51.79[0m[38;5;159m FPS.[0m
[38;5;159m[Genesis] [22:36:53] [INFO] Running at [38;5;121m49.35[0m[38;5;159m FPS.[0m
[38;5;159m[Genesis] [22:36:53] [INFO] Running at [38;5;121m51.31[0m[38;5;159m FPS.[0m
[38;5;159m[Genesis] [22:36:53] [INFO] Running at [38;5;121m49.83[0m[38;5;159m FPS.[0m
[38;5;159m[Genesis] [22:36:53] [INFO] Running at [38;5;121m51.81[0m[38;5;159m FPS.[0m
[38;5;159m[Genesis] [22:36:53] [INFO] Scene [38;5;121m[3m<930c813>[0m[38;5;159m created.[0m
[38;5;159m[Genesis] [22:36:53] [INFO] Adding [38;5;121m<gs.RigidEntity>[0m[38;5;159m. idx: [38;5;121m0[0m[38;5;159m, uid: [38;5;121m[3m<43f98f1>[0m[38;5;159m, morph: [38;5;121m<gs.morphs.Plane>[0m[38;5;159m, material: [38;5;121m<gs.materials.Rigid>[0m[38;5;159m.[0m
[38;5;159m[Genesis] [22:36:53] [INFO] Adding [38;5;121m<gs.RigidEntity>[0m[38;5;159m. idx: [38;5;121m1[0m[38;5;159m, uid: [38;5;121m[3m<7324246>[0m[38;5;159m, morph: [38;5;121m<gs.morphs.URDF(file='/home/jkoba/SynologyDrive/genesis_humanoid_rl/assets/robots/g1/g1_29dof.urdf')>[0m[38;5;159m, material: [38;5;121m<gs.materials.Rigid>[0m[38;5;159m.[0m
[38;5;159m[Genesis] [22:36:54] [INFO] Building scene [38;5;121m[3m<930c813>[0m[38;5;159m...[0m
[38;5;159m[Genesis] [22:37:04] [INFO] Compiling simulation kernels...[0m
[38;5;159m[Genesis] [22:37:37] [INFO] Building visualizer...[0m
[38;5;159m[Genesis] [22:37:38] [INFO] Running at [38;5;121m148.37[0m[38;5;159m FPS.[0m
[38;5;159m[Genesis] [22:37:38] [INFO] Running at [38;5;121m150.31[0m[38;5;159m FPS.[0m
[38;5;159m[Genesis] [22:37:38] [INFO] Running at [38;5;121m152.43[0m[38;5;159m FPS.[0m
[38;5;159m[Genesis] [22:37:38] [INFO] Running at [38;5;121m154.52[0m[38;5;159m FPS.[0m
[38;5;159m[Genesis] [22:37:38] [INFO] Running at [38;5;121m156.52[0m[38;5;159m FPS.[0m
[38;5;159m[Genesis] [22:37:38] [INFO] Running at [38;5;121m158.58[0m[38;5;159m FPS.[0m
[38;5;159m[Genesis] [22:37:38] [INFO] Running at [38;5;121m154.30[0m[38;5;159m FPS.[0m
[38;5;159m[Genesis] [22:37:38] [INFO] Running at [38;5;121m149.62[0m[38;5;159m FPS.[0m
[38;5;159m[Genesis] [22:37:38] [INFO] Running at [38;5;121m145.42[0m[38;5;159m FPS.[0m
[38;5;159m[Genesis] [22:37:38] [INFO] Running at [38;5;121m141.63[0m[38;5;159m FPS.[0m
[38;5;159m[Genesis] [22:37:38] [INFO] Running at [38;5;121m57.59[0m[38;5;159m FPS.[0m
[38;5;159m[Genesis] [22:37:38] [INFO] Running at [38;5;121m59.71[0m[38;5;159m FPS.[0m
[38;5;159m[Genesis] [22:37:38] [INFO] Running at [38;5;121m56.65[0m[38;5;159m FPS.[0m
[38;5;159m[Genesis] [22:37:38] [INFO] Running at [38;5;121m58.80[0m[38;5;159m FPS.[0m
[38;5;159m[Genesis] [22:37:38] [INFO] Running at [38;5;121m55.53[0m[38;5;159m FPS.[0m
[38;5;159m[Genesis] [22:37:38] [INFO] Running at [38;5;121m57.66[0m[38;5;159m FPS.[0m
[38;5;159m[Genesis] [22:37:38] [INFO] Running at [38;5;121m55.09[0m[38;5;159m FPS.[0m
[38;5;159m[Genesis] [22:37:38] [INFO] Running at [38;5;121m57.20[0m[38;5;159m FPS.[0m
[38;5;159m[Genesis] [22:37:38] [INFO] Running at [38;5;121m53.70[0m[38;5;159m FPS.[0m
[38;5;159m[Genesis] [22:37:38] [INFO] Running at [38;5;121m55.77[0m[38;5;159m FPS.[0m
[38;5;159m[Genesis] [22:37:38] [INFO] Running at [38;5;121m53.15[0m[38;5;159m FPS.[0m
[38;5;159m[Genesis] [22:37:38] [INFO] Running at [38;5;121m55.22[0m[38;5;159m FPS.[0m
[38;5;159m[Genesis] [22:37:38] [INFO] Running at [38;5;121m53.25[0m[38;5;159m FPS.[0m
[38;5;159m[Genesis] [22:37:38] [INFO] Running at [38;5;121m55.31[0m[38;5;159m FPS.[0m
[38;5;159m[Genesis] [22:37:38] [INFO] Running at [38;5;121m53.33[0m[38;5;159m FPS.[0m
[38;5;159m[Genesis] [22:37:38] [INFO] Running at [38;5;121m55.39[0m[38;5;159m FPS.[0m
[38;5;159m[Genesis] [22:37:38] [INFO] Running at [38;5;121m53.73[0m[38;5;159m FPS.[0m
[38;5;159m[Genesis] [22:37:38] [INFO] Running at [38;5;121m55.80[0m[38;5;159m FPS.[0m
[38;5;159m[Genesis] [22:37:38] [INFO] Running at [38;5;121m53.93[0m[38;5;159m FPS.[0m
[38;5;159m[Genesis] [22:37:38] [INFO] Running at [38;5;121m56.02[0m[38;5;159m FPS.[0m
[38;5;159m[Genesis] [22:37:38] [INFO] Running at [38;5;121m53.81[0m[38;5;159m FPS.[0m
[38;5;159m[Genesis] [22:37:38] [INFO] Running at [38;5;121m55.90[0m[38;5;159m FPS.[0m
[38;5;159m[Genesis] [22:37:38] [INFO] Running at [38;5;121m53.35[0m[38;5;159m FPS.[0m
[38;5;159m[Genesis] [22:37:38] [INFO] Running at [38;5;121m55.42[0m[38;5;159m FPS.[0m
[38;5;159m[Genesis] [22:37:38] [INFO] Running at [38;5;121m52.85[0m[38;5;159m FPS.[0m
[38;5;159m[Genesis] [22:37:38] [INFO] Running at [38;5;121m54.91[0m[38;5;159m FPS.[0m
[38;5;159m[Genesis] [22:37:38] [INFO] Running at [38;5;121m51.56[0m[38;5;159m FPS.[0m
[38;5;159m[Genesis] [22:37:38] [INFO] Running at [38;5;121m53.58[0m[38;5;159m FPS.[0m
[38;5;159m[Genesis] [22:37:38] [INFO] Running at [38;5;121m50.67[0m[38;5;159m FPS.[0m
[38;5;159m[Genesis] [22:37:38] [INFO] Running at [38;5;121m52.66[0m[38;5;159m FPS.[0m
[38;5;159m[Genesis] [22:37:38] [INFO] Running at [38;5;121m50.36[0m[38;5;159m FPS.[0m
[38;5;159m[Genesis] [22:37:38] [INFO] Running at [38;5;121m52.36[0m[38;5;159m FPS.[0m
[38;5;159m[Genesis] [22:37:38] [INFO] Running at [38;5;121m50.38[0m[38;5;159m FPS.[0m
[38;5;159m[Genesis] [22:37:38] [INFO] Running at [38;5;121m52.37[0m[38;5;159m FPS.[0m
[38;5;159m[Genesis] [22:37:39] [INFO] Running at [38;5;121m50.35[0m[38;5;159m FPS.[0m
[38;5;159m[Genesis] [22:37:39] [INFO] Running at [38;5;121m52.36[0m[38;5;159m FPS.[0m
[38;5;159m[Genesis] [22:37:39] [INFO] Running at [38;5;121m49.79[0m[38;5;159m FPS.[0m
[38;5;159m[Genesis] [22:37:39] [INFO] Running at [38;5;121m51.76[0m[38;5;159m FPS.[0m
[38;5;159m[Genesis] [22:37:39] [INFO] Running at [38;5;121m49.78[0m[38;5;159m FPS.[0m
[38;5;159m[Genesis] [22:37:39] [INFO] Running at [38;5;121m51.75[0m[38;5;159m FPS.[0m
[38;5;159m[Genesis] [22:37:39] [INFO] Running at [38;5;121m49.49[0m[38;5;159m FPS.[0m
[38;5;159m[Genesis] [22:37:39] [INFO] Running at [38;5;121m51.47[0m[38;5;159m FPS.[0m
[38;5;159m[Genesis] [22:37:39] [INFO] Running at [38;5;121m49.07[0m[38;5;159m FPS.[0m
[38;5;159m[Genesis] [22:37:39] [INFO] Running at [38;5;121m51.03[0m[38;5;159m FPS.[0m
[38;5;159m[Genesis] [22:37:39] [INFO] Running at [38;5;121m49.04[0m[38;5;159m FPS.[0m
[38;5;159m[Genesis] [22:37:39] [INFO] Running at [38;5;121m51.02[0m[38;5;159m FPS.[0m
[38;5;159m[Genesis] [22:37:39] [INFO] Running at [38;5;121m47.89[0m[38;5;159m FPS.[0m
[38;5;159m[Genesis] [22:37:39] [INFO] Running at [38;5;121m49.83[0m[38;5;159m FPS.[0m
[38;5;159m[Genesis] [22:37:39] [INFO] Running at [38;5;121m46.31[0m[38;5;159m FPS.[0m
[38;5;159m[Genesis] [22:37:39] [INFO] Running at [38;5;121m48.20[0m[38;5;159m FPS.[0m
[38;5;159m[Genesis] [22:37:39] [INFO] Running at [38;5;121m46.26[0m[38;5;159m FPS.[0m
[38;5;159m[Genesis] [22:37:39] [INFO] Running at [38;5;121m48.14[0m[38;5;159m FPS.[0m
[38;5;159m[Genesis] [22:37:39] [INFO] Running at [38;5;121m46.96[0m[38;5;159m FPS.[0m
[38;5;159m[Genesis] [22:37:39] [INFO] Running at [38;5;121m48.85[0m[38;5;159m FPS.[0m
[38;5;159m[Genesis] [22:37:39] [INFO] Running at [38;5;121m47.11[0m[38;5;159m FPS.[0m
[38;5;159m[Genesis] [22:37:39] [INFO] Running at [38;5;121m49.02[0m[38;5;159m FPS.[0m
[38;5;159m[Genesis] [22:37:39] [INFO] Running at [38;5;121m47.48[0m[38;5;159m FPS.[0m
[38;5;159m[Genesis] [22:37:39] [INFO] Running at [38;5;121m49.40[0m[38;5;159m FPS.[0m
[38;5;159m[Genesis] [22:37:39] [INFO] Running at [38;5;121m47.70[0m[38;5;159m FPS.[0m
[38;5;159m[Genesis] [22:37:39] [INFO] Running at [38;5;121m49.62[0m[38;5;159m FPS.[0m
[38;5;159m[Genesis] [22:37:39] [INFO] Running at [38;5;121m47.27[0m[38;5;159m FPS.[0m
[38;5;159m[Genesis] [22:37:39] [INFO] Running at [38;5;121m49.18[0m[38;5;159m FPS.[0m
[38;5;159m[Genesis] [22:37:39] [INFO] Running at [38;5;121m46.49[0m[38;5;159m FPS.[0m
[38;5;159m[Genesis] [22:37:39] [INFO] Running at [38;5;121m48.38[0m[38;5;159m FPS.[0m
[38;5;159m[Genesis] [22:37:39] [INFO] Running at [38;5;121m46.37[0m[38;5;159m FPS.[0m
[38;5;159m[Genesis] [22:37:39] [INFO] Running at [38;5;121m48.25[0m[38;5;159m FPS.[0m
[38;5;159m[Genesis] [22:37:39] [INFO] Running at [38;5;121m47.26[0m[38;5;159m FPS.[0m
[38;5;159m[Genesis] [22:37:39] [INFO] Running at [38;5;121m49.18[0m[38;5;159m FPS.[0m
[38;5;159m[Genesis] [22:37:39] [INFO] Running at [38;5;121m48.19[0m[38;5;159m FPS.[0m
[38;5;159m[Genesis] [22:37:39] [INFO] Running at [38;5;121m50.12[0m[38;5;159m FPS.[0m
[38;5;159m[Genesis] [22:37:39] [INFO] Running at [38;5;121m48.39[0m[38;5;159m FPS.[0m
[38;5;159m[Genesis] [22:37:39] [INFO] Running at [38;5;121m50.33[0m[38;5;159m FPS.[0m
[38;5;159m[Genesis] [22:37:39] [INFO] Running at [38;5;121m49.12[0m[38;5;159m FPS.[0m
[38;5;159m[Genesis] [22:37:39] [INFO] Running at [38;5;121m51.08[0m[38;5;159m FPS.[0m
[38;5;159m[Genesis] [22:37:39] [INFO] Running at [38;5;121m49.34[0m[38;5;159m FPS.[0m
[38;5;159m[Genesis] [22:37:39] [INFO] Running at [38;5;121m51.30[0m[38;5;159m FPS.[0m
[38;5;159m[Genesis] [22:37:39] [INFO] Running at [38;5;121m49.69[0m[38;5;159m FPS.[0m
[38;5;159m[Genesis] [22:37:39] [INFO] Running at [38;5;121m51.67[0m[38;5;159m FPS.[0m
[38;5;159m[Genesis] [22:37:39] [INFO] Running at [38;5;121m50.44[0m[38;5;159m FPS.[0m
[38;5;159m[Genesis] [22:37:39] [INFO] Running at [38;5;121m52.43[0m[38;5;159m FPS.[0m
[38;5;159m[Genesis] [22:37:39] [INFO] Running at [38;5;121m50.77[0m[38;5;159m FPS.[0m
[38;5;159m[Genesis] [22:37:39] [INFO] Running at [38;5;121m52.78[0m[38;5;159m FPS.[0m
[38;5;159m[Genesis] [22:37:39] [INFO] Running at [38;5;121m51.48[0m[38;5;159m FPS.[0m
[38;5;159m[Genesis] [22:37:39] [INFO] Running at [38;5;121m53.51[0m[38;5;159m FPS.[0m
[38;5;159m[Genesis] [22:37:40] [INFO] Running at [38;5;121m51.94[0m[38;5;159m FPS.[0m
[38;5;159m[Genesis] [22:37:40] [INFO] Running at [38;5;121m53.96[0m[38;5;159m FPS.[0m
[38;5;159m[Genesis] [22:37:40] [INFO] Running at [38;5;121m52.56[0m[38;5;159m FPS.[0m
[38;5;159m[Genesis] [22:37:40] [INFO] Running at [38;5;121m54.61[0m[38;5;159m FPS.[0m
[38;5;159m[Genesis] [22:37:40] [INFO] Running at [38;5;121m53.16[0m[38;5;159m FPS.[0m
[38;5;159m[Genesis] [22:37:40] [INFO] Running at [38;5;121m55.22[0m[38;5;159m FPS.[0m
[38;5;159m[Genesis] [22:37:40] [INFO] Scene [38;5;121m[3m<97e4c54>[0m[38;5;159m created.[0m
[38;5;159m[Genesis] [22:37:40] [INFO] Adding [38;5;121m<gs.RigidEntity>[0m[38;5;159m. idx: [38;5;121m0[0m[38;5;159m, uid: [38;5;121m[3m<1fa1231>[0m[38;5;159m, morph: [38;5;121m<gs.morphs.Plane>[0m[38;5;159m, material: [38;5;121m<gs.materials.Rigid>[0m[38;5;159m.[0m
[38;5;159m[Genesis] [22:37:40] [INFO] Adding [38;5;121m<gs.RigidEntity>[0m[38;5;159m. idx: [38;5;121m1[0m[38;5;159m, uid: [38;5;121m[3m<710b360>[0m[38;5;159m, morph: [38;5;121m<gs.morphs.URDF(file='/home/jkoba/SynologyDrive/genesis_humanoid_rl/assets/robots/g1/g1_29dof.urdf')>[0m[38;5;159m, material: [38;5;121m<gs.materials.Rigid>[0m[38;5;159m.[0m
[38;5;159m[Genesis] [22:37:41] [INFO] Building scene [38;5;121m[3m<97e4c54>[0m[38;5;159m...[0m
[38;5;159m[Genesis] [22:37:50] [INFO] Compiling simulation kernels...[0m
[38;5;159m[Genesis] [22:38:23] [INFO] Building visualizer...[0m
[38;5;159m[Genesis] [22:38:24] [INFO] Running at [38;5;121m141.53[0m[38;5;159m FPS.[0m
[38;5;159m[Genesis] [22:38:24] [INFO] Running at [38;5;121m143.34[0m[38;5;159m FPS.[0m
[38;5;159m[Genesis] [22:38:24] [INFO] Running at [38;5;121m145.56[0m[38;5;159m FPS.[0m
[38;5;159m[Genesis] [22:38:24] [INFO] Running at [38;5;121m147.85[0m[38;5;159m FPS.[0m
[38;5;159m[Genesis] [22:38:24] [INFO] Running at [38;5;121m150.05[0m[38;5;159m FPS.[0m
[38;5;159m[Genesis] [22:38:24] [INFO] Running at [38;5;121m152.29[0m[38;5;159m FPS.[0m
[38;5;159m[Genesis] [22:38:24] [INFO] Running at [38;5;121m148.75[0m[38;5;159m FPS.[0m
[38;5;159m[Genesis] [22:38:24] [INFO] Running at [38;5;121m144.72[0m[38;5;159m FPS.[0m
[38;5;159m[Genesis] [22:38:24] [INFO] Running at [38;5;121m140.99[0m[38;5;159m FPS.[0m
[38;5;159m[Genesis] [22:38:24] [INFO] Running at [38;5;121m137.62[0m[38;5;159m FPS.[0m
[38;5;159m[Genesis] [22:38:24] [INFO] Running at [38;5;121m56.29[0m[38;5;159m FPS.[0m
[38;5;159m[Genesis] [22:38:24] [INFO] Running at [38;5;121m58.41[0m[38;5;159m FPS.[0m
[38;5;159m[Genesis] [22:38:24] [INFO] Running at [38;5;121m55.93[0m[38;5;159m FPS.[0m
[38;5;159m[Genesis] [22:38:24] [INFO] Running at [38;5;121m58.05[0m[38;5;159m FPS.[0m
[38;5;159m[Genesis] [22:38:24] [INFO] Running at [38;5;121m55.57[0m[38;5;159m FPS.[0m
[38;5;159m[Genesis] [22:38:24] [INFO] Running at [38;5;121m57.69[0m[38;5;159m FPS.[0m
[38;5;159m[Genesis] [22:38:24] [INFO] Running at [38;5;121m55.33[0m[38;5;159m FPS.[0m
[38;5;159m[Genesis] [22:38:24] [INFO] Running at [38;5;121m57.41[0m[38;5;159m FPS.[0m
[38;5;159m[Genesis] [22:38:24] [INFO] Running at [38;5;121m55.51[0m[38;5;159m FPS.[0m
[38;5;159m[Genesis] [22:38:24] [INFO] Running at [38;5;121m57.63[0m[38;5;159m FPS.[0m
[38;5;159m[Genesis] [22:38:24] [INFO] Running at [38;5;121m55.06[0m[38;5;159m FPS.[0m
[38;5;159m[Genesis] [22:38:24] [INFO] Running at [38;5;121m57.17[0m[38;5;159m FPS.[0m
[38;5;159m[Genesis] [22:38:24] [INFO] Running at [38;5;121m54.45[0m[38;5;159m FPS.[0m
[38;5;159m[Genesis] [22:38:24] [INFO] Running at [38;5;121m56.53[0m[38;5;159m FPS.[0m
[38;5;159m[Genesis] [22:38:24] [INFO] Running at [38;5;121m54.58[0m[38;5;159m FPS.[0m
[38;5;159m[Genesis] [22:38:24] [INFO] Running at [38;5;121m56.68[0m[38;5;159m FPS.[0m
[38;5;159m[Genesis] [22:38:24] [INFO] Running at [38;5;121m54.47[0m[38;5;159m FPS.[0m
[38;5;159m[Genesis] [22:38:24] [INFO] Running at [38;5;121m56.55[0m[38;5;159m FPS.[0m
[38;5;159m[Genesis] [22:38:24] [INFO] Running at [38;5;121m54.76[0m[38;5;159m FPS.[0m
[38;5;159m[Genesis] [22:38:24] [INFO] Running at [38;5;121m56.86[0m[38;5;159m FPS.[0m
[38;5;159m[Genesis] [22:38:24] [INFO] Running at [38;5;121m54.10[0m[38;5;159m FPS.[0m
[38;5;159m[Genesis] [22:38:24] [INFO] Running at [38;5;121m56.18[0m[38;5;159m FPS.[0m
[38;5;159m[Genesis] [22:38:24] [INFO] Running at [38;5;121m54.19[0m[38;5;159m FPS.[0m
[38;5;159m[Genesis] [22:38:24] [INFO] Running at [38;5;121m56.27[0m[38;5;159m FPS.[0m
[38;5;159m[Genesis] [22:38:24] [INFO] Running at [38;5;121m54.50[0m[38;5;159m FPS.[0m
[38;5;159m[Genesis] [22:38:24] [INFO] Running at [38;5;121m56.59[0m[38;5;159m FPS.[0m
[38;5;159m[Genesis] [22:38:24] [INFO] Running at [38;5;121m52.89[0m[38;5;159m FPS.[0m
[38;5;159m[Genesis] [22:38:24] [INFO] Running at [38;5;121m54.93[0m[38;5;159m FPS.[0m
[38;5;159m[Genesis] [22:38:24] [INFO] Running at [38;5;121m52.95[0m[38;5;159m FPS.[0m
[38;5;159m[Genesis] [22:38:24] [INFO] Running at [38;5;121m54.99[0m[38;5;159m FPS.[0m
[38;5;159m[Genesis] [22:38:24] [INFO] Running at [38;5;121m52.71[0m[38;5;159m FPS.[0m
[38;5;159m[Genesis] [22:38:24] [INFO] Running at [38;5;121m54.76[0m[38;5;159m FPS.[0m
[38;5;159m[Genesis] [22:38:24] [INFO] Running at [38;5;121m52.85[0m[38;5;159m FPS.[0m
[38;5;159m[Genesis] [22:38:25] [INFO] Running at [38;5;121m54.90[0m[38;5;159m FPS.[0m
[38;5;159m[Genesis] [22:38:25] [INFO] Running at [38;5;121m52.44[0m[38;5;159m FPS.[0m
[38;5;159m[Genesis] [22:38:25] [INFO] Running at [38;5;121m54.48[0m[38;5;159m FPS.[0m
[38;5;159m[Genesis] [22:38:25] [INFO] Running at [38;5;121m51.73[0m[38;5;159m FPS.[0m
[38;5;159m[Genesis] [22:38:25] [INFO] Running at [38;5;121m53.75[0m[38;5;159m FPS.[0m
[38;5;159m[Genesis] [22:38:25] [INFO] Running at [38;5;121m50.82[0m[38;5;159m FPS.[0m
[38;5;159m[Genesis] [22:38:25] [INFO] Running at [38;5;121m52.80[0m[38;5;159m FPS.[0m
[38;5;159m[Genesis] [22:38:25] [INFO] Running at [38;5;121m50.30[0m[38;5;159m FPS.[0m
[38;5;159m[Genesis] [22:38:25] [INFO] Running at [38;5;121m52.29[0m[38;5;159m FPS.[0m
[38;5;159m[Genesis] [22:38:25] [INFO] Running at [38;5;121m49.11[0m[38;5;159m FPS.[0m
[38;5;159m[Genesis] [22:38:25] [INFO] Running at [38;5;121m51.06[0m[38;5;159m FPS.[0m
[38;5;159m[Genesis] [22:38:25] [INFO] Running at [38;5;121m48.92[0m[38;5;159m FPS.[0m
[38;5;159m[Genesis] [22:38:25] [INFO] Running at [38;5;121m50.87[0m[38;5;159m FPS.[0m
[38;5;159m[Genesis] [22:38:25] [INFO] Running at [38;5;121m48.08[0m[38;5;159m FPS.[0m
[38;5;159m[Genesis] [22:38:25] [INFO] Running at [38;5;121m50.00[0m[38;5;159m FPS.[0m
[38;5;159m[Genesis] [22:38:25] [INFO] Running at [38;5;121m47.20[0m[38;5;159m FPS.[0m
[38;5;159m[Genesis] [22:38:25] [INFO] Running at [38;5;121m49.09[0m[38;5;159m FPS.[0m
[38;5;159m[Genesis] [22:38:25] [INFO] Running at [38;5;121m47.10[0m[38;5;159m FPS.[0m
[38;5;159m[Genesis] [22:38:25] [INFO] Running at [38;5;121m49.00[0m[38;5;159m FPS.[0m
[38;5;159m[Genesis] [22:38:25] [INFO] Running at [38;5;121m47.57[0m[38;5;159m FPS.[0m
[38;5;159m[Genesis] [22:38:25] [INFO] Running at [38;5;121m49.47[0m[38;5;159m FPS.[0m
[38;5;159m[Genesis] [22:38:25] [INFO] Running at [38;5;121m47.47[0m[38;5;159m FPS.[0m
[38;5;159m[Genesis] [22:38:25] [INFO] Running at [38;5;121m49.37[0m[38;5;159m FPS.[0m
[38;5;159m[Genesis] [22:38:25] [INFO] Running at [38;5;121m46.97[0m[38;5;159m FPS.[0m
[38;5;159m[Genesis] [22:38:25] [INFO] Running at [38;5;121m48.86[0m[38;5;159m FPS.[0m
[38;5;159m[Genesis] [22:38:25] [INFO] Running at [38;5;121m46.26[0m[38;5;159m FPS.[0m
[38;5;159m[Genesis] [22:38:25] [INFO] Running at [38;5;121m48.12[0m[38;5;159m FPS.[0m
[38;5;159m[Genesis] [22:38:25] [INFO] Running at [38;5;121m46.21[0m[38;5;159m FPS.[0m
[38;5;159m[Genesis] [22:38:25] [INFO] Running at [38;5;121m48.08[0m[38;5;159m FPS.[0m
[38;5;159m[Genesis] [22:38:25] [INFO] Running at [38;5;121m46.15[0m[38;5;159m FPS.[0m
[38;5;159m[Genesis] [22:38:25] [INFO] Running at [38;5;121m48.02[0m[38;5;159m FPS.[0m
[38;5;159m[Genesis] [22:38:25] [INFO] Running at [38;5;121m46.62[0m[38;5;159m FPS.[0m
[38;5;159m[Genesis] [22:38:25] [INFO] Running at [38;5;121m48.50[0m[38;5;159m FPS.[0m
[38;5;159m[Genesis] [22:38:25] [INFO] Running at [38;5;121m47.77[0m[38;5;159m FPS.[0m
[38;5;159m[Genesis] [22:38:25] [INFO] Running at [38;5;121m49.68[0m[38;5;159m FPS.[0m
[38;5;159m[Genesis] [22:38:25] [INFO] Running at [38;5;121m48.33[0m[38;5;159m FPS.[0m
[38;5;159m[Genesis] [22:38:25] [INFO] Running at [38;5;121m50.26[0m[38;5;159m FPS.[0m
[38;5;159m[Genesis] [22:38:25] [INFO] Running at [38;5;121m48.90[0m[38;5;159m FPS.[0m
[38;5;159m[Genesis] [22:38:25] [INFO] Running at [38;5;121m50.85[0m[38;5;159m FPS.[0m
[38;5;159m[Genesis] [22:38:25] [INFO] Running at [38;5;121m48.89[0m[38;5;159m FPS.[0m
[38;5;159m[Genesis] [22:38:25] [INFO] Running at [38;5;121m50.83[0m[38;5;159m FPS.[0m
[38;5;159m[Genesis] [22:38:25] [INFO] Running at [38;5;121m48.64[0m[38;5;159m FPS.[0m
[38;5;159m[Genesis] [22:38:25] [INFO] Running at [38;5;121m50.58[0m[38;5;159m FPS.[0m
[38;5;159m[Genesis] [22:38:25] [INFO] Running at [38;5;121m49.32[0m[38;5;159m FPS.[0m
[38;5;159m[Genesis] [22:38:25] [INFO] Running at [38;5;121m51.28[0m[38;5;159m FPS.[0m
[38;5;159m[Genesis] [22:38:25] [INFO] Running at [38;5;121m49.83[0m[38;5;159m FPS.[0m
[38;5;159m[Genesis] [22:38:25] [INFO] Running at [38;5;121m51.80[0m[38;5;159m FPS.[0m
[38;5;159m[Genesis] [22:38:25] [INFO] Running at [38;5;121m50.71[0m[38;5;159m FPS.[0m
[38;5;159m[Genesis] [22:38:25] [INFO] Running at [38;5;121m52.71[0m[38;5;159m FPS.[0m
[38;5;159m[Genesis] [22:38:26] [INFO] Running at [38;5;121m51.08[0m[38;5;159m FPS.[0m
[38;5;159m[Genesis] [22:38:26] [INFO] Running at [38;5;121m53.09[0m[38;5;159m FPS.[0m
[38;5;159m[Genesis] [22:38:26] [INFO] Running at [38;5;121m52.20[0m[38;5;159m FPS.[0m
[38;5;159m[Genesis] [22:38:26] [INFO] Running at [38;5;121m54.23[0m[38;5;159m FPS.[0m
[38;5;159m[Genesis] [22:38:26] [INFO] Running at [38;5;121m52.20[0m[38;5;159m FPS.[0m
[38;5;159m[Genesis] [22:38:26] [INFO] Running at [38;5;121m54.24[0m[38;5;159m FPS.[0m
[38;5;159m[Genesis] [22:38:26] [INFO] Running at [38;5;121m51.95[0m[38;5;159m FPS.[0m
[38;5;159m[Genesis] [22:38:26] [INFO] Running at [38;5;121m53.96[0m[38;5;159m FPS.[0m
[38;5;159m[Genesis] [22:38:26] [INFO] Scene [38;5;121m[3m<25252c0>[0m[38;5;159m created.[0m
[38;5;159m[Genesis] [22:38:26] [INFO] Adding [38;5;121m<gs.RigidEntity>[0m[38;5;159m. idx: [38;5;121m0[0m[38;5;159m, uid: [38;5;121m[3m<514ca22>[0m[38;5;159m, morph: [38;5;121m<gs.morphs.Plane>[0m[38;5;159m, material: [38;5;121m<gs.materials.Rigid>[0m[38;5;159m.[0m
[38;5;159m[Genesis] [22:38:26] [INFO] Adding [38;5;121m<gs.RigidEntity>[0m[38;5;159m. idx: [38;5;121m1[0m[38;5;159m, uid: [38;5;121m[3m<c9e1846>[0m[38;5;159m, morph: [38;5;121m<gs.morphs.URDF(file='/home/jkoba/SynologyDrive/genesis_humanoid_rl/assets/robots/g1/g1_29dof.urdf')>[0m[38;5;159m, material: [38;5;121m<gs.materials.Rigid>[0m[38;5;159m.[0m
[38;5;159m[Genesis] [22:38:27] [INFO] Building scene [38;5;121m[3m<25252c0>[0m[38;5;159m...[0m
[38;5;159m[Genesis] [22:38:36] [INFO] Compiling simulation kernels...[0m
[38;5;159m[Genesis] [22:39:09] [INFO] Building visualizer...[0m
[38;5;159m[Genesis] [22:39:10] [INFO] Running at [38;5;121m142.56[0m[38;5;159m FPS.[0m
[38;5;159m[Genesis] [22:39:10] [INFO] Running at [38;5;121m144.48[0m[38;5;159m FPS.[0m
[38;5;159m[Genesis] [22:39:10] [INFO] Running at [38;5;121m146.85[0m[38;5;159m FPS.[0m
[38;5;159m[Genesis] [22:39:10] [INFO] Running at [38;5;121m149.05[0m[38;5;159m FPS.[0m
[38;5;159m[Genesis] [22:39:10] [INFO] Running at [38;5;121m151.34[0m[38;5;159m FPS.[0m
[38;5;159m[Genesis] [22:39:10] [INFO] Running at [38;5;121m153.49[0m[38;5;159m FPS.[0m
[38;5;159m[Genesis] [22:39:10] [INFO] Running at [38;5;121m149.36[0m[38;5;159m FPS.[0m
[38;5;159m[Genesis] [22:39:10] [INFO] Running at [38;5;121m145.17[0m[38;5;159m FPS.[0m
[38;5;159m[Genesis] [22:39:10] [INFO] Running at [38;5;121m141.42[0m[38;5;159m FPS.[0m
[38;5;159m[Genesis] [22:39:10] [INFO] Running at [38;5;121m138.02[0m[38;5;159m FPS.[0m
[38;5;159m[Genesis] [22:39:10] [INFO] Running at [38;5;121m55.74[0m[38;5;159m FPS.[0m
[38;5;159m[Genesis] [22:39:10] [INFO] Running at [38;5;121m57.83[0m[38;5;159m FPS.[0m
[38;5;159m[Genesis] [22:39:10] [INFO] Running at [38;5;121m55.52[0m[38;5;159m FPS.[0m
[38;5;159m[Genesis] [22:39:10] [INFO] Running at [38;5;121m57.63[0m[38;5;159m FPS.[0m
[38;5;159m[Genesis] [22:39:10] [INFO] Running at [38;5;121m55.50[0m[38;5;159m FPS.[0m
[38;5;159m[Genesis] [22:39:10] [INFO] Running at [38;5;121m57.62[0m[38;5;159m FPS.[0m
[38;5;159m[Genesis] [22:39:10] [INFO] Running at [38;5;121m55.33[0m[38;5;159m FPS.[0m
[38;5;159m[Genesis] [22:39:10] [INFO] Running at [38;5;121m57.44[0m[38;5;159m FPS.[0m
[38;5;159m[Genesis] [22:39:10] [INFO] Running at [38;5;121m54.58[0m[38;5;159m FPS.[0m
[38;5;159m[Genesis] [22:39:10] [INFO] Running at [38;5;121m56.67[0m[38;5;159m FPS.[0m
[38;5;159m[Genesis] [22:39:10] [INFO] Running at [38;5;121m53.72[0m[38;5;159m FPS.[0m
[38;5;159m[Genesis] [22:39:10] [INFO] Running at [38;5;121m55.79[0m[38;5;159m FPS.[0m
[38;5;159m[Genesis] [22:39:10] [INFO] Running at [38;5;121m53.18[0m[38;5;159m FPS.[0m
[38;5;159m[Genesis] [22:39:10] [INFO] Running at [38;5;121m55.23[0m[38;5;159m FPS.[0m
[38;5;159m[Genesis] [22:39:10] [INFO] Running at [38;5;121m52.98[0m[38;5;159m FPS.[0m
[38;5;159m[Genesis] [22:39:10] [INFO] Running at [38;5;121m55.04[0m[38;5;159m FPS.[0m
[38;5;159m[Genesis] [22:39:10] [INFO] Running at [38;5;121m53.41[0m[38;5;159m FPS.[0m
[38;5;159m[Genesis] [22:39:10] [INFO] Running at [38;5;121m55.46[0m[38;5;159m FPS.[0m
[38;5;159m[Genesis] [22:39:10] [INFO] Running at [38;5;121m53.77[0m[38;5;159m FPS.[0m
[38;5;159m[Genesis] [22:39:10] [INFO] Running at [38;5;121m55.85[0m[38;5;159m FPS.[0m
[38;5;159m[Genesis] [22:39:10] [INFO] Running at [38;5;121m54.24[0m[38;5;159m FPS.[0m
[38;5;159m[Genesis] [22:39:11] [INFO] Running at [38;5;121m56.33[0m[38;5;159m FPS.[0m
[38;5;159m[Genesis] [22:39:11] [INFO] Running at [38;5;121m53.92[0m[38;5;159m FPS.[0m
[38;5;159m[Genesis] [22:39:11] [INFO] Running at [38;5;121m56.01[0m[38;5;159m FPS.[0m
[38;5;159m[Genesis] [22:39:11] [INFO] Running at [38;5;121m54.02[0m[38;5;159m FPS.[0m
[38;5;159m[Genesis] [22:39:11] [INFO] Running at [38;5;121m56.11[0m[38;5;159m FPS.[0m
[38;5;159m[Genesis] [22:39:11] [INFO] Running at [38;5;121m53.19[0m[38;5;159m FPS.[0m
[38;5;159m[Genesis] [22:39:11] [INFO] Running at [38;5;121m55.24[0m[38;5;159m FPS.[0m
[38;5;159m[Genesis] [22:39:11] [INFO] Running at [38;5;121m52.62[0m[38;5;159m FPS.[0m
[38;5;159m[Genesis] [22:39:11] [INFO] Running at [38;5;121m54.66[0m[38;5;159m FPS.[0m
[38;5;159m[Genesis] [22:39:11] [INFO] Running at [38;5;121m52.41[0m[38;5;159m FPS.[0m
[38;5;159m[Genesis] [22:39:11] [INFO] Running at [38;5;121m54.45[0m[38;5;159m FPS.[0m
[38;5;159m[Genesis] [22:39:11] [INFO] Running at [38;5;121m51.54[0m[38;5;159m FPS.[0m
[38;5;159m[Genesis] [22:39:11] [INFO] Running at [38;5;121m53.56[0m[38;5;159m FPS.[0m
[38;5;159m[Genesis] [22:39:11] [INFO] Running at [38;5;121m50.69[0m[38;5;159m FPS.[0m
[38;5;159m[Genesis] [22:39:11] [INFO] Running at [38;5;121m52.69[0m[38;5;159m FPS.[0m
[38;5;159m[Genesis] [22:39:11] [INFO] Running at [38;5;121m50.18[0m[38;5;159m FPS.[0m
[38;5;159m[Genesis] [22:39:11] [INFO] Running at [38;5;121m52.16[0m[38;5;159m FPS.[0m
[38;5;159m[Genesis] [22:39:11] [INFO] Running at [38;5;121m49.41[0m[38;5;159m FPS.[0m
[38;5;159m[Genesis] [22:39:11] [INFO] Running at [38;5;121m51.37[0m[38;5;159m FPS.[0m
[38;5;159m[Genesis] [22:39:11] [INFO] Running at [38;5;121m49.06[0m[38;5;159m FPS.[0m
[38;5;159m[Genesis] [22:39:11] [INFO] Running at [38;5;121m51.02[0m[38;5;159m FPS.[0m
[38;5;159m[Genesis] [22:39:11] [INFO] Running at [38;5;121m47.82[0m[38;5;159m FPS.[0m
[38;5;159m[Genesis] [22:39:11] [INFO] Running at [38;5;121m49.74[0m[38;5;159m FPS.[0m
[38;5;159m[Genesis] [22:39:11] [INFO] Running at [38;5;121m48.60[0m[38;5;159m FPS.[0m
[38;5;159m[Genesis] [22:39:11] [INFO] Running at [38;5;121m50.55[0m[38;5;159m FPS.[0m
[38;5;159m[Genesis] [22:39:11] [INFO] Running at [38;5;121m48.36[0m[38;5;159m FPS.[0m
[38;5;159m[Genesis] [22:39:11] [INFO] Running at [38;5;121m50.28[0m[38;5;159m FPS.[0m
[38;5;159m[Genesis] [22:39:11] [INFO] Running at [38;5;121m47.66[0m[38;5;159m FPS.[0m
[38;5;159m[Genesis] [22:39:11] [INFO] Running at [38;5;121m49.57[0m[38;5;159m FPS.[0m
[38;5;159m[Genesis] [22:39:11] [INFO] Running at [38;5;121m47.08[0m[38;5;159m FPS.[0m
[38;5;159m[Genesis] [22:39:11] [INFO] Running at [38;5;121m48.98[0m[38;5;159m FPS.[0m
[38;5;159m[Genesis] [22:39:11] [INFO] Running at [38;5;121m47.19[0m[38;5;159m FPS.[0m
[38;5;159m[Genesis] [22:39:11] [INFO] Running at [38;5;121m49.09[0m[38;5;159m FPS.[0m
[38;5;159m[Genesis] [22:39:11] [INFO] Running at [38;5;121m46.45[0m[38;5;159m FPS.[0m
[38;5;159m[Genesis] [22:39:11] [INFO] Running at [38;5;121m48.33[0m[38;5;159m FPS.[0m
[38;5;159m[Genesis] [22:39:11] [INFO] Running at [38;5;121m46.35[0m[38;5;159m FPS.[0m
[38;5;159m[Genesis] [22:39:11] [INFO] Running at [38;5;121m48.23[0m[38;5;159m FPS.[0m
[38;5;159m[Genesis] [22:39:11] [INFO] Running at [38;5;121m45.04[0m[38;5;159m FPS.[0m
[38;5;159m[Genesis] [22:39:11] [INFO] Running at [38;5;121m46.88[0m[38;5;159m FPS.[0m
[38;5;159m[Genesis] [22:39:11] [INFO] Running at [38;5;121m44.76[0m[38;5;159m FPS.[0m
[38;5;159m[Genesis] [22:39:11] [INFO] Running at [38;5;121m46.60[0m[38;5;159m FPS.[0m
[38;5;159m[Genesis] [22:39:11] [INFO] Running at [38;5;121m44.70[0m[38;5;159m FPS.[0m
[38;5;159m[Genesis] [22:39:11] [INFO] Running at [38;5;121m46.53[0m[38;5;159m FPS.[0m
[38;5;159m[Genesis] [22:39:11] [INFO] Running at [38;5;121m43.95[0m[38;5;159m FPS.[0m
[38;5;159m[Genesis] [22:39:11] [INFO] Running at [38;5;121m45.70[0m[38;5;159m FPS.[0m
[38;5;159m[Genesis] [22:39:12] [INFO] Running at [38;5;121m43.75[0m[38;5;159m FPS.[0m
[38;5;159m[Genesis] [22:39:12] [INFO] Running at [38;5;121m45.54[0m[38;5;159m FPS.[0m
[38;5;159m[Genesis] [22:39:12] [INFO] Running at [38;5;121m44.21[0m[38;5;159m FPS.[0m
[38;5;159m[Genesis] [22:39:12] [INFO] Running at [38;5;121m46.02[0m[38;5;159m FPS.[0m
[38;5;159m[Genesis] [22:39:12] [INFO] Running at [38;5;121m43.39[0m[38;5;159m FPS.[0m
[38;5;159m[Genesis] [22:39:12] [INFO] Running at [38;5;121m45.19[0m[38;5;159m FPS.[0m
[38;5;159m[Genesis] [22:39:12] [INFO] Running at [38;5;121m43.70[0m[38;5;159m FPS.[0m
[38;5;159m[Genesis] [22:39:12] [INFO] Running at [38;5;121m45.48[0m[38;5;159m FPS.[0m
[38;5;159m[Genesis] [22:39:12] [INFO] Running at [38;5;121m43.98[0m[38;5;159m FPS.[0m
[38;5;159m[Genesis] [22:39:12] [INFO] Running at [38;5;121m45.79[0m[38;5;159m FPS.[0m
[38;5;159m[Genesis] [22:39:12] [INFO] Running at [38;5;121m44.62[0m[38;5;159m FPS.[0m
[38;5;159m[Genesis] [22:39:12] [INFO] Running at [38;5;121m46.45[0m[38;5;159m FPS.[0m
[38;5;159m[Genesis] [22:39:12] [INFO] Running at [38;5;121m45.19[0m[38;5;159m FPS.[0m
[38;5;159m[Genesis] [22:39:12] [INFO] Running at [38;5;121m47.02[0m[38;5;159m FPS.[0m
[38;5;159m[Genesis] [22:39:12] [INFO] Running at [38;5;121m45.57[0m[38;5;159m FPS.[0m
[38;5;159m[Genesis] [22:39:12] [INFO] Running at [38;5;121m47.44[0m[38;5;159m FPS.[0m
[38;5;159m[Genesis] [22:39:12] [INFO] Running at [38;5;121m45.85[0m[38;5;159m FPS.[0m
[38;5;159m[Genesis] [22:39:12] [INFO] Running at [38;5;121m47.70[0m[38;5;159m FPS.[0m
[38;5;159m[Genesis] [22:39:12] [INFO] Running at [38;5;121m46.02[0m[38;5;159m FPS.[0m
[38;5;159m[Genesis] [22:39:12] [INFO] Running at [38;5;121m47.89[0m[38;5;159m FPS.[0m
[38;5;159m[Genesis] [22:39:12] [INFO] Running at [38;5;121m46.01[0m[38;5;159m FPS.[0m
[38;5;159m[Genesis] [22:39:12] [INFO] Running at [38;5;121m47.88[0m[38;5;159m FPS.[0m
[38;5;159m[Genesis] [22:39:12] [INFO] Running at [38;5;121m46.17[0m[38;5;159m FPS.[0m
[38;5;159m[Genesis] [22:39:12] [INFO] Running at [38;5;121m48.04[0m[38;5;159m FPS.[0m
[38;5;159m[Genesis] [22:39:12] [INFO] Running at [38;5;121m46.16[0m[38;5;159m FPS.[0m
[38;5;159m[Genesis] [22:39:12] [INFO] Running at [38;5;121m48.03[0m[38;5;159m FPS.[0m
[38;5;159m[Genesis] [22:39:12] [INFO] Running at [38;5;121m45.71[0m[38;5;159m FPS.[0m
[38;5;159m[Genesis] [22:39:12] [INFO] Running at [38;5;121m47.57[0m[38;5;159m FPS.[0m
[38;5;159m[Genesis] [22:39:12] [INFO] Running at [38;5;121m46.47[0m[38;5;159m FPS.[0m
[38;5;159m[Genesis] [22:39:12] [INFO] Running at [38;5;121m48.34[0m[38;5;159m FPS.[0m
[38;5;159m[Genesis] [22:39:12] [INFO] Scene [38;5;121m[3m<906402f>[0m[38;5;159m created.[0m
[38;5;159m[Genesis] [22:39:12] [INFO] Adding [38;5;121m<gs.RigidEntity>[0m[38;5;159m. idx: [38;5;121m0[0m[38;5;159m, uid: [38;5;121m[3m<fdd9c32>[0m[38;5;159m, morph: [38;5;121m<gs.morphs.Plane>[0m[38;5;159m, material: [38;5;121m<gs.materials.Rigid>[0m[38;5;159m.[0m
[38;5;159m[Genesis] [22:39:12] [INFO] Adding [38;5;121m<gs.RigidEntity>[0m[38;5;159m. idx: [38;5;121m1[0m[38;5;159m, uid: [38;5;121m[3m<b158ea4>[0m[38;5;159m, morph: [38;5;121m<gs.morphs.URDF(file='/home/jkoba/SynologyDrive/genesis_humanoid_rl/assets/robots/g1/g1_29dof.urdf')>[0m[38;5;159m, material: [38;5;121m<gs.materials.Rigid>[0m[38;5;159m.[0m
[38;5;159m[Genesis] [22:39:14] [INFO] Building scene [38;5;121m[3m<906402f>[0m[38;5;159m...[0m
[38;5;159m[Genesis] [22:39:23] [INFO] Compiling simulation kernels...[0m
[38;5;159m[Genesis] [22:39:57] [INFO] Building visualizer...[0m
[38;5;159m[Genesis] [22:39:57] [INFO] Running at [38;5;121m138.36[0m[38;5;159m FPS.[0m
[38;5;159m[Genesis] [22:39:57] [INFO] Running at [38;5;121m140.59[0m[38;5;159m FPS.[0m
[38;5;159m[Genesis] [22:39:57] [INFO] Running at [38;5;121m142.79[0m[38;5;159m FPS.[0m
[38;5;159m[Genesis] [22:39:57] [INFO] Running at [38;5;121m145.13[0m[38;5;159m FPS.[0m
[38;5;159m[Genesis] [22:39:57] [INFO] Running at [38;5;121m147.38[0m[38;5;159m FPS.[0m
[38;5;159m[Genesis] [22:39:57] [INFO] Running at [38;5;121m149.70[0m[38;5;159m FPS.[0m
[38;5;159m[Genesis] [22:39:57] [INFO] Running at [38;5;121m146.21[0m[38;5;159m FPS.[0m
[38;5;159m[Genesis] [22:39:57] [INFO] Running at [38;5;121m142.40[0m[38;5;159m FPS.[0m
[38;5;159m[Genesis] [22:39:57] [INFO] Running at [38;5;121m138.90[0m[38;5;159m FPS.[0m
[38;5;159m[Genesis] [22:39:57] [INFO] Running at [38;5;121m135.74[0m[38;5;159m FPS.[0m
[38;5;159m[Genesis] [22:39:57] [INFO] Running at [38;5;121m55.48[0m[38;5;159m FPS.[0m
[38;5;159m[Genesis] [22:39:57] [INFO] Running at [38;5;121m57.59[0m[38;5;159m FPS.[0m
[38;5;159m[Genesis] [22:39:57] [INFO] Running at [38;5;121m55.53[0m[38;5;159m FPS.[0m
[38;5;159m[Genesis] [22:39:57] [INFO] Running at [38;5;121m57.65[0m[38;5;159m FPS.[0m
[38;5;159m[Genesis] [22:39:57] [INFO] Running at [38;5;121m55.65[0m[38;5;159m FPS.[0m
[38;5;159m[Genesis] [22:39:57] [INFO] Running at [38;5;121m57.78[0m[38;5;159m FPS.[0m
[38;5;159m[Genesis] [22:39:57] [INFO] Running at [38;5;121m55.54[0m[38;5;159m FPS.[0m
[38;5;159m[Genesis] [22:39:57] [INFO] Running at [38;5;121m57.65[0m[38;5;159m FPS.[0m
[38;5;159m[Genesis] [22:39:57] [INFO] Running at [38;5;121m55.03[0m[38;5;159m FPS.[0m
[38;5;159m[Genesis] [22:39:57] [INFO] Running at [38;5;121m57.14[0m[38;5;159m FPS.[0m
[38;5;159m[Genesis] [22:39:58] [INFO] Running at [38;5;121m54.66[0m[38;5;159m FPS.[0m
[38;5;159m[Genesis] [22:39:58] [INFO] Running at [38;5;121m56.77[0m[38;5;159m FPS.[0m
[38;5;159m[Genesis] [22:39:58] [INFO] Running at [38;5;121m55.12[0m[38;5;159m FPS.[0m
[38;5;159m[Genesis] [22:39:58] [INFO] Running at [38;5;121m57.21[0m[38;5;159m FPS.[0m
[38;5;159m[Genesis] [22:39:58] [INFO] Running at [38;5;121m54.91[0m[38;5;159m FPS.[0m
[38;5;159m[Genesis] [22:39:58] [INFO] Running at [38;5;121m57.03[0m[38;5;159m FPS.[0m
[38;5;159m[Genesis] [22:39:58] [INFO] Running at [38;5;121m53.93[0m[38;5;159m FPS.[0m
[38;5;159m[Genesis] [22:39:58] [INFO] Running at [38;5;121m55.93[0m[38;5;159m FPS.[0m
[38;5;159m[Genesis] [22:39:58] [INFO] Running at [38;5;121m53.46[0m[38;5;159m FPS.[0m
[38;5;159m[Genesis] [22:39:58] [INFO] Running at [38;5;121m55.52[0m[38;5;159m FPS.[0m
[38;5;159m[Genesis] [22:39:58] [INFO] Running at [38;5;121m52.20[0m[38;5;159m FPS.[0m
[38;5;159m[Genesis] [22:39:58] [INFO] Running at [38;5;121m54.25[0m[38;5;159m FPS.[0m
[38;5;159m[Genesis] [22:39:58] [INFO] Running at [38;5;121m51.95[0m[38;5;159m FPS.[0m
[38;5;159m[Genesis] [22:39:58] [INFO] Running at [38;5;121m53.98[0m[38;5;159m FPS.[0m
[38;5;159m[Genesis] [22:39:58] [INFO] Running at [38;5;121m52.58[0m[38;5;159m FPS.[0m
[38;5;159m[Genesis] [22:39:58] [INFO] Running at [38;5;121m54.63[0m[38;5;159m FPS.[0m
[38;5;159m[Genesis] [22:39:58] [INFO] Running at [38;5;121m51.24[0m[38;5;159m FPS.[0m
[38;5;159m[Genesis] [22:39:58] [INFO] Running at [38;5;121m53.25[0m[38;5;159m FPS.[0m
[38;5;159m[Genesis] [22:39:58] [INFO] Running at [38;5;121m50.23[0m[38;5;159m FPS.[0m
[38;5;159m[Genesis] [22:39:58] [INFO] Running at [38;5;121m52.22[0m[38;5;159m FPS.[0m
[38;5;159m[Genesis] [22:39:58] [INFO] Running at [38;5;121m49.97[0m[38;5;159m FPS.[0m
[38;5;159m[Genesis] [22:39:58] [INFO] Running at [38;5;121m51.96[0m[38;5;159m FPS.[0m
Initialized RobotGroundingCalculator
  Robot links: 30
  Robot DOFs: 35
Detecting foot links...
  Found 2 foot links
    - left_ankle_roll_link
    - right_ankle_roll_link
Calculating grounding height...
  Current base height: 1.000m
  Lowest foot point: 0.243m
  Calculated grounding height: 0.787m
  (This will place feet 30.0mm above ground)
Loaded G1 robot with 35 DOFs
Robot has 30 links
Initialized RobotGroundingCalculator
  Robot links: 30
  Robot DOFs: 35
Detecting foot links...
  Found 2 foot links
    - left_ankle_roll_link
    - right_ankle_roll_link
Calculating grounding height...
  Current base height: 1.000m
  Lowest foot point: 0.243m
  Calculated grounding height: 0.787m
  (This will place feet 30.0mm above ground)
Loaded G1 robot with 35 DOFs
Robot has 30 links
Initialized RobotGroundingCalculator
  Robot links: 30
  Robot DOFs: 35
Detecting foot links...
  Found 2 foot links
    - left_ankle_roll_link
    - right_ankle_roll_link
Calculating grounding height...
  Current base height: 1.000m
  Lowest foot point: 0.243m
  Calculated grounding height: 0.787m
  (This will place feet 30.0mm above ground)
Loaded G1 robot with 35 DOFs
Robot has 30 links
Initialized RobotGroundingCalculator
  Robot links: 30
  Robot DOFs: 35
Detecting foot links...
  Found 2 foot links
    - left_ankle_roll_link
    - right_ankle_roll_link
Calculating grounding height...
  Current base height: 1.000m
  Lowest foot point: 0.243m
  Calculated grounding height: 0.787m
  (This will place feet 30.0mm above ground)
Loaded G1 robot with 35 DOFs
Robot has 30 links
Initialized RobotGroundingCalculator
  Robot links: 30
  Robot DOFs: 35
Detecting foot links...
  Found 2 foot links
    - left_ankle_roll_link
    - right_ankle_roll_link
Calculating grounding height...
  Current base height: 1.000m
  Lowest foot point: 0.243m
  Calculated grounding height: 0.787m
  (This will place feet 30.0mm above ground)
Loaded G1 robot with 35 DOFs
Robot has 30 links
Initialized RobotGroundingCalculator
  Robot links: 30
  Robot DOFs: 35
Detecting foot links...
  Found 2 foot links
    - left_ankle_roll_link
    - right_ankle_roll_link
Calculating grounding height...
  Current base height: 1.000m
  Lowest foot point: 0.243m
  Calculated grounding height: 0.787m
  (This will place feet 30.0mm above ground)
Loaded G1 robot with 35 DOFs
Robot has 30 links
-----------------------------------------
| rollout/                |             |
|    ep_len_mean          | 49.6        |
|    ep_rew_mean          | 27.9        |
| time/                   |             |
|    fps                  | 1           |
|    iterations           | 2           |
|    time_elapsed         | 485         |
|    total_timesteps      | 512         |
| train/                  |             |
|    approx_kl            | 0.059024207 |
|    clip_fraction        | 0.367       |
|    clip_range           | 0.2         |
|    entropy_loss         | -49.7       |
|    explained_variance   | 0.0367      |
|    learning_rate        | 0.0003      |
|    loss                 | 16.4        |
|    n_updates            | 4           |
|    policy_gradient_loss | -0.0913     |
|    std                  | 1           |
|    value_loss           | 50.7        |
-----------------------------------------
[38;5;159m[Genesis] [22:39:58] [INFO] Running at [38;5;121m42.05[0m[38;5;159m FPS.[0m
[38;5;159m[Genesis] [22:39:58] [INFO] Running at [38;5;121m43.80[0m[38;5;159m FPS.[0m
[38;5;159m[Genesis] [22:39:58] [INFO] Running at [38;5;121m42.86[0m[38;5;159m FPS.[0m
[38;5;159m[Genesis] [22:39:58] [INFO] Running at [38;5;121m44.64[0m[38;5;159m FPS.[0m
[38;5;159m[Genesis] [22:39:58] [INFO] Running at [38;5;121m43.24[0m[38;5;159m FPS.[0m
[38;5;159m[Genesis] [22:39:58] [INFO] Running at [38;5;121m45.02[0m[38;5;159m FPS.[0m
[38;5;159m[Genesis] [22:39:58] [INFO] Running at [38;5;121m43.26[0m[38;5;159m FPS.[0m
[38;5;159m[Genesis] [22:39:58] [INFO] Running at [38;5;121m45.03[0m[38;5;159m FPS.[0m
[38;5;159m[Genesis] [22:39:58] [INFO] Running at [38;5;121m43.00[0m[38;5;159m FPS.[0m
[38;5;159m[Genesis] [22:39:58] [INFO] Running at [38;5;121m44.78[0m[38;5;159m FPS.[0m
[38;5;159m[Genesis] [22:39:58] [INFO] Running at [38;5;121m42.65[0m[38;5;159m FPS.[0m
[38;5;159m[Genesis] [22:39:58] [INFO] Running at [38;5;121m44.41[0m[38;5;159m FPS.[0m
[38;5;159m[Genesis] [22:39:58] [INFO] Running at [38;5;121m43.59[0m[38;5;159m FPS.[0m
[38;5;159m[Genesis] [22:39:58] [INFO] Running at [38;5;121m45.39[0m[38;5;159m FPS.[0m
[38;5;159m[Genesis] [22:39:58] [INFO] Running at [38;5;121m43.86[0m[38;5;159m FPS.[0m
[38;5;159m[Genesis] [22:39:58] [INFO] Running at [38;5;121m45.66[0m[38;5;159m FPS.[0m
[38;5;159m[Genesis] [22:39:58] [INFO] Running at [38;5;121m44.06[0m[38;5;159m FPS.[0m
[38;5;159m[Genesis] [22:39:58] [INFO] Running at [38;5;121m45.85[0m[38;5;159m FPS.[0m
[38;5;159m[Genesis] [22:39:58] [INFO] Running at [38;5;121m44.36[0m[38;5;159m FPS.[0m
[38;5;159m[Genesis] [22:39:58] [INFO] Running at [38;5;121m46.17[0m[38;5;159m FPS.[0m
[38;5;159m[Genesis] [22:39:58] [INFO] Running at [38;5;121m44.99[0m[38;5;159m FPS.[0m
[38;5;159m[Genesis] [22:39:58] [INFO] Running at [38;5;121m46.81[0m[38;5;159m FPS.[0m
[38;5;159m[Genesis] [22:39:59] [INFO] Running at [38;5;121m45.04[0m[38;5;159m FPS.[0m
[38;5;159m[Genesis] [22:39:59] [INFO] Running at [38;5;121m46.88[0m[38;5;159m FPS.[0m
[38;5;159m[Genesis] [22:39:59] [INFO] Running at [38;5;121m44.26[0m[38;5;159m FPS.[0m
[38;5;159m[Genesis] [22:39:59] [INFO] Running at [38;5;121m46.08[0m[38;5;159m FPS.[0m
[38;5;159m[Genesis] [22:39:59] [INFO] Running at [38;5;121m44.83[0m[38;5;159m FPS.[0m
[38;5;159m[Genesis] [22:39:59] [INFO] Running at [38;5;121m46.67[0m[38;5;159m FPS.[0m
[38;5;159m[Genesis] [22:39:59] [INFO] Running at [38;5;121m45.29[0m[38;5;159m FPS.[0m
[38;5;159m[Genesis] [22:39:59] [INFO] Running at [38;5;121m47.14[0m[38;5;159m FPS.[0m
[38;5;159m[Genesis] [22:39:59] [INFO] Running at [38;5;121m44.86[0m[38;5;159m FPS.[0m
[38;5;159m[Genesis] [22:39:59] [INFO] Running at [38;5;121m46.70[0m[38;5;159m FPS.[0m
[38;5;159m[Genesis] [22:39:59] [INFO] Running at [38;5;121m44.62[0m[38;5;159m FPS.[0m
[38;5;159m[Genesis] [22:39:59] [INFO] Running at [38;5;121m46.43[0m[38;5;159m FPS.[0m
[38;5;159m[Genesis] [22:39:59] [INFO] Running at [38;5;121m44.62[0m[38;5;159m FPS.[0m
[38;5;159m[Genesis] [22:39:59] [INFO] Running at [38;5;121m46.45[0m[38;5;159m FPS.[0m
[38;5;159m[Genesis] [22:39:59] [INFO] Running at [38;5;121m44.19[0m[38;5;159m FPS.[0m
[38;5;159m[Genesis] [22:39:59] [INFO] Running at [38;5;121m46.00[0m[38;5;159m FPS.[0m
[38;5;159m[Genesis] [22:39:59] [INFO] Running at [38;5;121m43.67[0m[38;5;159m FPS.[0m
[38;5;159m[Genesis] [22:39:59] [INFO] Running at [38;5;121m45.43[0m[38;5;159m FPS.[0m
[38;5;159m[Genesis] [22:39:59] [INFO] Running at [38;5;121m44.42[0m[38;5;159m FPS.[0m
[38;5;159m[Genesis] [22:39:59] [INFO] Running at [38;5;121m46.23[0m[38;5;159m FPS.[0m
[38;5;159m[Genesis] [22:39:59] [INFO] Running at [38;5;121m44.61[0m[38;5;159m FPS.[0m
[38;5;159m[Genesis] [22:39:59] [INFO] Running at [38;5;121m46.44[0m[38;5;159m FPS.[0m
[38;5;159m[Genesis] [22:39:59] [INFO] Running at [38;5;121m45.24[0m[38;5;159m FPS.[0m
[38;5;159m[Genesis] [22:39:59] [INFO] Running at [38;5;121m47.09[0m[38;5;159m FPS.[0m
[38;5;159m[Genesis] [22:39:59] [INFO] Running at [38;5;121m45.94[0m[38;5;159m FPS.[0m
[38;5;159m[Genesis] [22:39:59] [INFO] Running at [38;5;121m47.80[0m[38;5;159m FPS.[0m
[38;5;159m[Genesis] [22:39:59] [INFO] Running at [38;5;121m46.80[0m[38;5;159m FPS.[0m
[38;5;159m[Genesis] [22:39:59] [INFO] Running at [38;5;121m48.68[0m[38;5;159m FPS.[0m
[38;5;159m[Genesis] [22:39:59] [INFO] Running at [38;5;121m47.75[0m[38;5;159m FPS.[0m
[38;5;159m[Genesis] [22:39:59] [INFO] Running at [38;5;121m49.65[0m[38;5;159m FPS.[0m
[38;5;159m[Genesis] [22:39:59] [INFO] Running at [38;5;121m48.56[0m[38;5;159m FPS.[0m
[38;5;159m[Genesis] [22:39:59] [INFO] Running at [38;5;121m50.49[0m[38;5;159m FPS.[0m
[38;5;159m[Genesis] [22:39:59] [INFO] Running at [38;5;121m49.77[0m[38;5;159m FPS.[0m
[38;5;159m[Genesis] [22:39:59] [INFO] Running at [38;5;121m51.74[0m[38;5;159m FPS.[0m
[38;5;159m[Genesis] [22:39:59] [INFO] Running at [38;5;121m50.76[0m[38;5;159m FPS.[0m
[38;5;159m[Genesis] [22:39:59] [INFO] Running at [38;5;121m52.74[0m[38;5;159m FPS.[0m
[38;5;159m[Genesis] [22:39:59] [INFO] Scene [38;5;121m[3m<ce56097>[0m[38;5;159m created.[0m
[38;5;159m[Genesis] [22:39:59] [INFO] Adding [38;5;121m<gs.RigidEntity>[0m[38;5;159m. idx: [38;5;121m0[0m[38;5;159m, uid: [38;5;121m[3m<6954280>[0m[38;5;159m, morph: [38;5;121m<gs.morphs.Plane>[0m[38;5;159m, material: [38;5;121m<gs.materials.Rigid>[0m[38;5;159m.[0m
[38;5;159m[Genesis] [22:39:59] [INFO] Adding [38;5;121m<gs.RigidEntity>[0m[38;5;159m. idx: [38;5;121m1[0m[38;5;159m, uid: [38;5;121m[3m<80b2eec>[0m[38;5;159m, morph: [38;5;121m<gs.morphs.URDF(file='/home/jkoba/SynologyDrive/genesis_humanoid_rl/assets/robots/g1/g1_29dof.urdf')>[0m[38;5;159m, material: [38;5;121m<gs.materials.Rigid>[0m[38;5;159m.[0m
[38;5;159m[Genesis] [22:40:01] [INFO] Building scene [38;5;121m[3m<ce56097>[0m[38;5;159m...[0m
[38;5;159m[Genesis] [22:40:10] [INFO] Compiling simulation kernels...[0m
[38;5;159m[Genesis] [22:40:44] [INFO] Building visualizer...[0m
[38;5;159m[Genesis] [22:40:44] [INFO] Running at [38;5;121m143.07[0m[38;5;159m FPS.[0m
[38;5;159m[Genesis] [22:40:44] [INFO] Running at [38;5;121m145.40[0m[38;5;159m FPS.[0m
[38;5;159m[Genesis] [22:40:44] [INFO] Running at [38;5;121m147.59[0m[38;5;159m FPS.[0m
[38;5;159m[Genesis] [22:40:44] [INFO] Running at [38;5;121m149.84[0m[38;5;159m FPS.[0m
[38;5;159m[Genesis] [22:40:44] [INFO] Running at [38;5;121m151.98[0m[38;5;159m FPS.[0m
[38;5;159m[Genesis] [22:40:44] [INFO] Running at [38;5;121m154.12[0m[38;5;159m FPS.[0m
[38;5;159m[Genesis] [22:40:44] [INFO] Running at [38;5;121m149.98[0m[38;5;159m FPS.[0m
[38;5;159m[Genesis] [22:40:44] [INFO] Running at [38;5;121m145.72[0m[38;5;159m FPS.[0m
[38;5;159m[Genesis] [22:40:45] [INFO] Running at [38;5;121m141.91[0m[38;5;159m FPS.[0m
[38;5;159m[Genesis] [22:40:45] [INFO] Running at [38;5;121m138.46[0m[38;5;159m FPS.[0m
[38;5;159m[Genesis] [22:40:45] [INFO] Running at [38;5;121m56.54[0m[38;5;159m FPS.[0m
[38;5;159m[Genesis] [22:40:45] [INFO] Running at [38;5;121m58.68[0m[38;5;159m FPS.[0m
[38;5;159m[Genesis] [22:40:45] [INFO] Running at [38;5;121m55.83[0m[38;5;159m FPS.[0m
[38;5;159m[Genesis] [22:40:45] [INFO] Running at [38;5;121m57.94[0m[38;5;159m FPS.[0m
[38;5;159m[Genesis] [22:40:45] [INFO] Running at [38;5;121m55.90[0m[38;5;159m FPS.[0m
[38;5;159m[Genesis] [22:40:45] [INFO] Running at [38;5;121m58.03[0m[38;5;159m FPS.[0m
[38;5;159m[Genesis] [22:40:45] [INFO] Running at [38;5;121m56.01[0m[38;5;159m FPS.[0m
[38;5;159m[Genesis] [22:40:45] [INFO] Running at [38;5;121m58.11[0m[38;5;159m FPS.[0m
[38;5;159m[Genesis] [22:40:45] [INFO] Running at [38;5;121m56.00[0m[38;5;159m FPS.[0m
[38;5;159m[Genesis] [22:40:45] [INFO] Running at [38;5;121m58.14[0m[38;5;159m FPS.[0m
[38;5;159m[Genesis] [22:40:45] [INFO] Running at [38;5;121m55.55[0m[38;5;159m FPS.[0m
[38;5;159m[Genesis] [22:40:45] [INFO] Running at [38;5;121m57.68[0m[38;5;159m FPS.[0m
[38;5;159m[Genesis] [22:40:45] [INFO] Running at [38;5;121m55.38[0m[38;5;159m FPS.[0m
[38;5;159m[Genesis] [22:40:45] [INFO] Running at [38;5;121m57.50[0m[38;5;159m FPS.[0m
[38;5;159m[Genesis] [22:40:45] [INFO] Running at [38;5;121m54.27[0m[38;5;159m FPS.[0m
[38;5;159m[Genesis] [22:40:45] [INFO] Running at [38;5;121m56.36[0m[38;5;159m FPS.[0m
[38;5;159m[Genesis] [22:40:45] [INFO] Running at [38;5;121m53.95[0m[38;5;159m FPS.[0m
[38;5;159m[Genesis] [22:40:45] [INFO] Running at [38;5;121m56.02[0m[38;5;159m FPS.[0m
[38;5;159m[Genesis] [22:40:45] [INFO] Running at [38;5;121m54.21[0m[38;5;159m FPS.[0m
[38;5;159m[Genesis] [22:40:45] [INFO] Running at [38;5;121m56.31[0m[38;5;159m FPS.[0m
[38;5;159m[Genesis] [22:40:45] [INFO] Running at [38;5;121m54.00[0m[38;5;159m FPS.[0m
[38;5;159m[Genesis] [22:40:45] [INFO] Running at [38;5;121m56.08[0m[38;5;159m FPS.[0m
[38;5;159m[Genesis] [22:40:45] [INFO] Running at [38;5;121m54.71[0m[38;5;159m FPS.[0m
[38;5;159m[Genesis] [22:40:45] [INFO] Running at [38;5;121m56.81[0m[38;5;159m FPS.[0m
[38;5;159m[Genesis] [22:40:45] [INFO] Running at [38;5;121m54.36[0m[38;5;159m FPS.[0m
[38;5;159m[Genesis] [22:40:45] [INFO] Running at [38;5;121m56.46[0m[38;5;159m FPS.[0m
[38;5;159m[Genesis] [22:40:45] [INFO] Running at [38;5;121m54.10[0m[38;5;159m FPS.[0m
[38;5;159m[Genesis] [22:40:45] [INFO] Running at [38;5;121m56.17[0m[38;5;159m FPS.[0m
[38;5;159m[Genesis] [22:40:45] [INFO] Running at [38;5;121m53.59[0m[38;5;159m FPS.[0m
[38;5;159m[Genesis] [22:40:45] [INFO] Running at [38;5;121m55.66[0m[38;5;159m FPS.[0m
[38;5;159m[Genesis] [22:40:45] [INFO] Running at [38;5;121m53.73[0m[38;5;159m FPS.[0m
[38;5;159m[Genesis] [22:40:45] [INFO] Running at [38;5;121m55.81[0m[38;5;159m FPS.[0m
[38;5;159m[Genesis] [22:40:45] [INFO] Running at [38;5;121m53.63[0m[38;5;159m FPS.[0m
[38;5;159m[Genesis] [22:40:45] [INFO] Running at [38;5;121m55.68[0m[38;5;159m FPS.[0m
[38;5;159m[Genesis] [22:40:45] [INFO] Running at [38;5;121m52.27[0m[38;5;159m FPS.[0m
[38;5;159m[Genesis] [22:40:45] [INFO] Running at [38;5;121m54.30[0m[38;5;159m FPS.[0m
[38;5;159m[Genesis] [22:40:45] [INFO] Running at [38;5;121m51.51[0m[38;5;159m FPS.[0m
[38;5;159m[Genesis] [22:40:45] [INFO] Running at [38;5;121m53.52[0m[38;5;159m FPS.[0m
[38;5;159m[Genesis] [22:40:45] [INFO] Running at [38;5;121m50.96[0m[38;5;159m FPS.[0m
[38;5;159m[Genesis] [22:40:45] [INFO] Running at [38;5;121m52.96[0m[38;5;159m FPS.[0m
[38;5;159m[Genesis] [22:40:46] [INFO] Running at [38;5;121m49.29[0m[38;5;159m FPS.[0m
[38;5;159m[Genesis] [22:40:46] [INFO] Running at [38;5;121m51.24[0m[38;5;159m FPS.[0m
[38;5;159m[Genesis] [22:40:46] [INFO] Running at [38;5;121m49.34[0m[38;5;159m FPS.[0m
[38;5;159m[Genesis] [22:40:46] [INFO] Running at [38;5;121m51.30[0m[38;5;159m FPS.[0m
[38;5;159m[Genesis] [22:40:46] [INFO] Running at [38;5;121m49.22[0m[38;5;159m FPS.[0m
[38;5;159m[Genesis] [22:40:46] [INFO] Running at [38;5;121m51.18[0m[38;5;159m FPS.[0m
[38;5;159m[Genesis] [22:40:46] [INFO] Running at [38;5;121m49.34[0m[38;5;159m FPS.[0m
[38;5;159m[Genesis] [22:40:46] [INFO] Running at [38;5;121m51.31[0m[38;5;159m FPS.[0m
[38;5;159m[Genesis] [22:40:46] [INFO] Running at [38;5;121m48.88[0m[38;5;159m FPS.[0m
[38;5;159m[Genesis] [22:40:46] [INFO] Running at [38;5;121m50.83[0m[38;5;159m FPS.[0m
[38;5;159m[Genesis] [22:40:46] [INFO] Running at [38;5;121m48.71[0m[38;5;159m FPS.[0m
[38;5;159m[Genesis] [22:40:46] [INFO] Running at [38;5;121m50.66[0m[38;5;159m FPS.[0m
[38;5;159m[Genesis] [22:40:46] [INFO] Running at [38;5;121m48.19[0m[38;5;159m FPS.[0m
[38;5;159m[Genesis] [22:40:46] [INFO] Running at [38;5;121m50.12[0m[38;5;159m FPS.[0m
[38;5;159m[Genesis] [22:40:46] [INFO] Running at [38;5;121m47.92[0m[38;5;159m FPS.[0m
[38;5;159m[Genesis] [22:40:46] [INFO] Running at [38;5;121m49.84[0m[38;5;159m FPS.[0m
[38;5;159m[Genesis] [22:40:46] [INFO] Running at [38;5;121m47.53[0m[38;5;159m FPS.[0m
[38;5;159m[Genesis] [22:40:46] [INFO] Running at [38;5;121m49.45[0m[38;5;159m FPS.[0m
[38;5;159m[Genesis] [22:40:46] [INFO] Running at [38;5;121m47.90[0m[38;5;159m FPS.[0m
[38;5;159m[Genesis] [22:40:46] [INFO] Running at [38;5;121m49.82[0m[38;5;159m FPS.[0m
[38;5;159m[Genesis] [22:40:46] [INFO] Running at [38;5;121m47.25[0m[38;5;159m FPS.[0m
[38;5;159m[Genesis] [22:40:46] [INFO] Running at [38;5;121m49.15[0m[38;5;159m FPS.[0m
[38;5;159m[Genesis] [22:40:46] [INFO] Running at [38;5;121m47.18[0m[38;5;159m FPS.[0m
[38;5;159m[Genesis] [22:40:46] [INFO] Running at [38;5;121m49.06[0m[38;5;159m FPS.[0m
[38;5;159m[Genesis] [22:40:46] [INFO] Running at [38;5;121m47.37[0m[38;5;159m FPS.[0m
[38;5;159m[Genesis] [22:40:46] [INFO] Running at [38;5;121m49.28[0m[38;5;159m FPS.[0m
[38;5;159m[Genesis] [22:40:46] [INFO] Running at [38;5;121m47.35[0m[38;5;159m FPS.[0m
[38;5;159m[Genesis] [22:40:46] [INFO] Running at [38;5;121m49.24[0m[38;5;159m FPS.[0m
[38;5;159m[Genesis] [22:40:46] [INFO] Running at [38;5;121m47.99[0m[38;5;159m FPS.[0m
[38;5;159m[Genesis] [22:40:46] [INFO] Running at [38;5;121m49.90[0m[38;5;159m FPS.[0m
[38;5;159m[Genesis] [22:40:46] [INFO] Running at [38;5;121m47.48[0m[38;5;159m FPS.[0m
[38;5;159m[Genesis] [22:40:46] [INFO] Running at [38;5;121m49.39[0m[38;5;159m FPS.[0m
[38;5;159m[Genesis] [22:40:46] [INFO] Running at [38;5;121m47.69[0m[38;5;159m FPS.[0m
[38;5;159m[Genesis] [22:40:46] [INFO] Running at [38;5;121m49.59[0m[38;5;159m FPS.[0m
[38;5;159m[Genesis] [22:40:46] [INFO] Running at [38;5;121m47.84[0m[38;5;159m FPS.[0m
[38;5;159m[Genesis] [22:40:46] [INFO] Running at [38;5;121m49.76[0m[38;5;159m FPS.[0m
[38;5;159m[Genesis] [22:40:46] [INFO] Running at [38;5;121m47.59[0m[38;5;159m FPS.[0m
[38;5;159m[Genesis] [22:40:46] [INFO] Running at [38;5;121m49.50[0m[38;5;159m FPS.[0m
[38;5;159m[Genesis] [22:40:46] [INFO] Running at [38;5;121m48.82[0m[38;5;159m FPS.[0m
[38;5;159m[Genesis] [22:40:46] [INFO] Running at [38;5;121m50.76[0m[38;5;159m FPS.[0m
[38;5;159m[Genesis] [22:40:46] [INFO] Running at [38;5;121m49.22[0m[38;5;159m FPS.[0m
[38;5;159m[Genesis] [22:40:46] [INFO] Running at [38;5;121m51.18[0m[38;5;159m FPS.[0m
[38;5;159m[Genesis] [22:40:46] [INFO] Running at [38;5;121m49.89[0m[38;5;159m FPS.[0m
[38;5;159m[Genesis] [22:40:46] [INFO] Running at [38;5;121m51.86[0m[38;5;159m FPS.[0m
[38;5;159m[Genesis] [22:40:46] [INFO] Running at [38;5;121m50.83[0m[38;5;159m FPS.[0m
[38;5;159m[Genesis] [22:40:46] [INFO] Running at [38;5;121m52.83[0m[38;5;159m FPS.[0m
[38;5;159m[Genesis] [22:40:46] [INFO] Running at [38;5;121m51.28[0m[38;5;159m FPS.[0m
[38;5;159m[Genesis] [22:40:46] [INFO] Running at [38;5;121m53.28[0m[38;5;159m FPS.[0m
[38;5;159m[Genesis] [22:40:46] [INFO] Running at [38;5;121m51.26[0m[38;5;159m FPS.[0m
[38;5;159m[Genesis] [22:40:46] [INFO] Running at [38;5;121m53.26[0m[38;5;159m FPS.[0m
[38;5;159m[Genesis] [22:40:47] [INFO] Running at [38;5;121m51.78[0m[38;5;159m FPS.[0m
[38;5;159m[Genesis] [22:40:47] [INFO] Running at [38;5;121m53.80[0m[38;5;159m FPS.[0m
[38;5;159m[Genesis] [22:40:47] [INFO] Running at [38;5;121m52.66[0m[38;5;159m FPS.[0m
[38;5;159m[Genesis] [22:40:47] [INFO] Running at [38;5;121m54.70[0m[38;5;159m FPS.[0m
[38;5;159m[Genesis] [22:40:47] [INFO] Running at [38;5;121m52.93[0m[38;5;159m FPS.[0m
[38;5;159m[Genesis] [22:40:47] [INFO] Running at [38;5;121m54.98[0m[38;5;159m FPS.[0m
[38;5;159m[Genesis] [22:40:47] [INFO] Scene [38;5;121m[3m<f65403c>[0m[38;5;159m created.[0m
[38;5;159m[Genesis] [22:40:47] [INFO] Adding [38;5;121m<gs.RigidEntity>[0m[38;5;159m. idx: [38;5;121m0[0m[38;5;159m, uid: [38;5;121m[3m<acd73fc>[0m[38;5;159m, morph: [38;5;121m<gs.morphs.Plane>[0m[38;5;159m, material: [38;5;121m<gs.materials.Rigid>[0m[38;5;159m.[0m
[38;5;159m[Genesis] [22:40:47] [INFO] Adding [38;5;121m<gs.RigidEntity>[0m[38;5;159m. idx: [38;5;121m1[0m[38;5;159m, uid: [38;5;121m[3m<f412a01>[0m[38;5;159m, morph: [38;5;121m<gs.morphs.URDF(file='/home/jkoba/SynologyDrive/genesis_humanoid_rl/assets/robots/g1/g1_29dof.urdf')>[0m[38;5;159m, material: [38;5;121m<gs.materials.Rigid>[0m[38;5;159m.[0m
[38;5;159m[Genesis] [22:40:48] [INFO] Building scene [38;5;121m[3m<f65403c>[0m[38;5;159m...[0m
[38;5;159m[Genesis] [22:40:57] [INFO] Compiling simulation kernels...[0m
[38;5;159m[Genesis] [22:41:31] [INFO] Building visualizer...[0m
[38;5;159m[Genesis] [22:41:32] [INFO] Running at [38;5;121m141.13[0m[38;5;159m FPS.[0m
[38;5;159m[Genesis] [22:41:32] [INFO] Running at [38;5;121m143.03[0m[38;5;159m FPS.[0m
[38;5;159m[Genesis] [22:41:32] [INFO] Running at [38;5;121m145.39[0m[38;5;159m FPS.[0m
[38;5;159m[Genesis] [22:41:32] [INFO] Running at [38;5;121m147.55[0m[38;5;159m FPS.[0m
[38;5;159m[Genesis] [22:41:32] [INFO] Running at [38;5;121m149.68[0m[38;5;159m FPS.[0m
[38;5;159m[Genesis] [22:41:32] [INFO] Running at [38;5;121m151.78[0m[38;5;159m FPS.[0m
[38;5;159m[Genesis] [22:41:32] [INFO] Running at [38;5;121m148.40[0m[38;5;159m FPS.[0m
[38;5;159m[Genesis] [22:41:32] [INFO] Running at [38;5;121m144.32[0m[38;5;159m FPS.[0m
[38;5;159m[Genesis] [22:41:32] [INFO] Running at [38;5;121m140.64[0m[38;5;159m FPS.[0m
[38;5;159m[Genesis] [22:41:32] [INFO] Running at [38;5;121m137.31[0m[38;5;159m FPS.[0m
[38;5;159m[Genesis] [22:41:32] [INFO] Running at [38;5;121m55.58[0m[38;5;159m FPS.[0m
[38;5;159m[Genesis] [22:41:32] [INFO] Running at [38;5;121m57.67[0m[38;5;159m FPS.[0m
[38;5;159m[Genesis] [22:41:32] [INFO] Running at [38;5;121m55.65[0m[38;5;159m FPS.[0m
[38;5;159m[Genesis] [22:41:32] [INFO] Running at [38;5;121m57.74[0m[38;5;159m FPS.[0m
[38;5;159m[Genesis] [22:41:32] [INFO] Running at [38;5;121m55.80[0m[38;5;159m FPS.[0m
[38;5;159m[Genesis] [22:41:32] [INFO] Running at [38;5;121m57.93[0m[38;5;159m FPS.[0m
[38;5;159m[Genesis] [22:41:32] [INFO] Running at [38;5;121m56.21[0m[38;5;159m FPS.[0m
[38;5;159m[Genesis] [22:41:32] [INFO] Running at [38;5;121m58.34[0m[38;5;159m FPS.[0m
[38;5;159m[Genesis] [22:41:32] [INFO] Running at [38;5;121m56.26[0m[38;5;159m FPS.[0m
[38;5;159m[Genesis] [22:41:32] [INFO] Running at [38;5;121m58.41[0m[38;5;159m FPS.[0m
[38;5;159m[Genesis] [22:41:32] [INFO] Running at [38;5;121m55.07[0m[38;5;159m FPS.[0m
[38;5;159m[Genesis] [22:41:32] [INFO] Running at [38;5;121m57.19[0m[38;5;159m FPS.[0m
[38;5;159m[Genesis] [22:41:32] [INFO] Running at [38;5;121m55.39[0m[38;5;159m FPS.[0m
[38;5;159m[Genesis] [22:41:32] [INFO] Running at [38;5;121m57.49[0m[38;5;159m FPS.[0m
[38;5;159m[Genesis] [22:41:32] [INFO] Running at [38;5;121m55.57[0m[38;5;159m FPS.[0m
[38;5;159m[Genesis] [22:41:32] [INFO] Running at [38;5;121m57.70[0m[38;5;159m FPS.[0m
[38;5;159m[Genesis] [22:41:32] [INFO] Running at [38;5;121m56.04[0m[38;5;159m FPS.[0m
[38;5;159m[Genesis] [22:41:32] [INFO] Running at [38;5;121m58.13[0m[38;5;159m FPS.[0m
[38;5;159m[Genesis] [22:41:32] [INFO] Running at [38;5;121m55.38[0m[38;5;159m FPS.[0m
[38;5;159m[Genesis] [22:41:32] [INFO] Running at [38;5;121m57.50[0m[38;5;159m FPS.[0m
[38;5;159m[Genesis] [22:41:32] [INFO] Running at [38;5;121m55.38[0m[38;5;159m FPS.[0m
[38;5;159m[Genesis] [22:41:32] [INFO] Running at [38;5;121m57.48[0m[38;5;159m FPS.[0m
[38;5;159m[Genesis] [22:41:32] [INFO] Running at [38;5;121m55.99[0m[38;5;159m FPS.[0m
[38;5;159m[Genesis] [22:41:32] [INFO] Running at [38;5;121m58.11[0m[38;5;159m FPS.[0m
[38;5;159m[Genesis] [22:41:32] [INFO] Running at [38;5;121m54.99[0m[38;5;159m FPS.[0m
[38;5;159m[Genesis] [22:41:32] [INFO] Running at [38;5;121m57.08[0m[38;5;159m FPS.[0m
[38;5;159m[Genesis] [22:41:32] [INFO] Running at [38;5;121m53.74[0m[38;5;159m FPS.[0m
[38;5;159m[Genesis] [22:41:32] [INFO] Running at [38;5;121m55.80[0m[38;5;159m FPS.[0m
[38;5;159m[Genesis] [22:41:32] [INFO] Running at [38;5;121m53.42[0m[38;5;159m FPS.[0m
[38;5;159m[Genesis] [22:41:32] [INFO] Running at [38;5;121m55.48[0m[38;5;159m FPS.[0m
[38;5;159m[Genesis] [22:41:32] [INFO] Running at [38;5;121m52.45[0m[38;5;159m FPS.[0m
[38;5;159m[Genesis] [22:41:32] [INFO] Running at [38;5;121m54.49[0m[38;5;159m FPS.[0m
[38;5;159m[Genesis] [22:41:32] [INFO] Running at [38;5;121m51.70[0m[38;5;159m FPS.[0m
[38;5;159m[Genesis] [22:41:32] [INFO] Running at [38;5;121m53.72[0m[38;5;159m FPS.[0m
[38;5;159m[Genesis] [22:41:32] [INFO] Running at [38;5;121m51.10[0m[38;5;159m FPS.[0m
[38;5;159m[Genesis] [22:41:32] [INFO] Running at [38;5;121m53.09[0m[38;5;159m FPS.[0m
[38;5;159m[Genesis] [22:41:33] [INFO] Running at [38;5;121m49.07[0m[38;5;159m FPS.[0m
[38;5;159m[Genesis] [22:41:33] [INFO] Running at [38;5;121m51.02[0m[38;5;159m FPS.[0m
[38;5;159m[Genesis] [22:41:33] [INFO] Running at [38;5;121m48.67[0m[38;5;159m FPS.[0m
[38;5;159m[Genesis] [22:41:33] [INFO] Running at [38;5;121m50.61[0m[38;5;159m FPS.[0m
[38;5;159m[Genesis] [22:41:33] [INFO] Running at [38;5;121m48.86[0m[38;5;159m FPS.[0m
[38;5;159m[Genesis] [22:41:33] [INFO] Running at [38;5;121m50.82[0m[38;5;159m FPS.[0m
[38;5;159m[Genesis] [22:41:33] [INFO] Running at [38;5;121m48.94[0m[38;5;159m FPS.[0m
[38;5;159m[Genesis] [22:41:33] [INFO] Running at [38;5;121m50.89[0m[38;5;159m FPS.[0m
[38;5;159m[Genesis] [22:41:33] [INFO] Running at [38;5;121m48.96[0m[38;5;159m FPS.[0m
[38;5;159m[Genesis] [22:41:33] [INFO] Running at [38;5;121m50.91[0m[38;5;159m FPS.[0m
[38;5;159m[Genesis] [22:41:33] [INFO] Running at [38;5;121m48.57[0m[38;5;159m FPS.[0m
[38;5;159m[Genesis] [22:41:33] [INFO] Running at [38;5;121m50.52[0m[38;5;159m FPS.[0m
[38;5;159m[Genesis] [22:41:33] [INFO] Running at [38;5;121m48.56[0m[38;5;159m FPS.[0m
[38;5;159m[Genesis] [22:41:33] [INFO] Running at [38;5;121m50.49[0m[38;5;159m FPS.[0m
[38;5;159m[Genesis] [22:41:33] [INFO] Running at [38;5;121m49.24[0m[38;5;159m FPS.[0m
[38;5;159m[Genesis] [22:41:33] [INFO] Running at [38;5;121m51.20[0m[38;5;159m FPS.[0m
[38;5;159m[Genesis] [22:41:33] [INFO] Running at [38;5;121m49.18[0m[38;5;159m FPS.[0m
[38;5;159m[Genesis] [22:41:33] [INFO] Running at [38;5;121m51.13[0m[38;5;159m FPS.[0m
[38;5;159m[Genesis] [22:41:33] [INFO] Running at [38;5;121m48.30[0m[38;5;159m FPS.[0m
[38;5;159m[Genesis] [22:41:33] [INFO] Running at [38;5;121m50.24[0m[38;5;159m FPS.[0m
[38;5;159m[Genesis] [22:41:33] [INFO] Running at [38;5;121m48.92[0m[38;5;159m FPS.[0m
[38;5;159m[Genesis] [22:41:33] [INFO] Running at [38;5;121m50.88[0m[38;5;159m FPS.[0m
[38;5;159m[Genesis] [22:41:33] [INFO] Running at [38;5;121m48.37[0m[38;5;159m FPS.[0m
[38;5;159m[Genesis] [22:41:33] [INFO] Running at [38;5;121m50.29[0m[38;5;159m FPS.[0m
[38;5;159m[Genesis] [22:41:33] [INFO] Running at [38;5;121m48.34[0m[38;5;159m FPS.[0m
[38;5;159m[Genesis] [22:41:33] [INFO] Running at [38;5;121m50.28[0m[38;5;159m FPS.[0m
[38;5;159m[Genesis] [22:41:33] [INFO] Running at [38;5;121m48.46[0m[38;5;159m FPS.[0m
[38;5;159m[Genesis] [22:41:33] [INFO] Running at [38;5;121m50.38[0m[38;5;159m FPS.[0m
[38;5;159m[Genesis] [22:41:33] [INFO] Running at [38;5;121m49.37[0m[38;5;159m FPS.[0m
[38;5;159m[Genesis] [22:41:33] [INFO] Running at [38;5;121m51.32[0m[38;5;159m FPS.[0m
[38;5;159m[Genesis] [22:41:33] [INFO] Running at [38;5;121m49.59[0m[38;5;159m FPS.[0m
[38;5;159m[Genesis] [22:41:33] [INFO] Running at [38;5;121m51.56[0m[38;5;159m FPS.[0m
[38;5;159m[Genesis] [22:41:33] [INFO] Running at [38;5;121m49.64[0m[38;5;159m FPS.[0m
[38;5;159m[Genesis] [22:41:33] [INFO] Running at [38;5;121m51.60[0m[38;5;159m FPS.[0m
[38;5;159m[Genesis] [22:41:33] [INFO] Running at [38;5;121m49.40[0m[38;5;159m FPS.[0m
[38;5;159m[Genesis] [22:41:33] [INFO] Running at [38;5;121m51.37[0m[38;5;159m FPS.[0m
[38;5;159m[Genesis] [22:41:33] [INFO] Running at [38;5;121m49.59[0m[38;5;159m FPS.[0m
[38;5;159m[Genesis] [22:41:33] [INFO] Running at [38;5;121m51.56[0m[38;5;159m FPS.[0m
[38;5;159m[Genesis] [22:41:33] [INFO] Running at [38;5;121m50.17[0m[38;5;159m FPS.[0m
[38;5;159m[Genesis] [22:41:33] [INFO] Running at [38;5;121m52.15[0m[38;5;159m FPS.[0m
[38;5;159m[Genesis] [22:41:33] [INFO] Running at [38;5;121m50.81[0m[38;5;159m FPS.[0m
[38;5;159m[Genesis] [22:41:33] [INFO] Running at [38;5;121m52.81[0m[38;5;159m FPS.[0m
[38;5;159m[Genesis] [22:41:33] [INFO] Running at [38;5;121m51.22[0m[38;5;159m FPS.[0m
[38;5;159m[Genesis] [22:41:33] [INFO] Running at [38;5;121m53.23[0m[38;5;159m FPS.[0m
[38;5;159m[Genesis] [22:41:33] [INFO] Running at [38;5;121m51.94[0m[38;5;159m FPS.[0m
[38;5;159m[Genesis] [22:41:33] [INFO] Running at [38;5;121m53.98[0m[38;5;159m FPS.[0m
[38;5;159m[Genesis] [22:41:33] [INFO] Running at [38;5;121m52.67[0m[38;5;159m FPS.[0m
[38;5;159m[Genesis] [22:41:33] [INFO] Running at [38;5;121m54.71[0m[38;5;159m FPS.[0m
[38;5;159m[Genesis] [22:41:33] [INFO] Running at [38;5;121m53.36[0m[38;5;159m FPS.[0m
[38;5;159m[Genesis] [22:41:33] [INFO] Running at [38;5;121m55.42[0m[38;5;159m FPS.[0m
[38;5;159m[Genesis] [22:41:34] [INFO] Scene [38;5;121m[3m<fe42db6>[0m[38;5;159m created.[0m
[38;5;159m[Genesis] [22:41:34] [INFO] Adding [38;5;121m<gs.RigidEntity>[0m[38;5;159m. idx: [38;5;121m0[0m[38;5;159m, uid: [38;5;121m[3m<319ebdf>[0m[38;5;159m, morph: [38;5;121m<gs.morphs.Plane>[0m[38;5;159m, material: [38;5;121m<gs.materials.Rigid>[0m[38;5;159m.[0m
[38;5;159m[Genesis] [22:41:34] [INFO] Adding [38;5;121m<gs.RigidEntity>[0m[38;5;159m. idx: [38;5;121m1[0m[38;5;159m, uid: [38;5;121m[3m<f63fb77>[0m[38;5;159m, morph: [38;5;121m<gs.morphs.URDF(file='/home/jkoba/SynologyDrive/genesis_humanoid_rl/assets/robots/g1/g1_29dof.urdf')>[0m[38;5;159m, material: [38;5;121m<gs.materials.Rigid>[0m[38;5;159m.[0m
[38;5;159m[Genesis] [22:41:35] [INFO] Building scene [38;5;121m[3m<fe42db6>[0m[38;5;159m...[0m
[38;5;159m[Genesis] [22:41:44] [INFO] Compiling simulation kernels...[0m
[38;5;159m[Genesis] [22:42:18] [INFO] Building visualizer...[0m
[38;5;159m[Genesis] [22:42:19] [INFO] Running at [38;5;121m142.91[0m[38;5;159m FPS.[0m
[38;5;159m[Genesis] [22:42:19] [INFO] Running at [38;5;121m145.03[0m[38;5;159m FPS.[0m
[38;5;159m[Genesis] [22:42:19] [INFO] Running at [38;5;121m147.31[0m[38;5;159m FPS.[0m
[38;5;159m[Genesis] [22:42:19] [INFO] Running at [38;5;121m149.64[0m[38;5;159m FPS.[0m
[38;5;159m[Genesis] [22:42:19] [INFO] Running at [38;5;121m151.80[0m[38;5;159m FPS.[0m
[38;5;159m[Genesis] [22:42:19] [INFO] Running at [38;5;121m154.05[0m[38;5;159m FPS.[0m
[38;5;159m[Genesis] [22:42:19] [INFO] Running at [38;5;121m149.75[0m[38;5;159m FPS.[0m
[38;5;159m[Genesis] [22:42:19] [INFO] Running at [38;5;121m145.56[0m[38;5;159m FPS.[0m
[38;5;159m[Genesis] [22:42:19] [INFO] Running at [38;5;121m141.76[0m[38;5;159m FPS.[0m
[38;5;159m[Genesis] [22:42:19] [INFO] Running at [38;5;121m138.34[0m[38;5;159m FPS.[0m
[38;5;159m[Genesis] [22:42:19] [INFO] Running at [38;5;121m56.08[0m[38;5;159m FPS.[0m
[38;5;159m[Genesis] [22:42:19] [INFO] Running at [38;5;121m58.17[0m[38;5;159m FPS.[0m
[38;5;159m[Genesis] [22:42:19] [INFO] Running at [38;5;121m55.86[0m[38;5;159m FPS.[0m
[38;5;159m[Genesis] [22:42:19] [INFO] Running at [38;5;121m58.00[0m[38;5;159m FPS.[0m
[38;5;159m[Genesis] [22:42:19] [INFO] Running at [38;5;121m55.98[0m[38;5;159m FPS.[0m
[38;5;159m[Genesis] [22:42:19] [INFO] Running at [38;5;121m58.13[0m[38;5;159m FPS.[0m
[38;5;159m[Genesis] [22:42:19] [INFO] Running at [38;5;121m56.20[0m[38;5;159m FPS.[0m
[38;5;159m[Genesis] [22:42:19] [INFO] Running at [38;5;121m58.33[0m[38;5;159m FPS.[0m
[38;5;159m[Genesis] [22:42:19] [INFO] Running at [38;5;121m55.78[0m[38;5;159m FPS.[0m
[38;5;159m[Genesis] [22:42:19] [INFO] Running at [38;5;121m57.91[0m[38;5;159m FPS.[0m
[38;5;159m[Genesis] [22:42:19] [INFO] Running at [38;5;121m55.21[0m[38;5;159m FPS.[0m
[38;5;159m[Genesis] [22:42:19] [INFO] Running at [38;5;121m57.33[0m[38;5;159m FPS.[0m
[38;5;159m[Genesis] [22:42:19] [INFO] Running at [38;5;121m54.95[0m[38;5;159m FPS.[0m
[38;5;159m[Genesis] [22:42:19] [INFO] Running at [38;5;121m57.06[0m[38;5;159m FPS.[0m
[38;5;159m[Genesis] [22:42:19] [INFO] Running at [38;5;121m54.99[0m[38;5;159m FPS.[0m
[38;5;159m[Genesis] [22:42:19] [INFO] Running at [38;5;121m57.12[0m[38;5;159m FPS.[0m
[38;5;159m[Genesis] [22:42:19] [INFO] Running at [38;5;121m54.94[0m[38;5;159m FPS.[0m
[38;5;159m[Genesis] [22:42:19] [INFO] Running at [38;5;121m57.05[0m[38;5;159m FPS.[0m
[38;5;159m[Genesis] [22:42:19] [INFO] Running at [38;5;121m54.77[0m[38;5;159m FPS.[0m
[38;5;159m[Genesis] [22:42:19] [INFO] Running at [38;5;121m56.89[0m[38;5;159m FPS.[0m
[38;5;159m[Genesis] [22:42:19] [INFO] Running at [38;5;121m54.64[0m[38;5;159m FPS.[0m
[38;5;159m[Genesis] [22:42:19] [INFO] Running at [38;5;121m56.75[0m[38;5;159m FPS.[0m
[38;5;159m[Genesis] [22:42:19] [INFO] Running at [38;5;121m54.45[0m[38;5;159m FPS.[0m
[38;5;159m[Genesis] [22:42:19] [INFO] Running at [38;5;121m56.51[0m[38;5;159m FPS.[0m
[38;5;159m[Genesis] [22:42:19] [INFO] Running at [38;5;121m53.95[0m[38;5;159m FPS.[0m
[38;5;159m[Genesis] [22:42:19] [INFO] Running at [38;5;121m56.04[0m[38;5;159m FPS.[0m
[38;5;159m[Genesis] [22:42:19] [INFO] Running at [38;5;121m53.50[0m[38;5;159m FPS.[0m
[38;5;159m[Genesis] [22:42:19] [INFO] Running at [38;5;121m55.56[0m[38;5;159m FPS.[0m
[38;5;159m[Genesis] [22:42:19] [INFO] Running at [38;5;121m52.21[0m[38;5;159m FPS.[0m
[38;5;159m[Genesis] [22:42:19] [INFO] Running at [38;5;121m54.25[0m[38;5;159m FPS.[0m
[38;5;159m[Genesis] [22:42:19] [INFO] Running at [38;5;121m51.02[0m[38;5;159m FPS.[0m
[38;5;159m[Genesis] [22:42:19] [INFO] Running at [38;5;121m53.04[0m[38;5;159m FPS.[0m
[38;5;159m[Genesis] [22:42:19] [INFO] Running at [38;5;121m50.92[0m[38;5;159m FPS.[0m
[38;5;159m[Genesis] [22:42:19] [INFO] Running at [38;5;121m52.92[0m[38;5;159m FPS.[0m
[38;5;159m[Genesis] [22:42:19] [INFO] Running at [38;5;121m50.80[0m[38;5;159m FPS.[0m
[38;5;159m[Genesis] [22:42:19] [INFO] Running at [38;5;121m52.81[0m[38;5;159m FPS.[0m
[38;5;159m[Genesis] [22:42:19] [INFO] Running at [38;5;121m49.31[0m[38;5;159m FPS.[0m
[38;5;159m[Genesis] [22:42:19] [INFO] Running at [38;5;121m51.28[0m[38;5;159m FPS.[0m
[38;5;159m[Genesis] [22:42:20] [INFO] Running at [38;5;121m49.34[0m[38;5;159m FPS.[0m
[38;5;159m[Genesis] [22:42:20] [INFO] Running at [38;5;121m51.30[0m[38;5;159m FPS.[0m
[38;5;159m[Genesis] [22:42:20] [INFO] Running at [38;5;121m47.38[0m[38;5;159m FPS.[0m
[38;5;159m[Genesis] [22:42:20] [INFO] Running at [38;5;121m49.28[0m[38;5;159m FPS.[0m
[38;5;159m[Genesis] [22:42:20] [INFO] Running at [38;5;121m46.90[0m[38;5;159m FPS.[0m
[38;5;159m[Genesis] [22:42:20] [INFO] Running at [38;5;121m48.80[0m[38;5;159m FPS.[0m
[38;5;159m[Genesis] [22:42:20] [INFO] Running at [38;5;121m45.48[0m[38;5;159m FPS.[0m
[38;5;159m[Genesis] [22:42:20] [INFO] Running at [38;5;121m47.35[0m[38;5;159m FPS.[0m
[38;5;159m[Genesis] [22:42:20] [INFO] Running at [38;5;121m45.57[0m[38;5;159m FPS.[0m
[38;5;159m[Genesis] [22:42:20] [INFO] Running at [38;5;121m47.42[0m[38;5;159m FPS.[0m
[38;5;159m[Genesis] [22:42:20] [INFO] Running at [38;5;121m45.27[0m[38;5;159m FPS.[0m
[38;5;159m[Genesis] [22:42:20] [INFO] Running at [38;5;121m47.12[0m[38;5;159m FPS.[0m
[38;5;159m[Genesis] [22:42:20] [INFO] Running at [38;5;121m45.70[0m[38;5;159m FPS.[0m
[38;5;159m[Genesis] [22:42:20] [INFO] Running at [38;5;121m47.57[0m[38;5;159m FPS.[0m
[38;5;159m[Genesis] [22:42:20] [INFO] Running at [38;5;121m45.49[0m[38;5;159m FPS.[0m
[38;5;159m[Genesis] [22:42:20] [INFO] Running at [38;5;121m47.35[0m[38;5;159m FPS.[0m
[38;5;159m[Genesis] [22:42:20] [INFO] Running at [38;5;121m44.77[0m[38;5;159m FPS.[0m
[38;5;159m[Genesis] [22:42:20] [INFO] Running at [38;5;121m46.61[0m[38;5;159m FPS.[0m
[38;5;159m[Genesis] [22:42:20] [INFO] Running at [38;5;121m44.18[0m[38;5;159m FPS.[0m
[38;5;159m[Genesis] [22:42:20] [INFO] Running at [38;5;121m46.00[0m[38;5;159m FPS.[0m
[38;5;159m[Genesis] [22:42:20] [INFO] Running at [38;5;121m44.57[0m[38;5;159m FPS.[0m
[38;5;159m[Genesis] [22:42:20] [INFO] Running at [38;5;121m46.39[0m[38;5;159m FPS.[0m
[38;5;159m[Genesis] [22:42:20] [INFO] Running at [38;5;121m44.60[0m[38;5;159m FPS.[0m
[38;5;159m[Genesis] [22:42:20] [INFO] Running at [38;5;121m46.44[0m[38;5;159m FPS.[0m
[38;5;159m[Genesis] [22:42:20] [INFO] Running at [38;5;121m44.50[0m[38;5;159m FPS.[0m
[38;5;159m[Genesis] [22:42:20] [INFO] Running at [38;5;121m46.33[0m[38;5;159m FPS.[0m
[38;5;159m[Genesis] [22:42:20] [INFO] Running at [38;5;121m45.00[0m[38;5;159m FPS.[0m
[38;5;159m[Genesis] [22:42:20] [INFO] Running at [38;5;121m46.83[0m[38;5;159m FPS.[0m
[38;5;159m[Genesis] [22:42:20] [INFO] Running at [38;5;121m44.44[0m[38;5;159m FPS.[0m
[38;5;159m[Genesis] [22:42:20] [INFO] Running at [38;5;121m46.27[0m[38;5;159m FPS.[0m
[38;5;159m[Genesis] [22:42:20] [INFO] Running at [38;5;121m44.67[0m[38;5;159m FPS.[0m
[38;5;159m[Genesis] [22:42:20] [INFO] Running at [38;5;121m46.49[0m[38;5;159m FPS.[0m
[38;5;159m[Genesis] [22:42:20] [INFO] Running at [38;5;121m45.51[0m[38;5;159m FPS.[0m
[38;5;159m[Genesis] [22:42:20] [INFO] Running at [38;5;121m47.38[0m[38;5;159m FPS.[0m
[38;5;159m[Genesis] [22:42:20] [INFO] Running at [38;5;121m46.38[0m[38;5;159m FPS.[0m
[38;5;159m[Genesis] [22:42:20] [INFO] Running at [38;5;121m48.25[0m[38;5;159m FPS.[0m
[38;5;159m[Genesis] [22:42:20] [INFO] Running at [38;5;121m46.94[0m[38;5;159m FPS.[0m
[38;5;159m[Genesis] [22:42:20] [INFO] Running at [38;5;121m48.84[0m[38;5;159m FPS.[0m
[38;5;159m[Genesis] [22:42:20] [INFO] Running at [38;5;121m47.43[0m[38;5;159m FPS.[0m
[38;5;159m[Genesis] [22:42:20] [INFO] Running at [38;5;121m49.35[0m[38;5;159m FPS.[0m
[38;5;159m[Genesis] [22:42:20] [INFO] Running at [38;5;121m48.46[0m[38;5;159m FPS.[0m
[38;5;159m[Genesis] [22:42:20] [INFO] Running at [38;5;121m50.40[0m[38;5;159m FPS.[0m
[38;5;159m[Genesis] [22:42:20] [INFO] Running at [38;5;121m49.21[0m[38;5;159m FPS.[0m
[38;5;159m[Genesis] [22:42:20] [INFO] Running at [38;5;121m51.18[0m[38;5;159m FPS.[0m
[38;5;159m[Genesis] [22:42:20] [INFO] Running at [38;5;121m49.82[0m[38;5;159m FPS.[0m
[38;5;159m[Genesis] [22:42:20] [INFO] Running at [38;5;121m51.79[0m[38;5;159m FPS.[0m
[38;5;159m[Genesis] [22:42:20] [INFO] Running at [38;5;121m51.05[0m[38;5;159m FPS.[0m
[38;5;159m[Genesis] [22:42:21] [INFO] Running at [38;5;121m53.06[0m[38;5;159m FPS.[0m
[38;5;159m[Genesis] [22:42:21] [INFO] Running at [38;5;121m51.96[0m[38;5;159m FPS.[0m
[38;5;159m[Genesis] [22:42:21] [INFO] Running at [38;5;121m54.01[0m[38;5;159m FPS.[0m
[38;5;159m[Genesis] [22:42:21] [INFO] Scene [38;5;121m[3m<3d41e3d>[0m[38;5;159m created.[0m
[38;5;159m[Genesis] [22:42:21] [INFO] Adding [38;5;121m<gs.RigidEntity>[0m[38;5;159m. idx: [38;5;121m0[0m[38;5;159m, uid: [38;5;121m[3m<72c1b89>[0m[38;5;159m, morph: [38;5;121m<gs.morphs.Plane>[0m[38;5;159m, material: [38;5;121m<gs.materials.Rigid>[0m[38;5;159m.[0m
[38;5;159m[Genesis] [22:42:21] [INFO] Adding [38;5;121m<gs.RigidEntity>[0m[38;5;159m. idx: [38;5;121m1[0m[38;5;159m, uid: [38;5;121m[3m<992e244>[0m[38;5;159m, morph: [38;5;121m<gs.morphs.URDF(file='/home/jkoba/SynologyDrive/genesis_humanoid_rl/assets/robots/g1/g1_29dof.urdf')>[0m[38;5;159m, material: [38;5;121m<gs.materials.Rigid>[0m[38;5;159m.[0m
[38;5;159m[Genesis] [22:42:22] [INFO] Building scene [38;5;121m[3m<3d41e3d>[0m[38;5;159m...[0m
[38;5;159m[Genesis] [22:42:31] [INFO] Compiling simulation kernels...[0m
[38;5;159m[Genesis] [22:43:05] [INFO] Building visualizer...[0m
[38;5;159m[Genesis] [22:43:05] [INFO] Running at [38;5;121m141.71[0m[38;5;159m FPS.[0m
[38;5;159m[Genesis] [22:43:05] [INFO] Running at [38;5;121m143.60[0m[38;5;159m FPS.[0m
[38;5;159m[Genesis] [22:43:05] [INFO] Running at [38;5;121m145.91[0m[38;5;159m FPS.[0m
[38;5;159m[Genesis] [22:43:05] [INFO] Running at [38;5;121m148.23[0m[38;5;159m FPS.[0m
[38;5;159m[Genesis] [22:43:05] [INFO] Running at [38;5;121m150.45[0m[38;5;159m FPS.[0m
[38;5;159m[Genesis] [22:43:05] [INFO] Running at [38;5;121m152.62[0m[38;5;159m FPS.[0m
[38;5;159m[Genesis] [22:43:05] [INFO] Running at [38;5;121m148.81[0m[38;5;159m FPS.[0m
[38;5;159m[Genesis] [22:43:05] [INFO] Running at [38;5;121m144.75[0m[38;5;159m FPS.[0m
[38;5;159m[Genesis] [22:43:05] [INFO] Running at [38;5;121m141.04[0m[38;5;159m FPS.[0m
[38;5;159m[Genesis] [22:43:05] [INFO] Running at [38;5;121m137.67[0m[38;5;159m FPS.[0m
[38;5;159m[Genesis] [22:43:06] [INFO] Running at [38;5;121m55.61[0m[38;5;159m FPS.[0m
[38;5;159m[Genesis] [22:43:06] [INFO] Running at [38;5;121m57.72[0m[38;5;159m FPS.[0m
[38;5;159m[Genesis] [22:43:06] [INFO] Running at [38;5;121m54.87[0m[38;5;159m FPS.[0m
[38;5;159m[Genesis] [22:43:06] [INFO] Running at [38;5;121m56.98[0m[38;5;159m FPS.[0m
[38;5;159m[Genesis] [22:43:06] [INFO] Running at [38;5;121m54.99[0m[38;5;159m FPS.[0m
[38;5;159m[Genesis] [22:43:06] [INFO] Running at [38;5;121m57.08[0m[38;5;159m FPS.[0m
[38;5;159m[Genesis] [22:43:06] [INFO] Running at [38;5;121m55.52[0m[38;5;159m FPS.[0m
[38;5;159m[Genesis] [22:43:06] [INFO] Running at [38;5;121m57.59[0m[38;5;159m FPS.[0m
[38;5;159m[Genesis] [22:43:06] [INFO] Running at [38;5;121m55.62[0m[38;5;159m FPS.[0m
[38;5;159m[Genesis] [22:43:06] [INFO] Running at [38;5;121m57.74[0m[38;5;159m FPS.[0m
[38;5;159m[Genesis] [22:43:06] [INFO] Running at [38;5;121m54.56[0m[38;5;159m FPS.[0m
[38;5;159m[Genesis] [22:43:06] [INFO] Running at [38;5;121m56.66[0m[38;5;159m FPS.[0m
[38;5;159m[Genesis] [22:43:06] [INFO] Running at [38;5;121m53.80[0m[38;5;159m FPS.[0m
[38;5;159m[Genesis] [22:43:06] [INFO] Running at [38;5;121m55.88[0m[38;5;159m FPS.[0m
[38;5;159m[Genesis] [22:43:06] [INFO] Running at [38;5;121m53.55[0m[38;5;159m FPS.[0m
[38;5;159m[Genesis] [22:43:06] [INFO] Running at [38;5;121m55.62[0m[38;5;159m FPS.[0m
[38;5;159m[Genesis] [22:43:06] [INFO] Running at [38;5;121m52.87[0m[38;5;159m FPS.[0m
[38;5;159m[Genesis] [22:43:06] [INFO] Running at [38;5;121m54.92[0m[38;5;159m FPS.[0m
[38;5;159m[Genesis] [22:43:06] [INFO] Running at [38;5;121m52.83[0m[38;5;159m FPS.[0m
[38;5;159m[Genesis] [22:43:06] [INFO] Running at [38;5;121m54.86[0m[38;5;159m FPS.[0m
[38;5;159m[Genesis] [22:43:06] [INFO] Running at [38;5;121m52.62[0m[38;5;159m FPS.[0m
[38;5;159m[Genesis] [22:43:06] [INFO] Running at [38;5;121m54.67[0m[38;5;159m FPS.[0m
[38;5;159m[Genesis] [22:43:06] [INFO] Running at [38;5;121m51.60[0m[38;5;159m FPS.[0m
[38;5;159m[Genesis] [22:43:06] [INFO] Running at [38;5;121m53.62[0m[38;5;159m FPS.[0m
[38;5;159m[Genesis] [22:43:06] [INFO] Running at [38;5;121m51.85[0m[38;5;159m FPS.[0m
[38;5;159m[Genesis] [22:43:06] [INFO] Running at [38;5;121m53.86[0m[38;5;159m FPS.[0m
[38;5;159m[Genesis] [22:43:06] [INFO] Running at [38;5;121m51.60[0m[38;5;159m FPS.[0m
[38;5;159m[Genesis] [22:43:06] [INFO] Running at [38;5;121m53.61[0m[38;5;159m FPS.[0m
[38;5;159m[Genesis] [22:43:06] [INFO] Running at [38;5;121m50.23[0m[38;5;159m FPS.[0m
[38;5;159m[Genesis] [22:43:06] [INFO] Running at [38;5;121m52.21[0m[38;5;159m FPS.[0m
[38;5;159m[Genesis] [22:43:06] [INFO] Running at [38;5;121m50.32[0m[38;5;159m FPS.[0m
[38;5;159m[Genesis] [22:43:06] [INFO] Running at [38;5;121m52.31[0m[38;5;159m FPS.[0m
[38;5;159m[Genesis] [22:43:06] [INFO] Running at [38;5;121m49.65[0m[38;5;159m FPS.[0m
[38;5;159m[Genesis] [22:43:06] [INFO] Running at [38;5;121m51.61[0m[38;5;159m FPS.[0m
[38;5;159m[Genesis] [22:43:06] [INFO] Running at [38;5;121m49.24[0m[38;5;159m FPS.[0m
[38;5;159m[Genesis] [22:43:06] [INFO] Running at [38;5;121m51.20[0m[38;5;159m FPS.[0m
[38;5;159m[Genesis] [22:43:06] [INFO] Running at [38;5;121m48.46[0m[38;5;159m FPS.[0m
[38;5;159m[Genesis] [22:43:06] [INFO] Running at [38;5;121m50.40[0m[38;5;159m FPS.[0m
[38;5;159m[Genesis] [22:43:06] [INFO] Running at [38;5;121m47.68[0m[38;5;159m FPS.[0m
[38;5;159m[Genesis] [22:43:06] [INFO] Running at [38;5;121m49.60[0m[38;5;159m FPS.[0m
[38;5;159m[Genesis] [22:43:06] [INFO] Running at [38;5;121m47.90[0m[38;5;159m FPS.[0m
[38;5;159m[Genesis] [22:43:06] [INFO] Running at [38;5;121m49.83[0m[38;5;159m FPS.[0m
[38;5;159m[Genesis] [22:43:06] [INFO] Running at [38;5;121m47.51[0m[38;5;159m FPS.[0m
[38;5;159m[Genesis] [22:43:06] [INFO] Running at [38;5;121m49.42[0m[38;5;159m FPS.[0m
[38;5;159m[Genesis] [22:43:07] [INFO] Running at [38;5;121m47.82[0m[38;5;159m FPS.[0m
[38;5;159m[Genesis] [22:43:07] [INFO] Running at [38;5;121m49.74[0m[38;5;159m FPS.[0m
[38;5;159m[Genesis] [22:43:07] [INFO] Running at [38;5;121m46.93[0m[38;5;159m FPS.[0m
[38;5;159m[Genesis] [22:43:07] [INFO] Running at [38;5;121m48.82[0m[38;5;159m FPS.[0m
[38;5;159m[Genesis] [22:43:07] [INFO] Running at [38;5;121m47.08[0m[38;5;159m FPS.[0m
[38;5;159m[Genesis] [22:43:07] [INFO] Running at [38;5;121m48.97[0m[38;5;159m FPS.[0m
[38;5;159m[Genesis] [22:43:07] [INFO] Running at [38;5;121m46.87[0m[38;5;159m FPS.[0m
[38;5;159m[Genesis] [22:43:07] [INFO] Running at [38;5;121m48.76[0m[38;5;159m FPS.[0m
[38;5;159m[Genesis] [22:43:07] [INFO] Running at [38;5;121m46.08[0m[38;5;159m FPS.[0m
[38;5;159m[Genesis] [22:43:07] [INFO] Running at [38;5;121m47.94[0m[38;5;159m FPS.[0m
[38;5;159m[Genesis] [22:43:07] [INFO] Running at [38;5;121m44.77[0m[38;5;159m FPS.[0m
[38;5;159m[Genesis] [22:43:07] [INFO] Running at [38;5;121m46.60[0m[38;5;159m FPS.[0m
[38;5;159m[Genesis] [22:43:07] [INFO] Running at [38;5;121m44.57[0m[38;5;159m FPS.[0m
[38;5;159m[Genesis] [22:43:07] [INFO] Running at [38;5;121m46.40[0m[38;5;159m FPS.[0m
[38;5;159m[Genesis] [22:43:07] [INFO] Running at [38;5;121m44.85[0m[38;5;159m FPS.[0m
[38;5;159m[Genesis] [22:43:07] [INFO] Running at [38;5;121m46.67[0m[38;5;159m FPS.[0m
[38;5;159m[Genesis] [22:43:07] [INFO] Running at [38;5;121m45.43[0m[38;5;159m FPS.[0m
[38;5;159m[Genesis] [22:43:07] [INFO] Running at [38;5;121m47.27[0m[38;5;159m FPS.[0m
[38;5;159m[Genesis] [22:43:07] [INFO] Running at [38;5;121m45.96[0m[38;5;159m FPS.[0m
[38;5;159m[Genesis] [22:43:07] [INFO] Running at [38;5;121m47.83[0m[38;5;159m FPS.[0m
[38;5;159m[Genesis] [22:43:07] [INFO] Running at [38;5;121m46.53[0m[38;5;159m FPS.[0m
[38;5;159m[Genesis] [22:43:07] [INFO] Running at [38;5;121m48.41[0m[38;5;159m FPS.[0m
[38;5;159m[Genesis] [22:43:07] [INFO] Running at [38;5;121m47.23[0m[38;5;159m FPS.[0m
[38;5;159m[Genesis] [22:43:07] [INFO] Running at [38;5;121m49.14[0m[38;5;159m FPS.[0m
[38;5;159m[Genesis] [22:43:07] [INFO] Running at [38;5;121m47.81[0m[38;5;159m FPS.[0m
[38;5;159m[Genesis] [22:43:07] [INFO] Running at [38;5;121m49.72[0m[38;5;159m FPS.[0m
[38;5;159m[Genesis] [22:43:07] [INFO] Running at [38;5;121m48.03[0m[38;5;159m FPS.[0m
[38;5;159m[Genesis] [22:43:07] [INFO] Running at [38;5;121m49.96[0m[38;5;159m FPS.[0m
[38;5;159m[Genesis] [22:43:07] [INFO] Running at [38;5;121m48.70[0m[38;5;159m FPS.[0m
[38;5;159m[Genesis] [22:43:07] [INFO] Running at [38;5;121m50.64[0m[38;5;159m FPS.[0m
[38;5;159m[Genesis] [22:43:07] [INFO] Running at [38;5;121m49.56[0m[38;5;159m FPS.[0m
[38;5;159m[Genesis] [22:43:07] [INFO] Running at [38;5;121m51.52[0m[38;5;159m FPS.[0m
[38;5;159m[Genesis] [22:43:07] [INFO] Running at [38;5;121m49.31[0m[38;5;159m FPS.[0m
[38;5;159m[Genesis] [22:43:07] [INFO] Running at [38;5;121m51.28[0m[38;5;159m FPS.[0m
[38;5;159m[Genesis] [22:43:07] [INFO] Running at [38;5;121m50.16[0m[38;5;159m FPS.[0m
[38;5;159m[Genesis] [22:43:07] [INFO] Running at [38;5;121m52.14[0m[38;5;159m FPS.[0m
[38;5;159m[Genesis] [22:43:07] [INFO] Running at [38;5;121m50.80[0m[38;5;159m FPS.[0m
[38;5;159m[Genesis] [22:43:07] [INFO] Running at [38;5;121m52.80[0m[38;5;159m FPS.[0m
[38;5;159m[Genesis] [22:43:07] [INFO] Running at [38;5;121m51.71[0m[38;5;159m FPS.[0m
[38;5;159m[Genesis] [22:43:07] [INFO] Running at [38;5;121m53.73[0m[38;5;159m FPS.[0m
[38;5;159m[Genesis] [22:43:07] [INFO] Scene [38;5;121m[3m<cea1fee>[0m[38;5;159m created.[0m
[38;5;159m[Genesis] [22:43:07] [INFO] Adding [38;5;121m<gs.RigidEntity>[0m[38;5;159m. idx: [38;5;121m0[0m[38;5;159m, uid: [38;5;121m[3m<4b95293>[0m[38;5;159m, morph: [38;5;121m<gs.morphs.Plane>[0m[38;5;159m, material: [38;5;121m<gs.materials.Rigid>[0m[38;5;159m.[0m
[38;5;159m[Genesis] [22:43:07] [INFO] Adding [38;5;121m<gs.RigidEntity>[0m[38;5;159m. idx: [38;5;121m1[0m[38;5;159m, uid: [38;5;121m[3m<25fb4cf>[0m[38;5;159m, morph: [38;5;121m<gs.morphs.URDF(file='/home/jkoba/SynologyDrive/genesis_humanoid_rl/assets/robots/g1/g1_29dof.urdf')>[0m[38;5;159m, material: [38;5;121m<gs.materials.Rigid>[0m[38;5;159m.[0m
[38;5;159m[Genesis] [22:43:09] [INFO] Building scene [38;5;121m[3m<cea1fee>[0m[38;5;159m...[0m
[38;5;159m[Genesis] [22:43:18] [INFO] Compiling simulation kernels...[0m
[38;5;159m[Genesis] [22:43:52] [INFO] Building visualizer...[0m
[38;5;159m[Genesis] [22:43:52] [INFO] Running at [38;5;121m143.34[0m[38;5;159m FPS.[0m
[38;5;159m[Genesis] [22:43:52] [INFO] Running at [38;5;121m145.21[0m[38;5;159m FPS.[0m
[38;5;159m[Genesis] [22:43:52] [INFO] Running at [38;5;121m147.18[0m[38;5;159m FPS.[0m
[38;5;159m[Genesis] [22:43:52] [INFO] Running at [38;5;121m149.42[0m[38;5;159m FPS.[0m
[38;5;159m[Genesis] [22:43:52] [INFO] Running at [38;5;121m151.55[0m[38;5;159m FPS.[0m
[38;5;159m[Genesis] [22:43:52] [INFO] Running at [38;5;121m153.72[0m[38;5;159m FPS.[0m
[38;5;159m[Genesis] [22:43:52] [INFO] Running at [38;5;121m150.27[0m[38;5;159m FPS.[0m
[38;5;159m[Genesis] [22:43:52] [INFO] Running at [38;5;121m146.09[0m[38;5;159m FPS.[0m
[38;5;159m[Genesis] [22:43:52] [INFO] Running at [38;5;121m142.25[0m[38;5;159m FPS.[0m
[38;5;159m[Genesis] [22:43:52] [INFO] Running at [38;5;121m138.80[0m[38;5;159m FPS.[0m
[38;5;159m[Genesis] [22:43:52] [INFO] Running at [38;5;121m56.11[0m[38;5;159m FPS.[0m
[38;5;159m[Genesis] [22:43:52] [INFO] Running at [38;5;121m58.23[0m[38;5;159m FPS.[0m
[38;5;159m[Genesis] [22:43:52] [INFO] Running at [38;5;121m55.75[0m[38;5;159m FPS.[0m
[38;5;159m[Genesis] [22:43:52] [INFO] Running at [38;5;121m57.87[0m[38;5;159m FPS.[0m
[38;5;159m[Genesis] [22:43:52] [INFO] Running at [38;5;121m55.77[0m[38;5;159m FPS.[0m
[38;5;159m[Genesis] [22:43:52] [INFO] Running at [38;5;121m57.90[0m[38;5;159m FPS.[0m
[38;5;159m[Genesis] [22:43:52] [INFO] Running at [38;5;121m56.19[0m[38;5;159m FPS.[0m
[38;5;159m[Genesis] [22:43:52] [INFO] Running at [38;5;121m58.32[0m[38;5;159m FPS.[0m
[38;5;159m[Genesis] [22:43:52] [INFO] Running at [38;5;121m55.73[0m[38;5;159m FPS.[0m
[38;5;159m[Genesis] [22:43:52] [INFO] Running at [38;5;121m57.86[0m[38;5;159m FPS.[0m
[38;5;159m[Genesis] [22:43:52] [INFO] Running at [38;5;121m55.08[0m[38;5;159m FPS.[0m
[38;5;159m[Genesis] [22:43:52] [INFO] Running at [38;5;121m57.19[0m[38;5;159m FPS.[0m
[38;5;159m[Genesis] [22:43:52] [INFO] Running at [38;5;121m54.89[0m[38;5;159m FPS.[0m
[38;5;159m[Genesis] [22:43:53] [INFO] Running at [38;5;121m56.98[0m[38;5;159m FPS.[0m
[38;5;159m[Genesis] [22:43:53] [INFO] Running at [38;5;121m54.92[0m[38;5;159m FPS.[0m
[38;5;159m[Genesis] [22:43:53] [INFO] Running at [38;5;121m57.03[0m[38;5;159m FPS.[0m
[38;5;159m[Genesis] [22:43:53] [INFO] Running at [38;5;121m54.71[0m[38;5;159m FPS.[0m
[38;5;159m[Genesis] [22:43:53] [INFO] Running at [38;5;121m56.81[0m[38;5;159m FPS.[0m
[38;5;159m[Genesis] [22:43:53] [INFO] Running at [38;5;121m54.13[0m[38;5;159m FPS.[0m
[38;5;159m[Genesis] [22:43:53] [INFO] Running at [38;5;121m56.22[0m[38;5;159m FPS.[0m
[38;5;159m[Genesis] [22:43:53] [INFO] Running at [38;5;121m53.84[0m[38;5;159m FPS.[0m
[38;5;159m[Genesis] [22:43:53] [INFO] Running at [38;5;121m55.92[0m[38;5;159m FPS.[0m
[38;5;159m[Genesis] [22:43:53] [INFO] Running at [38;5;121m54.14[0m[38;5;159m FPS.[0m
[38;5;159m[Genesis] [22:43:53] [INFO] Running at [38;5;121m56.22[0m[38;5;159m FPS.[0m
[38;5;159m[Genesis] [22:43:53] [INFO] Running at [38;5;121m53.74[0m[38;5;159m FPS.[0m
[38;5;159m[Genesis] [22:43:53] [INFO] Running at [38;5;121m55.80[0m[38;5;159m FPS.[0m
[38;5;159m[Genesis] [22:43:53] [INFO] Running at [38;5;121m53.45[0m[38;5;159m FPS.[0m
[38;5;159m[Genesis] [22:43:53] [INFO] Running at [38;5;121m55.52[0m[38;5;159m FPS.[0m
[38;5;159m[Genesis] [22:43:53] [INFO] Running at [38;5;121m52.29[0m[38;5;159m FPS.[0m
[38;5;159m[Genesis] [22:43:53] [INFO] Running at [38;5;121m54.33[0m[38;5;159m FPS.[0m
[38;5;159m[Genesis] [22:43:53] [INFO] Running at [38;5;121m50.43[0m[38;5;159m FPS.[0m
[38;5;159m[Genesis] [22:43:53] [INFO] Running at [38;5;121m52.43[0m[38;5;159m FPS.[0m
[38;5;159m[Genesis] [22:43:53] [INFO] Running at [38;5;121m50.80[0m[38;5;159m FPS.[0m
[38;5;159m[Genesis] [22:43:53] [INFO] Running at [38;5;121m52.80[0m[38;5;159m FPS.[0m
[38;5;159m[Genesis] [22:43:53] [INFO] Running at [38;5;121m49.34[0m[38;5;159m FPS.[0m
[38;5;159m[Genesis] [22:43:53] [INFO] Running at [38;5;121m51.31[0m[38;5;159m FPS.[0m
[38;5;159m[Genesis] [22:43:53] [INFO] Running at [38;5;121m48.36[0m[38;5;159m FPS.[0m
[38;5;159m[Genesis] [22:43:53] [INFO] Running at [38;5;121m50.29[0m[38;5;159m FPS.[0m
[38;5;159m[Genesis] [22:43:53] [INFO] Running at [38;5;121m46.78[0m[38;5;159m FPS.[0m
[38;5;159m[Genesis] [22:43:53] [INFO] Running at [38;5;121m48.67[0m[38;5;159m FPS.[0m
[38;5;159m[Genesis] [22:43:53] [INFO] Running at [38;5;121m45.34[0m[38;5;159m FPS.[0m
[38;5;159m[Genesis] [22:43:53] [INFO] Running at [38;5;121m47.19[0m[38;5;159m FPS.[0m
[38;5;159m[Genesis] [22:43:53] [INFO] Running at [38;5;121m44.92[0m[38;5;159m FPS.[0m
[38;5;159m[Genesis] [22:43:53] [INFO] Running at [38;5;121m46.75[0m[38;5;159m FPS.[0m
[38;5;159m[Genesis] [22:43:53] [INFO] Running at [38;5;121m44.85[0m[38;5;159m FPS.[0m
[38;5;159m[Genesis] [22:43:53] [INFO] Running at [38;5;121m46.69[0m[38;5;159m FPS.[0m
[38;5;159m[Genesis] [22:43:53] [INFO] Running at [38;5;121m44.40[0m[38;5;159m FPS.[0m
[38;5;159m[Genesis] [22:43:53] [INFO] Running at [38;5;121m46.22[0m[38;5;159m FPS.[0m
[38;5;159m[Genesis] [22:43:53] [INFO] Running at [38;5;121m44.32[0m[38;5;159m FPS.[0m
[38;5;159m[Genesis] [22:43:53] [INFO] Running at [38;5;121m46.13[0m[38;5;159m FPS.[0m
[38;5;159m[Genesis] [22:43:53] [INFO] Running at [38;5;121m44.14[0m[38;5;159m FPS.[0m
[38;5;159m[Genesis] [22:43:53] [INFO] Running at [38;5;121m45.96[0m[38;5;159m FPS.[0m
[38;5;159m[Genesis] [22:43:53] [INFO] Running at [38;5;121m44.78[0m[38;5;159m FPS.[0m
[38;5;159m[Genesis] [22:43:53] [INFO] Running at [38;5;121m46.60[0m[38;5;159m FPS.[0m
[38;5;159m[Genesis] [22:43:53] [INFO] Running at [38;5;121m44.68[0m[38;5;159m FPS.[0m
[38;5;159m[Genesis] [22:43:53] [INFO] Running at [38;5;121m46.51[0m[38;5;159m FPS.[0m
[38;5;159m[Genesis] [22:43:53] [INFO] Running at [38;5;121m45.20[0m[38;5;159m FPS.[0m
[38;5;159m[Genesis] [22:43:53] [INFO] Running at [38;5;121m47.04[0m[38;5;159m FPS.[0m
[38;5;159m[Genesis] [22:43:53] [INFO] Running at [38;5;121m45.69[0m[38;5;159m FPS.[0m
[38;5;159m[Genesis] [22:43:53] [INFO] Running at [38;5;121m47.54[0m[38;5;159m FPS.[0m
[38;5;159m[Genesis] [22:43:54] [INFO] Running at [38;5;121m45.76[0m[38;5;159m FPS.[0m
[38;5;159m[Genesis] [22:43:54] [INFO] Running at [38;5;121m47.62[0m[38;5;159m FPS.[0m
[38;5;159m[Genesis] [22:43:54] [INFO] Running at [38;5;121m46.45[0m[38;5;159m FPS.[0m
[38;5;159m[Genesis] [22:43:54] [INFO] Running at [38;5;121m48.33[0m[38;5;159m FPS.[0m
[38;5;159m[Genesis] [22:43:54] [INFO] Running at [38;5;121m47.24[0m[38;5;159m FPS.[0m
[38;5;159m[Genesis] [22:43:54] [INFO] Running at [38;5;121m49.15[0m[38;5;159m FPS.[0m
[38;5;159m[Genesis] [22:43:54] [INFO] Running at [38;5;121m47.39[0m[38;5;159m FPS.[0m
[38;5;159m[Genesis] [22:43:54] [INFO] Running at [38;5;121m49.29[0m[38;5;159m FPS.[0m
[38;5;159m[Genesis] [22:43:54] [INFO] Running at [38;5;121m47.52[0m[38;5;159m FPS.[0m
[38;5;159m[Genesis] [22:43:54] [INFO] Running at [38;5;121m49.43[0m[38;5;159m FPS.[0m
[38;5;159m[Genesis] [22:43:54] [INFO] Running at [38;5;121m48.11[0m[38;5;159m FPS.[0m
[38;5;159m[Genesis] [22:43:54] [INFO] Running at [38;5;121m50.05[0m[38;5;159m FPS.[0m
[38;5;159m[Genesis] [22:43:54] [INFO] Running at [38;5;121m48.70[0m[38;5;159m FPS.[0m
[38;5;159m[Genesis] [22:43:54] [INFO] Running at [38;5;121m50.64[0m[38;5;159m FPS.[0m
[38;5;159m[Genesis] [22:43:54] [INFO] Running at [38;5;121m49.79[0m[38;5;159m FPS.[0m
[38;5;159m[Genesis] [22:43:54] [INFO] Running at [38;5;121m51.75[0m[38;5;159m FPS.[0m
[38;5;159m[Genesis] [22:43:54] [INFO] Running at [38;5;121m50.45[0m[38;5;159m FPS.[0m
[38;5;159m[Genesis] [22:43:54] [INFO] Running at [38;5;121m52.45[0m[38;5;159m FPS.[0m
[38;5;159m[Genesis] [22:43:54] [INFO] Running at [38;5;121m51.09[0m[38;5;159m FPS.[0m
[38;5;159m[Genesis] [22:43:54] [INFO] Running at [38;5;121m53.10[0m[38;5;159m FPS.[0m
[38;5;159m[Genesis] [22:43:54] [INFO] Running at [38;5;121m51.35[0m[38;5;159m FPS.[0m
[38;5;159m[Genesis] [22:43:54] [INFO] Running at [38;5;121m53.38[0m[38;5;159m FPS.[0m
[38;5;159m[Genesis] [22:43:54] [INFO] Running at [38;5;121m52.03[0m[38;5;159m FPS.[0m
[38;5;159m[Genesis] [22:43:54] [INFO] Running at [38;5;121m54.06[0m[38;5;159m FPS.[0m
[38;5;159m[Genesis] [22:43:54] [INFO] Running at [38;5;121m51.99[0m[38;5;159m FPS.[0m
[38;5;159m[Genesis] [22:43:54] [INFO] Running at [38;5;121m54.02[0m[38;5;159m FPS.[0m
[38;5;159m[Genesis] [22:43:54] [INFO] Running at [38;5;121m52.13[0m[38;5;159m FPS.[0m
[38;5;159m[Genesis] [22:43:54] [INFO] Running at [38;5;121m54.10[0m[38;5;159m FPS.[0m
[38;5;159m[Genesis] [22:43:54] [INFO] Running at [38;5;121m53.24[0m[38;5;159m FPS.[0m
[38;5;159m[Genesis] [22:43:54] [INFO] Running at [38;5;121m55.30[0m[38;5;159m FPS.[0m
[38;5;159m[Genesis] [22:43:54] [INFO] Running at [38;5;121m53.45[0m[38;5;159m FPS.[0m
[38;5;159m[Genesis] [22:43:54] [INFO] Running at [38;5;121m55.52[0m[38;5;159m FPS.[0m
[38;5;159m[Genesis] [22:43:54] [INFO] Scene [38;5;121m[3m<ec8cb43>[0m[38;5;159m created.[0m
[38;5;159m[Genesis] [22:43:54] [INFO] Adding [38;5;121m<gs.RigidEntity>[0m[38;5;159m. idx: [38;5;121m0[0m[38;5;159m, uid: [38;5;121m[3m<6bfbbbe>[0m[38;5;159m, morph: [38;5;121m<gs.morphs.Plane>[0m[38;5;159m, material: [38;5;121m<gs.materials.Rigid>[0m[38;5;159m.[0m
[38;5;159m[Genesis] [22:43:54] [INFO] Adding [38;5;121m<gs.RigidEntity>[0m[38;5;159m. idx: [38;5;121m1[0m[38;5;159m, uid: [38;5;121m[3m<3b2a3f7>[0m[38;5;159m, morph: [38;5;121m<gs.morphs.URDF(file='/home/jkoba/SynologyDrive/genesis_humanoid_rl/assets/robots/g1/g1_29dof.urdf')>[0m[38;5;159m, material: [38;5;121m<gs.materials.Rigid>[0m[38;5;159m.[0m
[38;5;159m[Genesis] [22:43:55] [INFO] Building scene [38;5;121m[3m<ec8cb43>[0m[38;5;159m...[0m
[38;5;159m[Genesis] [22:44:05] [INFO] Compiling simulation kernels...[0m
[38;5;159m[Genesis] [22:44:39] [INFO] Building visualizer...[0m
[38;5;159m[Genesis] [22:44:39] [INFO] Running at [38;5;121m139.87[0m[38;5;159m FPS.[0m
[38;5;159m[Genesis] [22:44:39] [INFO] Running at [38;5;121m141.69[0m[38;5;159m FPS.[0m
[38;5;159m[Genesis] [22:44:39] [INFO] Running at [38;5;121m144.04[0m[38;5;159m FPS.[0m
[38;5;159m[Genesis] [22:44:39] [INFO] Running at [38;5;121m146.28[0m[38;5;159m FPS.[0m
[38;5;159m[Genesis] [22:44:39] [INFO] Running at [38;5;121m148.53[0m[38;5;159m FPS.[0m
[38;5;159m[Genesis] [22:44:39] [INFO] Running at [38;5;121m150.57[0m[38;5;159m FPS.[0m
[38;5;159m[Genesis] [22:44:39] [INFO] Running at [38;5;121m147.31[0m[38;5;159m FPS.[0m
[38;5;159m[Genesis] [22:44:39] [INFO] Running at [38;5;121m143.56[0m[38;5;159m FPS.[0m
[38;5;159m[Genesis] [22:44:39] [INFO] Running at [38;5;121m139.97[0m[38;5;159m FPS.[0m
[38;5;159m[Genesis] [22:44:39] [INFO] Running at [38;5;121m136.70[0m[38;5;159m FPS.[0m
[38;5;159m[Genesis] [22:44:39] [INFO] Running at [38;5;121m54.58[0m[38;5;159m FPS.[0m
[38;5;159m[Genesis] [22:44:39] [INFO] Running at [38;5;121m56.63[0m[38;5;159m FPS.[0m
[38;5;159m[Genesis] [22:44:39] [INFO] Running at [38;5;121m54.42[0m[38;5;159m FPS.[0m
[38;5;159m[Genesis] [22:44:39] [INFO] Running at [38;5;121m56.50[0m[38;5;159m FPS.[0m
[38;5;159m[Genesis] [22:44:39] [INFO] Running at [38;5;121m54.34[0m[38;5;159m FPS.[0m
[38;5;159m[Genesis] [22:44:39] [INFO] Running at [38;5;121m56.42[0m[38;5;159m FPS.[0m
[38;5;159m[Genesis] [22:44:39] [INFO] Running at [38;5;121m53.97[0m[38;5;159m FPS.[0m
[38;5;159m[Genesis] [22:44:39] [INFO] Running at [38;5;121m56.03[0m[38;5;159m FPS.[0m
Initialized RobotGroundingCalculator
  Robot links: 30
  Robot DOFs: 35
Detecting foot links...
  Found 2 foot links
    - left_ankle_roll_link
    - right_ankle_roll_link
Calculating grounding height...
  Current base height: 1.000m
  Lowest foot point: 0.243m
  Calculated grounding height: 0.787m
  (This will place feet 30.0mm above ground)
Loaded G1 robot with 35 DOFs
Robot has 30 links
Initialized RobotGroundingCalculator
  Robot links: 30
  Robot DOFs: 35
Detecting foot links...
  Found 2 foot links
    - left_ankle_roll_link
    - right_ankle_roll_link
Calculating grounding height...
  Current base height: 1.000m
  Lowest foot point: 0.243m
  Calculated grounding height: 0.787m
  (This will place feet 30.0mm above ground)
Loaded G1 robot with 35 DOFs
Robot has 30 links
Initialized RobotGroundingCalculator
  Robot links: 30
  Robot DOFs: 35
Detecting foot links...
  Found 2 foot links
    - left_ankle_roll_link
    - right_ankle_roll_link
Calculating grounding height...
  Current base height: 1.000m
  Lowest foot point: 0.243m
  Calculated grounding height: 0.787m
  (This will place feet 30.0mm above ground)
Loaded G1 robot with 35 DOFs
Robot has 30 links
Initialized RobotGroundingCalculator
  Robot links: 30
  Robot DOFs: 35
Detecting foot links...
  Found 2 foot links
    - left_ankle_roll_link
    - right_ankle_roll_link
Calculating grounding height...
  Current base height: 1.000m
  Lowest foot point: 0.243m
  Calculated grounding height: 0.787m
  (This will place feet 30.0mm above ground)
Loaded G1 robot with 35 DOFs
Robot has 30 links
Initialized RobotGroundingCalculator
  Robot links: 30
  Robot DOFs: 35
Detecting foot links...
  Found 2 foot links
    - left_ankle_roll_link
    - right_ankle_roll_link
Calculating grounding height...
  Current base height: 1.000m
  Lowest foot point: 0.243m
  Calculated grounding height: 0.787m
  (This will place feet 30.0mm above ground)
Loaded G1 robot with 35 DOFs
Robot has 30 links
Initialized RobotGroundingCalculator
  Robot links: 30
  Robot DOFs: 35
Detecting foot links...
  Found 2 foot links
    - left_ankle_roll_link
    - right_ankle_roll_link
Calculating grounding height...
  Current base height: 1.000m
  Lowest foot point: 0.243m
  Calculated grounding height: 0.787m
  (This will place feet 30.0mm above ground)
Loaded G1 robot with 35 DOFs
Robot has 30 links
-----------------------------------------
| rollout/                |             |
|    ep_len_mean          | 47.8        |
|    ep_rew_mean          | 28          |
| time/                   |             |
|    fps                  | 1           |
|    iterations           | 3           |
|    time_elapsed         | 766         |
|    total_timesteps      | 768         |
| train/                  |             |
|    approx_kl            | 0.042484365 |
|    clip_fraction        | 0.273       |
|    clip_range           | 0.2         |
|    entropy_loss         | -49.7       |
|    explained_variance   | 0.0645      |
|    learning_rate        | 0.0003      |
|    loss                 | 14.5        |
|    n_updates            | 8           |
|    policy_gradient_loss | -0.0872     |
|    std                  | 1           |
|    value_loss           | 37.4        |
-----------------------------------------
[38;5;159m[Genesis] [22:44:39] [INFO] Running at [38;5;121m44.55[0m[38;5;159m FPS.[0m
[38;5;159m[Genesis] [22:44:39] [INFO] Running at [38;5;121m46.38[0m[38;5;159m FPS.[0m
[38;5;159m[Genesis] [22:44:40] [INFO] Running at [38;5;121m45.52[0m[38;5;159m FPS.[0m
[38;5;159m[Genesis] [22:44:40] [INFO] Running at [38;5;121m47.34[0m[38;5;159m FPS.[0m
[38;5;159m[Genesis] [22:44:40] [INFO] Running at [38;5;121m46.04[0m[38;5;159m FPS.[0m
[38;5;159m[Genesis] [22:44:40] [INFO] Running at [38;5;121m47.90[0m[38;5;159m FPS.[0m
[38;5;159m[Genesis] [22:44:40] [INFO] Running at [38;5;121m46.82[0m[38;5;159m FPS.[0m
[38;5;159m[Genesis] [22:44:40] [INFO] Running at [38;5;121m48.72[0m[38;5;159m FPS.[0m
[38;5;159m[Genesis] [22:44:40] [INFO] Running at [38;5;121m47.12[0m[38;5;159m FPS.[0m
[38;5;159m[Genesis] [22:44:40] [INFO] Running at [38;5;121m49.01[0m[38;5;159m FPS.[0m
[38;5;159m[Genesis] [22:44:40] [INFO] Running at [38;5;121m46.90[0m[38;5;159m FPS.[0m
[38;5;159m[Genesis] [22:44:40] [INFO] Running at [38;5;121m48.80[0m[38;5;159m FPS.[0m
[38;5;159m[Genesis] [22:44:40] [INFO] Running at [38;5;121m47.42[0m[38;5;159m FPS.[0m
[38;5;159m[Genesis] [22:44:40] [INFO] Running at [38;5;121m49.31[0m[38;5;159m FPS.[0m
[38;5;159m[Genesis] [22:44:40] [INFO] Running at [38;5;121m48.13[0m[38;5;159m FPS.[0m
[38;5;159m[Genesis] [22:44:40] [INFO] Running at [38;5;121m50.05[0m[38;5;159m FPS.[0m
[38;5;159m[Genesis] [22:44:40] [INFO] Running at [38;5;121m48.98[0m[38;5;159m FPS.[0m
[38;5;159m[Genesis] [22:44:40] [INFO] Running at [38;5;121m50.93[0m[38;5;159m FPS.[0m
[38;5;159m[Genesis] [22:44:40] [INFO] Running at [38;5;121m49.39[0m[38;5;159m FPS.[0m
[38;5;159m[Genesis] [22:44:40] [INFO] Running at [38;5;121m51.34[0m[38;5;159m FPS.[0m
[38;5;159m[Genesis] [22:44:40] [INFO] Running at [38;5;121m49.07[0m[38;5;159m FPS.[0m
[38;5;159m[Genesis] [22:44:40] [INFO] Running at [38;5;121m51.02[0m[38;5;159m FPS.[0m
[38;5;159m[Genesis] [22:44:40] [INFO] Running at [38;5;121m49.19[0m[38;5;159m FPS.[0m
[38;5;159m[Genesis] [22:44:40] [INFO] Running at [38;5;121m51.15[0m[38;5;159m FPS.[0m
[38;5;159m[Genesis] [22:44:40] [INFO] Running at [38;5;121m49.40[0m[38;5;159m FPS.[0m
[38;5;159m[Genesis] [22:44:40] [INFO] Running at [38;5;121m51.35[0m[38;5;159m FPS.[0m
[38;5;159m[Genesis] [22:44:40] [INFO] Running at [38;5;121m49.31[0m[38;5;159m FPS.[0m
[38;5;159m[Genesis] [22:44:40] [INFO] Running at [38;5;121m51.26[0m[38;5;159m FPS.[0m
[38;5;159m[Genesis] [22:44:40] [INFO] Running at [38;5;121m49.22[0m[38;5;159m FPS.[0m
[38;5;159m[Genesis] [22:44:40] [INFO] Running at [38;5;121m51.17[0m[38;5;159m FPS.[0m
[38;5;159m[Genesis] [22:44:40] [INFO] Running at [38;5;121m49.11[0m[38;5;159m FPS.[0m
[38;5;159m[Genesis] [22:44:40] [INFO] Running at [38;5;121m51.06[0m[38;5;159m FPS.[0m
[38;5;159m[Genesis] [22:44:40] [INFO] Running at [38;5;121m48.42[0m[38;5;159m FPS.[0m
[38;5;159m[Genesis] [22:44:40] [INFO] Running at [38;5;121m50.36[0m[38;5;159m FPS.[0m
[38;5;159m[Genesis] [22:44:40] [INFO] Running at [38;5;121m48.44[0m[38;5;159m FPS.[0m
[38;5;159m[Genesis] [22:44:40] [INFO] Running at [38;5;121m50.37[0m[38;5;159m FPS.[0m
[38;5;159m[Genesis] [22:44:40] [INFO] Running at [38;5;121m47.10[0m[38;5;159m FPS.[0m
[38;5;159m[Genesis] [22:44:40] [INFO] Running at [38;5;121m48.96[0m[38;5;159m FPS.[0m
[38;5;159m[Genesis] [22:44:40] [INFO] Running at [38;5;121m47.59[0m[38;5;159m FPS.[0m
[38;5;159m[Genesis] [22:44:40] [INFO] Running at [38;5;121m49.48[0m[38;5;159m FPS.[0m
[38;5;159m[Genesis] [22:44:40] [INFO] Running at [38;5;121m47.70[0m[38;5;159m FPS.[0m
[38;5;159m[Genesis] [22:44:40] [INFO] Running at [38;5;121m49.60[0m[38;5;159m FPS.[0m
[38;5;159m[Genesis] [22:44:40] [INFO] Running at [38;5;121m48.32[0m[38;5;159m FPS.[0m
[38;5;159m[Genesis] [22:44:40] [INFO] Running at [38;5;121m50.26[0m[38;5;159m FPS.[0m
[38;5;159m[Genesis] [22:44:40] [INFO] Running at [38;5;121m47.65[0m[38;5;159m FPS.[0m
[38;5;159m[Genesis] [22:44:40] [INFO] Running at [38;5;121m49.54[0m[38;5;159m FPS.[0m
[38;5;159m[Genesis] [22:44:40] [INFO] Running at [38;5;121m46.38[0m[38;5;159m FPS.[0m
[38;5;159m[Genesis] [22:44:40] [INFO] Running at [38;5;121m48.26[0m[38;5;159m FPS.[0m
[38;5;159m[Genesis] [22:44:40] [INFO] Running at [38;5;121m46.58[0m[38;5;159m FPS.[0m
[38;5;159m[Genesis] [22:44:40] [INFO] Running at [38;5;121m48.45[0m[38;5;159m FPS.[0m
[38;5;159m[Genesis] [22:44:40] [INFO] Running at [38;5;121m46.28[0m[38;5;159m FPS.[0m
[38;5;159m[Genesis] [22:44:40] [INFO] Running at [38;5;121m48.15[0m[38;5;159m FPS.[0m
[38;5;159m[Genesis] [22:44:41] [INFO] Running at [38;5;121m45.88[0m[38;5;159m FPS.[0m
[38;5;159m[Genesis] [22:44:41] [INFO] Running at [38;5;121m47.75[0m[38;5;159m FPS.[0m
[38;5;159m[Genesis] [22:44:41] [INFO] Running at [38;5;121m45.72[0m[38;5;159m FPS.[0m
[38;5;159m[Genesis] [22:44:41] [INFO] Running at [38;5;121m47.58[0m[38;5;159m FPS.[0m
[38;5;159m[Genesis] [22:44:41] [INFO] Running at [38;5;121m45.49[0m[38;5;159m FPS.[0m
[38;5;159m[Genesis] [22:44:41] [INFO] Running at [38;5;121m47.34[0m[38;5;159m FPS.[0m
[38;5;159m[Genesis] [22:44:41] [INFO] Running at [38;5;121m45.71[0m[38;5;159m FPS.[0m
[38;5;159m[Genesis] [22:44:41] [INFO] Running at [38;5;121m47.55[0m[38;5;159m FPS.[0m
[38;5;159m[Genesis] [22:44:41] [INFO] Running at [38;5;121m45.49[0m[38;5;159m FPS.[0m
[38;5;159m[Genesis] [22:44:41] [INFO] Running at [38;5;121m47.34[0m[38;5;159m FPS.[0m
[38;5;159m[Genesis] [22:44:41] [INFO] Running at [38;5;121m45.55[0m[38;5;159m FPS.[0m
[38;5;159m[Genesis] [22:44:41] [INFO] Running at [38;5;121m47.40[0m[38;5;159m FPS.[0m
[38;5;159m[Genesis] [22:44:41] [INFO] Running at [38;5;121m45.16[0m[38;5;159m FPS.[0m
[38;5;159m[Genesis] [22:44:41] [INFO] Running at [38;5;121m47.00[0m[38;5;159m FPS.[0m
[38;5;159m[Genesis] [22:44:41] [INFO] Running at [38;5;121m44.88[0m[38;5;159m FPS.[0m
[38;5;159m[Genesis] [22:44:41] [INFO] Running at [38;5;121m46.72[0m[38;5;159m FPS.[0m
[38;5;159m[Genesis] [22:44:41] [INFO] Running at [38;5;121m45.29[0m[38;5;159m FPS.[0m
[38;5;159m[Genesis] [22:44:41] [INFO] Running at [38;5;121m47.13[0m[38;5;159m FPS.[0m
[38;5;159m[Genesis] [22:44:41] [INFO] Running at [38;5;121m45.47[0m[38;5;159m FPS.[0m
[38;5;159m[Genesis] [22:44:41] [INFO] Running at [38;5;121m47.32[0m[38;5;159m FPS.[0m
[38;5;159m[Genesis] [22:44:41] [INFO] Running at [38;5;121m45.61[0m[38;5;159m FPS.[0m
[38;5;159m[Genesis] [22:44:41] [INFO] Running at [38;5;121m47.47[0m[38;5;159m FPS.[0m
[38;5;159m[Genesis] [22:44:41] [INFO] Running at [38;5;121m45.57[0m[38;5;159m FPS.[0m
[38;5;159m[Genesis] [22:44:41] [INFO] Running at [38;5;121m47.43[0m[38;5;159m FPS.[0m
[38;5;159m[Genesis] [22:44:41] [INFO] Running at [38;5;121m45.00[0m[38;5;159m FPS.[0m
[38;5;159m[Genesis] [22:44:41] [INFO] Running at [38;5;121m46.84[0m[38;5;159m FPS.[0m
[38;5;159m[Genesis] [22:44:41] [INFO] Running at [38;5;121m44.36[0m[38;5;159m FPS.[0m
[38;5;159m[Genesis] [22:44:41] [INFO] Running at [38;5;121m46.18[0m[38;5;159m FPS.[0m
[38;5;159m[Genesis] [22:44:41] [INFO] Running at [38;5;121m44.64[0m[38;5;159m FPS.[0m
[38;5;159m[Genesis] [22:44:41] [INFO] Running at [38;5;121m46.47[0m[38;5;159m FPS.[0m
[38;5;159m[Genesis] [22:44:41] [INFO] Running at [38;5;121m45.07[0m[38;5;159m FPS.[0m
[38;5;159m[Genesis] [22:44:41] [INFO] Running at [38;5;121m46.91[0m[38;5;159m FPS.[0m
[38;5;159m[Genesis] [22:44:41] [INFO] Running at [38;5;121m45.64[0m[38;5;159m FPS.[0m
[38;5;159m[Genesis] [22:44:41] [INFO] Running at [38;5;121m47.49[0m[38;5;159m FPS.[0m
[38;5;159m[Genesis] [22:44:41] [INFO] Running at [38;5;121m44.96[0m[38;5;159m FPS.[0m
[38;5;159m[Genesis] [22:44:41] [INFO] Running at [38;5;121m46.79[0m[38;5;159m FPS.[0m
[38;5;159m[Genesis] [22:44:41] [INFO] Running at [38;5;121m45.47[0m[38;5;159m FPS.[0m
[38;5;159m[Genesis] [22:44:41] [INFO] Running at [38;5;121m47.31[0m[38;5;159m FPS.[0m
[38;5;159m[Genesis] [22:44:41] [INFO] Running at [38;5;121m45.57[0m[38;5;159m FPS.[0m
[38;5;159m[Genesis] [22:44:41] [INFO] Running at [38;5;121m47.42[0m[38;5;159m FPS.[0m
[38;5;159m[Genesis] [22:44:41] [INFO] Running at [38;5;121m46.11[0m[38;5;159m FPS.[0m
[38;5;159m[Genesis] [22:44:41] [INFO] Running at [38;5;121m47.98[0m[38;5;159m FPS.[0m
[38;5;159m[Genesis] [22:44:41] [INFO] Running at [38;5;121m46.75[0m[38;5;159m FPS.[0m
[38;5;159m[Genesis] [22:44:41] [INFO] Running at [38;5;121m48.63[0m[38;5;159m FPS.[0m
[38;5;159m[Genesis] [22:44:41] [INFO] Running at [38;5;121m46.61[0m[38;5;159m FPS.[0m
[38;5;159m[Genesis] [22:44:41] [INFO] Running at [38;5;121m48.49[0m[38;5;159m FPS.[0m
[38;5;159m[Genesis] [22:44:42] [INFO] Running at [38;5;121m47.44[0m[38;5;159m FPS.[0m
[38;5;159m[Genesis] [22:44:42] [INFO] Running at [38;5;121m49.34[0m[38;5;159m FPS.[0m
[38;5;159m[Genesis] [22:44:42] [INFO] Running at [38;5;121m47.69[0m[38;5;159m FPS.[0m
[38;5;159m[Genesis] [22:44:42] [INFO] Running at [38;5;121m49.59[0m[38;5;159m FPS.[0m
[38;5;159m[Genesis] [22:44:42] [INFO] Running at [38;5;121m47.50[0m[38;5;159m FPS.[0m
[38;5;159m[Genesis] [22:44:42] [INFO] Running at [38;5;121m49.36[0m[38;5;159m FPS.[0m
[38;5;159m[Genesis] [22:44:42] [INFO] Running at [38;5;121m48.90[0m[38;5;159m FPS.[0m
[38;5;159m[Genesis] [22:44:42] [INFO] Running at [38;5;121m50.83[0m[38;5;159m FPS.[0m
[38;5;159m[Genesis] [22:44:42] [INFO] Running at [38;5;121m48.11[0m[38;5;159m FPS.[0m
[38;5;159m[Genesis] [22:44:42] [INFO] Running at [38;5;121m50.03[0m[38;5;159m FPS.[0m
[38;5;159m[Genesis] [22:44:42] [INFO] Running at [38;5;121m47.92[0m[38;5;159m FPS.[0m
[38;5;159m[Genesis] [22:44:42] [INFO] Running at [38;5;121m49.85[0m[38;5;159m FPS.[0m
[38;5;159m[Genesis] [22:44:42] [INFO] Running at [38;5;121m46.59[0m[38;5;159m FPS.[0m
[38;5;159m[Genesis] [22:44:42] [INFO] Running at [38;5;121m48.47[0m[38;5;159m FPS.[0m
[38;5;159m[Genesis] [22:44:42] [INFO] Scene [38;5;121m[3m<f9b47ae>[0m[38;5;159m created.[0m
[38;5;159m[Genesis] [22:44:42] [INFO] Adding [38;5;121m<gs.RigidEntity>[0m[38;5;159m. idx: [38;5;121m0[0m[38;5;159m, uid: [38;5;121m[3m<7909c09>[0m[38;5;159m, morph: [38;5;121m<gs.morphs.Plane>[0m[38;5;159m, material: [38;5;121m<gs.materials.Rigid>[0m[38;5;159m.[0m
[38;5;159m[Genesis] [22:44:42] [INFO] Adding [38;5;121m<gs.RigidEntity>[0m[38;5;159m. idx: [38;5;121m1[0m[38;5;159m, uid: [38;5;121m[3m<e1548d5>[0m[38;5;159m, morph: [38;5;121m<gs.morphs.URDF(file='/home/jkoba/SynologyDrive/genesis_humanoid_rl/assets/robots/g1/g1_29dof.urdf')>[0m[38;5;159m, material: [38;5;121m<gs.materials.Rigid>[0m[38;5;159m.[0m
[38;5;159m[Genesis] [22:44:43] [INFO] Building scene [38;5;121m[3m<f9b47ae>[0m[38;5;159m...[0m
[38;5;159m[Genesis] [22:44:53] [INFO] Compiling simulation kernels...[0m
[38;5;159m[Genesis] [22:45:26] [INFO] Building visualizer...[0m
[38;5;159m[Genesis] [22:45:27] [INFO] Running at [38;5;121m139.81[0m[38;5;159m FPS.[0m
[38;5;159m[Genesis] [22:45:27] [INFO] Running at [38;5;121m142.01[0m[38;5;159m FPS.[0m
[38;5;159m[Genesis] [22:45:27] [INFO] Running at [38;5;121m144.37[0m[38;5;159m FPS.[0m
[38;5;159m[Genesis] [22:45:27] [INFO] Running at [38;5;121m146.79[0m[38;5;159m FPS.[0m
[38;5;159m[Genesis] [22:45:27] [INFO] Running at [38;5;121m149.05[0m[38;5;159m FPS.[0m
[38;5;159m[Genesis] [22:45:27] [INFO] Running at [38;5;121m151.38[0m[38;5;159m FPS.[0m
[38;5;159m[Genesis] [22:45:27] [INFO] Running at [38;5;121m147.24[0m[38;5;159m FPS.[0m
[38;5;159m[Genesis] [22:45:27] [INFO] Running at [38;5;121m143.30[0m[38;5;159m FPS.[0m
[38;5;159m[Genesis] [22:45:27] [INFO] Running at [38;5;121m139.74[0m[38;5;159m FPS.[0m
[38;5;159m[Genesis] [22:45:27] [INFO] Running at [38;5;121m136.50[0m[38;5;159m FPS.[0m
[38;5;159m[Genesis] [22:45:27] [INFO] Running at [38;5;121m55.72[0m[38;5;159m FPS.[0m
[38;5;159m[Genesis] [22:45:27] [INFO] Running at [38;5;121m57.81[0m[38;5;159m FPS.[0m
[38;5;159m[Genesis] [22:45:27] [INFO] Running at [38;5;121m55.38[0m[38;5;159m FPS.[0m
[38;5;159m[Genesis] [22:45:27] [INFO] Running at [38;5;121m57.49[0m[38;5;159m FPS.[0m
[38;5;159m[Genesis] [22:45:27] [INFO] Running at [38;5;121m54.83[0m[38;5;159m FPS.[0m
[38;5;159m[Genesis] [22:45:27] [INFO] Running at [38;5;121m56.94[0m[38;5;159m FPS.[0m
[38;5;159m[Genesis] [22:45:27] [INFO] Running at [38;5;121m54.00[0m[38;5;159m FPS.[0m
[38;5;159m[Genesis] [22:45:27] [INFO] Running at [38;5;121m56.09[0m[38;5;159m FPS.[0m
[38;5;159m[Genesis] [22:45:27] [INFO] Running at [38;5;121m53.21[0m[38;5;159m FPS.[0m
[38;5;159m[Genesis] [22:45:27] [INFO] Running at [38;5;121m55.27[0m[38;5;159m FPS.[0m
[38;5;159m[Genesis] [22:45:27] [INFO] Running at [38;5;121m53.09[0m[38;5;159m FPS.[0m
[38;5;159m[Genesis] [22:45:27] [INFO] Running at [38;5;121m55.17[0m[38;5;159m FPS.[0m
[38;5;159m[Genesis] [22:45:27] [INFO] Running at [38;5;121m53.41[0m[38;5;159m FPS.[0m
[38;5;159m[Genesis] [22:45:27] [INFO] Running at [38;5;121m55.48[0m[38;5;159m FPS.[0m
[38;5;159m[Genesis] [22:45:27] [INFO] Running at [38;5;121m53.94[0m[38;5;159m FPS.[0m
[38;5;159m[Genesis] [22:45:27] [INFO] Running at [38;5;121m56.04[0m[38;5;159m FPS.[0m
[38;5;159m[Genesis] [22:45:27] [INFO] Running at [38;5;121m52.67[0m[38;5;159m FPS.[0m
[38;5;159m[Genesis] [22:45:27] [INFO] Running at [38;5;121m54.70[0m[38;5;159m FPS.[0m
[38;5;159m[Genesis] [22:45:27] [INFO] Running at [38;5;121m52.18[0m[38;5;159m FPS.[0m
[38;5;159m[Genesis] [22:45:27] [INFO] Running at [38;5;121m54.23[0m[38;5;159m FPS.[0m
[38;5;159m[Genesis] [22:45:27] [INFO] Running at [38;5;121m51.98[0m[38;5;159m FPS.[0m
[38;5;159m[Genesis] [22:45:27] [INFO] Running at [38;5;121m54.00[0m[38;5;159m FPS.[0m
[38;5;159m[Genesis] [22:45:27] [INFO] Running at [38;5;121m52.12[0m[38;5;159m FPS.[0m
[38;5;159m[Genesis] [22:45:27] [INFO] Running at [38;5;121m54.15[0m[38;5;159m FPS.[0m
[38;5;159m[Genesis] [22:45:28] [INFO] Running at [38;5;121m52.34[0m[38;5;159m FPS.[0m
[38;5;159m[Genesis] [22:45:28] [INFO] Running at [38;5;121m54.38[0m[38;5;159m FPS.[0m
[38;5;159m[Genesis] [22:45:28] [INFO] Running at [38;5;121m51.28[0m[38;5;159m FPS.[0m
[38;5;159m[Genesis] [22:45:28] [INFO] Running at [38;5;121m53.29[0m[38;5;159m FPS.[0m
[38;5;159m[Genesis] [22:45:28] [INFO] Running at [38;5;121m50.70[0m[38;5;159m FPS.[0m
[38;5;159m[Genesis] [22:45:28] [INFO] Running at [38;5;121m52.70[0m[38;5;159m FPS.[0m
[38;5;159m[Genesis] [22:45:28] [INFO] Running at [38;5;121m50.72[0m[38;5;159m FPS.[0m
[38;5;159m[Genesis] [22:45:28] [INFO] Running at [38;5;121m52.71[0m[38;5;159m FPS.[0m
[38;5;159m[Genesis] [22:45:28] [INFO] Running at [38;5;121m49.21[0m[38;5;159m FPS.[0m
[38;5;159m[Genesis] [22:45:28] [INFO] Running at [38;5;121m51.15[0m[38;5;159m FPS.[0m
[38;5;159m[Genesis] [22:45:28] [INFO] Running at [38;5;121m48.81[0m[38;5;159m FPS.[0m
[38;5;159m[Genesis] [22:45:28] [INFO] Running at [38;5;121m50.77[0m[38;5;159m FPS.[0m
[38;5;159m[Genesis] [22:45:28] [INFO] Running at [38;5;121m49.08[0m[38;5;159m FPS.[0m
[38;5;159m[Genesis] [22:45:28] [INFO] Running at [38;5;121m51.03[0m[38;5;159m FPS.[0m
[38;5;159m[Genesis] [22:45:28] [INFO] Running at [38;5;121m47.26[0m[38;5;159m FPS.[0m
[38;5;159m[Genesis] [22:45:28] [INFO] Running at [38;5;121m49.18[0m[38;5;159m FPS.[0m
[38;5;159m[Genesis] [22:45:28] [INFO] Running at [38;5;121m46.37[0m[38;5;159m FPS.[0m
[38;5;159m[Genesis] [22:45:28] [INFO] Running at [38;5;121m48.26[0m[38;5;159m FPS.[0m
[38;5;159m[Genesis] [22:45:28] [INFO] Running at [38;5;121m46.66[0m[38;5;159m FPS.[0m
[38;5;159m[Genesis] [22:45:28] [INFO] Running at [38;5;121m48.54[0m[38;5;159m FPS.[0m
[38;5;159m[Genesis] [22:45:28] [INFO] Running at [38;5;121m46.21[0m[38;5;159m FPS.[0m
[38;5;159m[Genesis] [22:45:28] [INFO] Running at [38;5;121m48.09[0m[38;5;159m FPS.[0m
[38;5;159m[Genesis] [22:45:28] [INFO] Running at [38;5;121m45.36[0m[38;5;159m FPS.[0m
[38;5;159m[Genesis] [22:45:28] [INFO] Running at [38;5;121m47.21[0m[38;5;159m FPS.[0m
[38;5;159m[Genesis] [22:45:28] [INFO] Running at [38;5;121m44.15[0m[38;5;159m FPS.[0m
[38;5;159m[Genesis] [22:45:28] [INFO] Running at [38;5;121m45.96[0m[38;5;159m FPS.[0m
[38;5;159m[Genesis] [22:45:28] [INFO] Running at [38;5;121m44.74[0m[38;5;159m FPS.[0m
[38;5;159m[Genesis] [22:45:28] [INFO] Running at [38;5;121m46.57[0m[38;5;159m FPS.[0m
[38;5;159m[Genesis] [22:45:28] [INFO] Running at [38;5;121m45.22[0m[38;5;159m FPS.[0m
[38;5;159m[Genesis] [22:45:28] [INFO] Running at [38;5;121m47.07[0m[38;5;159m FPS.[0m
[38;5;159m[Genesis] [22:45:28] [INFO] Running at [38;5;121m45.04[0m[38;5;159m FPS.[0m
[38;5;159m[Genesis] [22:45:28] [INFO] Running at [38;5;121m46.89[0m[38;5;159m FPS.[0m
[38;5;159m[Genesis] [22:45:28] [INFO] Running at [38;5;121m45.82[0m[38;5;159m FPS.[0m
[38;5;159m[Genesis] [22:45:28] [INFO] Running at [38;5;121m47.69[0m[38;5;159m FPS.[0m
[38;5;159m[Genesis] [22:45:28] [INFO] Running at [38;5;121m45.47[0m[38;5;159m FPS.[0m
[38;5;159m[Genesis] [22:45:28] [INFO] Running at [38;5;121m47.33[0m[38;5;159m FPS.[0m
[38;5;159m[Genesis] [22:45:28] [INFO] Running at [38;5;121m44.89[0m[38;5;159m FPS.[0m
[38;5;159m[Genesis] [22:45:28] [INFO] Running at [38;5;121m46.73[0m[38;5;159m FPS.[0m
[38;5;159m[Genesis] [22:45:28] [INFO] Running at [38;5;121m45.35[0m[38;5;159m FPS.[0m
[38;5;159m[Genesis] [22:45:28] [INFO] Running at [38;5;121m47.20[0m[38;5;159m FPS.[0m
[38;5;159m[Genesis] [22:45:28] [INFO] Running at [38;5;121m45.98[0m[38;5;159m FPS.[0m
[38;5;159m[Genesis] [22:45:28] [INFO] Running at [38;5;121m47.85[0m[38;5;159m FPS.[0m
[38;5;159m[Genesis] [22:45:28] [INFO] Running at [38;5;121m46.45[0m[38;5;159m FPS.[0m
[38;5;159m[Genesis] [22:45:28] [INFO] Running at [38;5;121m48.33[0m[38;5;159m FPS.[0m
[38;5;159m[Genesis] [22:45:28] [INFO] Running at [38;5;121m46.90[0m[38;5;159m FPS.[0m
[38;5;159m[Genesis] [22:45:28] [INFO] Running at [38;5;121m48.80[0m[38;5;159m FPS.[0m
[38;5;159m[Genesis] [22:45:29] [INFO] Running at [38;5;121m47.43[0m[38;5;159m FPS.[0m
[38;5;159m[Genesis] [22:45:29] [INFO] Running at [38;5;121m49.34[0m[38;5;159m FPS.[0m
[38;5;159m[Genesis] [22:45:29] [INFO] Running at [38;5;121m48.24[0m[38;5;159m FPS.[0m
[38;5;159m[Genesis] [22:45:29] [INFO] Running at [38;5;121m50.17[0m[38;5;159m FPS.[0m
[38;5;159m[Genesis] [22:45:29] [INFO] Running at [38;5;121m48.95[0m[38;5;159m FPS.[0m
[38;5;159m[Genesis] [22:45:29] [INFO] Running at [38;5;121m50.90[0m[38;5;159m FPS.[0m
[38;5;159m[Genesis] [22:45:29] [INFO] Running at [38;5;121m49.67[0m[38;5;159m FPS.[0m
[38;5;159m[Genesis] [22:45:29] [INFO] Running at [38;5;121m51.65[0m[38;5;159m FPS.[0m
[38;5;159m[Genesis] [22:45:29] [INFO] Running at [38;5;121m50.47[0m[38;5;159m FPS.[0m
[38;5;159m[Genesis] [22:45:29] [INFO] Running at [38;5;121m52.46[0m[38;5;159m FPS.[0m
[38;5;159m[Genesis] [22:45:29] [INFO] Running at [38;5;121m51.06[0m[38;5;159m FPS.[0m
[38;5;159m[Genesis] [22:45:29] [INFO] Running at [38;5;121m53.08[0m[38;5;159m FPS.[0m
[38;5;159m[Genesis] [22:45:29] [INFO] Running at [38;5;121m51.91[0m[38;5;159m FPS.[0m
[38;5;159m[Genesis] [22:45:29] [INFO] Running at [38;5;121m53.94[0m[38;5;159m FPS.[0m
[38;5;159m[Genesis] [22:45:29] [INFO] Running at [38;5;121m52.59[0m[38;5;159m FPS.[0m
[38;5;159m[Genesis] [22:45:29] [INFO] Running at [38;5;121m54.64[0m[38;5;159m FPS.[0m
[38;5;159m[Genesis] [22:45:29] [INFO] Scene [38;5;121m[3m<761e773>[0m[38;5;159m created.[0m
[38;5;159m[Genesis] [22:45:29] [INFO] Adding [38;5;121m<gs.RigidEntity>[0m[38;5;159m. idx: [38;5;121m0[0m[38;5;159m, uid: [38;5;121m[3m<f9b8a1a>[0m[38;5;159m, morph: [38;5;121m<gs.morphs.Plane>[0m[38;5;159m, material: [38;5;121m<gs.materials.Rigid>[0m[38;5;159m.[0m
[38;5;159m[Genesis] [22:45:29] [INFO] Adding [38;5;121m<gs.RigidEntity>[0m[38;5;159m. idx: [38;5;121m1[0m[38;5;159m, uid: [38;5;121m[3m<8e84a23>[0m[38;5;159m, morph: [38;5;121m<gs.morphs.URDF(file='/home/jkoba/SynologyDrive/genesis_humanoid_rl/assets/robots/g1/g1_29dof.urdf')>[0m[38;5;159m, material: [38;5;121m<gs.materials.Rigid>[0m[38;5;159m.[0m
[38;5;159m[Genesis] [22:45:30] [INFO] Building scene [38;5;121m[3m<761e773>[0m[38;5;159m...[0m
[38;5;159m[Genesis] [22:45:39] [INFO] Compiling simulation kernels...[0m
[38;5;159m[Genesis] [22:46:13] [INFO] Building visualizer...[0m
[38;5;159m[Genesis] [22:46:14] [INFO] Running at [38;5;121m139.08[0m[38;5;159m FPS.[0m
[38;5;159m[Genesis] [22:46:14] [INFO] Running at [38;5;121m141.05[0m[38;5;159m FPS.[0m
[38;5;159m[Genesis] [22:46:14] [INFO] Running at [38;5;121m143.36[0m[38;5;159m FPS.[0m
[38;5;159m[Genesis] [22:46:14] [INFO] Running at [38;5;121m145.70[0m[38;5;159m FPS.[0m
[38;5;159m[Genesis] [22:46:14] [INFO] Running at [38;5;121m147.94[0m[38;5;159m FPS.[0m
[38;5;159m[Genesis] [22:46:14] [INFO] Running at [38;5;121m150.17[0m[38;5;159m FPS.[0m
[38;5;159m[Genesis] [22:46:14] [INFO] Running at [38;5;121m146.90[0m[38;5;159m FPS.[0m
[38;5;159m[Genesis] [22:46:14] [INFO] Running at [38;5;121m143.05[0m[38;5;159m FPS.[0m
[38;5;159m[Genesis] [22:46:14] [INFO] Running at [38;5;121m139.52[0m[38;5;159m FPS.[0m
[38;5;159m[Genesis] [22:46:14] [INFO] Running at [38;5;121m136.31[0m[38;5;159m FPS.[0m
[38;5;159m[Genesis] [22:46:14] [INFO] Running at [38;5;121m55.28[0m[38;5;159m FPS.[0m
[38;5;159m[Genesis] [22:46:14] [INFO] Running at [38;5;121m57.38[0m[38;5;159m FPS.[0m
[38;5;159m[Genesis] [22:46:14] [INFO] Running at [38;5;121m55.46[0m[38;5;159m FPS.[0m
[38;5;159m[Genesis] [22:46:14] [INFO] Running at [38;5;121m57.57[0m[38;5;159m FPS.[0m
[38;5;159m[Genesis] [22:46:14] [INFO] Running at [38;5;121m55.12[0m[38;5;159m FPS.[0m
[38;5;159m[Genesis] [22:46:14] [INFO] Running at [38;5;121m57.23[0m[38;5;159m FPS.[0m
[38;5;159m[Genesis] [22:46:14] [INFO] Running at [38;5;121m54.99[0m[38;5;159m FPS.[0m
[38;5;159m[Genesis] [22:46:14] [INFO] Running at [38;5;121m57.09[0m[38;5;159m FPS.[0m
[38;5;159m[Genesis] [22:46:14] [INFO] Running at [38;5;121m54.27[0m[38;5;159m FPS.[0m
[38;5;159m[Genesis] [22:46:14] [INFO] Running at [38;5;121m56.35[0m[38;5;159m FPS.[0m
[38;5;159m[Genesis] [22:46:14] [INFO] Running at [38;5;121m54.68[0m[38;5;159m FPS.[0m
[38;5;159m[Genesis] [22:46:14] [INFO] Running at [38;5;121m56.69[0m[38;5;159m FPS.[0m
[38;5;159m[Genesis] [22:46:14] [INFO] Running at [38;5;121m55.17[0m[38;5;159m FPS.[0m
[38;5;159m[Genesis] [22:46:14] [INFO] Running at [38;5;121m57.26[0m[38;5;159m FPS.[0m
[38;5;159m[Genesis] [22:46:14] [INFO] Running at [38;5;121m55.58[0m[38;5;159m FPS.[0m
[38;5;159m[Genesis] [22:46:14] [INFO] Running at [38;5;121m57.69[0m[38;5;159m FPS.[0m
[38;5;159m[Genesis] [22:46:14] [INFO] Running at [38;5;121m55.85[0m[38;5;159m FPS.[0m
[38;5;159m[Genesis] [22:46:14] [INFO] Running at [38;5;121m57.97[0m[38;5;159m FPS.[0m
[38;5;159m[Genesis] [22:46:14] [INFO] Running at [38;5;121m55.45[0m[38;5;159m FPS.[0m
[38;5;159m[Genesis] [22:46:14] [INFO] Running at [38;5;121m57.56[0m[38;5;159m FPS.[0m
[38;5;159m[Genesis] [22:46:14] [INFO] Running at [38;5;121m53.66[0m[38;5;159m FPS.[0m
[38;5;159m[Genesis] [22:46:14] [INFO] Running at [38;5;121m55.73[0m[38;5;159m FPS.[0m
[38;5;159m[Genesis] [22:46:14] [INFO] Running at [38;5;121m54.05[0m[38;5;159m FPS.[0m
[38;5;159m[Genesis] [22:46:14] [INFO] Running at [38;5;121m56.13[0m[38;5;159m FPS.[0m
[38;5;159m[Genesis] [22:46:14] [INFO] Running at [38;5;121m52.74[0m[38;5;159m FPS.[0m
[38;5;159m[Genesis] [22:46:14] [INFO] Running at [38;5;121m54.81[0m[38;5;159m FPS.[0m
[38;5;159m[Genesis] [22:46:15] [INFO] Running at [38;5;121m51.20[0m[38;5;159m FPS.[0m
[38;5;159m[Genesis] [22:46:15] [INFO] Running at [38;5;121m53.21[0m[38;5;159m FPS.[0m
[38;5;159m[Genesis] [22:46:15] [INFO] Running at [38;5;121m50.64[0m[38;5;159m FPS.[0m
[38;5;159m[Genesis] [22:46:15] [INFO] Running at [38;5;121m52.63[0m[38;5;159m FPS.[0m
[38;5;159m[Genesis] [22:46:15] [INFO] Running at [38;5;121m50.89[0m[38;5;159m FPS.[0m
[38;5;159m[Genesis] [22:46:15] [INFO] Running at [38;5;121m52.89[0m[38;5;159m FPS.[0m
[38;5;159m[Genesis] [22:46:15] [INFO] Running at [38;5;121m49.78[0m[38;5;159m FPS.[0m
[38;5;159m[Genesis] [22:46:15] [INFO] Running at [38;5;121m51.75[0m[38;5;159m FPS.[0m
[38;5;159m[Genesis] [22:46:15] [INFO] Running at [38;5;121m49.82[0m[38;5;159m FPS.[0m
[38;5;159m[Genesis] [22:46:15] [INFO] Running at [38;5;121m51.80[0m[38;5;159m FPS.[0m
[38;5;159m[Genesis] [22:46:15] [INFO] Running at [38;5;121m49.01[0m[38;5;159m FPS.[0m
[38;5;159m[Genesis] [22:46:15] [INFO] Running at [38;5;121m50.96[0m[38;5;159m FPS.[0m
[38;5;159m[Genesis] [22:46:15] [INFO] Running at [38;5;121m47.60[0m[38;5;159m FPS.[0m
[38;5;159m[Genesis] [22:46:15] [INFO] Running at [38;5;121m49.51[0m[38;5;159m FPS.[0m
[38;5;159m[Genesis] [22:46:15] [INFO] Running at [38;5;121m45.99[0m[38;5;159m FPS.[0m
[38;5;159m[Genesis] [22:46:15] [INFO] Running at [38;5;121m47.86[0m[38;5;159m FPS.[0m
[38;5;159m[Genesis] [22:46:15] [INFO] Running at [38;5;121m44.90[0m[38;5;159m FPS.[0m
[38;5;159m[Genesis] [22:46:15] [INFO] Running at [38;5;121m46.73[0m[38;5;159m FPS.[0m
[38;5;159m[Genesis] [22:46:15] [INFO] Running at [38;5;121m44.90[0m[38;5;159m FPS.[0m
[38;5;159m[Genesis] [22:46:15] [INFO] Running at [38;5;121m46.75[0m[38;5;159m FPS.[0m
[38;5;159m[Genesis] [22:46:15] [INFO] Running at [38;5;121m44.90[0m[38;5;159m FPS.[0m
[38;5;159m[Genesis] [22:46:15] [INFO] Running at [38;5;121m46.73[0m[38;5;159m FPS.[0m
[38;5;159m[Genesis] [22:46:15] [INFO] Running at [38;5;121m45.50[0m[38;5;159m FPS.[0m
[38;5;159m[Genesis] [22:46:15] [INFO] Running at [38;5;121m47.35[0m[38;5;159m FPS.[0m
[38;5;159m[Genesis] [22:46:15] [INFO] Running at [38;5;121m45.60[0m[38;5;159m FPS.[0m
[38;5;159m[Genesis] [22:46:15] [INFO] Running at [38;5;121m47.47[0m[38;5;159m FPS.[0m
[38;5;159m[Genesis] [22:46:15] [INFO] Running at [38;5;121m45.08[0m[38;5;159m FPS.[0m
[38;5;159m[Genesis] [22:46:15] [INFO] Running at [38;5;121m46.92[0m[38;5;159m FPS.[0m
[38;5;159m[Genesis] [22:46:15] [INFO] Running at [38;5;121m45.77[0m[38;5;159m FPS.[0m
[38;5;159m[Genesis] [22:46:15] [INFO] Running at [38;5;121m47.63[0m[38;5;159m FPS.[0m
[38;5;159m[Genesis] [22:46:15] [INFO] Running at [38;5;121m45.83[0m[38;5;159m FPS.[0m
[38;5;159m[Genesis] [22:46:15] [INFO] Running at [38;5;121m47.69[0m[38;5;159m FPS.[0m
[38;5;159m[Genesis] [22:46:15] [INFO] Running at [38;5;121m46.23[0m[38;5;159m FPS.[0m
[38;5;159m[Genesis] [22:46:15] [INFO] Running at [38;5;121m48.10[0m[38;5;159m FPS.[0m
[38;5;159m[Genesis] [22:46:15] [INFO] Running at [38;5;121m46.69[0m[38;5;159m FPS.[0m
[38;5;159m[Genesis] [22:46:15] [INFO] Running at [38;5;121m48.58[0m[38;5;159m FPS.[0m
[38;5;159m[Genesis] [22:46:15] [INFO] Running at [38;5;121m47.43[0m[38;5;159m FPS.[0m
[38;5;159m[Genesis] [22:46:15] [INFO] Running at [38;5;121m49.33[0m[38;5;159m FPS.[0m
[38;5;159m[Genesis] [22:46:15] [INFO] Running at [38;5;121m47.33[0m[38;5;159m FPS.[0m
[38;5;159m[Genesis] [22:46:15] [INFO] Running at [38;5;121m49.24[0m[38;5;159m FPS.[0m
[38;5;159m[Genesis] [22:46:15] [INFO] Running at [38;5;121m47.86[0m[38;5;159m FPS.[0m
[38;5;159m[Genesis] [22:46:15] [INFO] Running at [38;5;121m49.79[0m[38;5;159m FPS.[0m
[38;5;159m[Genesis] [22:46:15] [INFO] Running at [38;5;121m48.25[0m[38;5;159m FPS.[0m
[38;5;159m[Genesis] [22:46:15] [INFO] Running at [38;5;121m50.18[0m[38;5;159m FPS.[0m
[38;5;159m[Genesis] [22:46:15] [INFO] Running at [38;5;121m48.69[0m[38;5;159m FPS.[0m
[38;5;159m[Genesis] [22:46:15] [INFO] Running at [38;5;121m50.63[0m[38;5;159m FPS.[0m
[38;5;159m[Genesis] [22:46:15] [INFO] Running at [38;5;121m49.49[0m[38;5;159m FPS.[0m
[38;5;159m[Genesis] [22:46:15] [INFO] Running at [38;5;121m51.44[0m[38;5;159m FPS.[0m
[38;5;159m[Genesis] [22:46:16] [INFO] Running at [38;5;121m49.65[0m[38;5;159m FPS.[0m
[38;5;159m[Genesis] [22:46:16] [INFO] Running at [38;5;121m51.62[0m[38;5;159m FPS.[0m
[38;5;159m[Genesis] [22:46:16] [INFO] Running at [38;5;121m50.10[0m[38;5;159m FPS.[0m
[38;5;159m[Genesis] [22:46:16] [INFO] Running at [38;5;121m52.09[0m[38;5;159m FPS.[0m
[38;5;159m[Genesis] [22:46:16] [INFO] Running at [38;5;121m51.18[0m[38;5;159m FPS.[0m
[38;5;159m[Genesis] [22:46:16] [INFO] Running at [38;5;121m53.18[0m[38;5;159m FPS.[0m
[38;5;159m[Genesis] [22:46:16] [INFO] Running at [38;5;121m51.97[0m[38;5;159m FPS.[0m
[38;5;159m[Genesis] [22:46:16] [INFO] Running at [38;5;121m54.00[0m[38;5;159m FPS.[0m
[38;5;159m[Genesis] [22:46:16] [INFO] Running at [38;5;121m52.78[0m[38;5;159m FPS.[0m
[38;5;159m[Genesis] [22:46:16] [INFO] Running at [38;5;121m54.82[0m[38;5;159m FPS.[0m
[38;5;159m[Genesis] [22:46:16] [INFO] Scene [38;5;121m[3m<1aaa6d7>[0m[38;5;159m created.[0m
[38;5;159m[Genesis] [22:46:16] [INFO] Adding [38;5;121m<gs.RigidEntity>[0m[38;5;159m. idx: [38;5;121m0[0m[38;5;159m, uid: [38;5;121m[3m<9e1b744>[0m[38;5;159m, morph: [38;5;121m<gs.morphs.Plane>[0m[38;5;159m, material: [38;5;121m<gs.materials.Rigid>[0m[38;5;159m.[0m
[38;5;159m[Genesis] [22:46:16] [INFO] Adding [38;5;121m<gs.RigidEntity>[0m[38;5;159m. idx: [38;5;121m1[0m[38;5;159m, uid: [38;5;121m[3m<73d78d6>[0m[38;5;159m, morph: [38;5;121m<gs.morphs.URDF(file='/home/jkoba/SynologyDrive/genesis_humanoid_rl/assets/robots/g1/g1_29dof.urdf')>[0m[38;5;159m, material: [38;5;121m<gs.materials.Rigid>[0m[38;5;159m.[0m
[38;5;159m[Genesis] [22:46:17] [INFO] Building scene [38;5;121m[3m<1aaa6d7>[0m[38;5;159m...[0m
[38;5;159m[Genesis] [22:46:26] [INFO] Compiling simulation kernels...[0m
[38;5;159m[Genesis] [22:47:00] [INFO] Building visualizer...[0m
[38;5;159m[Genesis] [22:47:01] [INFO] Running at [38;5;121m138.97[0m[38;5;159m FPS.[0m
[38;5;159m[Genesis] [22:47:01] [INFO] Running at [38;5;121m140.88[0m[38;5;159m FPS.[0m
[38;5;159m[Genesis] [22:47:01] [INFO] Running at [38;5;121m143.12[0m[38;5;159m FPS.[0m
[38;5;159m[Genesis] [22:47:01] [INFO] Running at [38;5;121m145.44[0m[38;5;159m FPS.[0m
[38;5;159m[Genesis] [22:47:01] [INFO] Running at [38;5;121m147.63[0m[38;5;159m FPS.[0m
[38;5;159m[Genesis] [22:47:01] [INFO] Running at [38;5;121m149.91[0m[38;5;159m FPS.[0m
[38;5;159m[Genesis] [22:47:01] [INFO] Running at [38;5;121m146.82[0m[38;5;159m FPS.[0m
[38;5;159m[Genesis] [22:47:01] [INFO] Running at [38;5;121m142.92[0m[38;5;159m FPS.[0m
[38;5;159m[Genesis] [22:47:01] [INFO] Running at [38;5;121m139.36[0m[38;5;159m FPS.[0m
[38;5;159m[Genesis] [22:47:01] [INFO] Running at [38;5;121m136.18[0m[38;5;159m FPS.[0m
[38;5;159m[Genesis] [22:47:01] [INFO] Running at [38;5;121m55.40[0m[38;5;159m FPS.[0m
[38;5;159m[Genesis] [22:47:01] [INFO] Running at [38;5;121m57.51[0m[38;5;159m FPS.[0m
[38;5;159m[Genesis] [22:47:01] [INFO] Running at [38;5;121m55.17[0m[38;5;159m FPS.[0m
[38;5;159m[Genesis] [22:47:01] [INFO] Running at [38;5;121m57.28[0m[38;5;159m FPS.[0m
[38;5;159m[Genesis] [22:47:01] [INFO] Running at [38;5;121m54.76[0m[38;5;159m FPS.[0m
[38;5;159m[Genesis] [22:47:01] [INFO] Running at [38;5;121m56.86[0m[38;5;159m FPS.[0m
[38;5;159m[Genesis] [22:47:01] [INFO] Running at [38;5;121m55.05[0m[38;5;159m FPS.[0m
[38;5;159m[Genesis] [22:47:01] [INFO] Running at [38;5;121m57.15[0m[38;5;159m FPS.[0m
[38;5;159m[Genesis] [22:47:01] [INFO] Running at [38;5;121m54.89[0m[38;5;159m FPS.[0m
[38;5;159m[Genesis] [22:47:01] [INFO] Running at [38;5;121m56.99[0m[38;5;159m FPS.[0m
[38;5;159m[Genesis] [22:47:01] [INFO] Running at [38;5;121m55.17[0m[38;5;159m FPS.[0m
[38;5;159m[Genesis] [22:47:01] [INFO] Running at [38;5;121m57.27[0m[38;5;159m FPS.[0m
[38;5;159m[Genesis] [22:47:01] [INFO] Running at [38;5;121m55.22[0m[38;5;159m FPS.[0m
[38;5;159m[Genesis] [22:47:01] [INFO] Running at [38;5;121m57.32[0m[38;5;159m FPS.[0m
[38;5;159m[Genesis] [22:47:01] [INFO] Running at [38;5;121m54.92[0m[38;5;159m FPS.[0m
[38;5;159m[Genesis] [22:47:01] [INFO] Running at [38;5;121m57.03[0m[38;5;159m FPS.[0m
[38;5;159m[Genesis] [22:47:01] [INFO] Running at [38;5;121m54.95[0m[38;5;159m FPS.[0m
[38;5;159m[Genesis] [22:47:01] [INFO] Running at [38;5;121m57.06[0m[38;5;159m FPS.[0m
[38;5;159m[Genesis] [22:47:01] [INFO] Running at [38;5;121m54.41[0m[38;5;159m FPS.[0m
[38;5;159m[Genesis] [22:47:01] [INFO] Running at [38;5;121m56.49[0m[38;5;159m FPS.[0m
[38;5;159m[Genesis] [22:47:01] [INFO] Running at [38;5;121m53.89[0m[38;5;159m FPS.[0m
[38;5;159m[Genesis] [22:47:01] [INFO] Running at [38;5;121m55.98[0m[38;5;159m FPS.[0m
[38;5;159m[Genesis] [22:47:01] [INFO] Running at [38;5;121m53.87[0m[38;5;159m FPS.[0m
[38;5;159m[Genesis] [22:47:01] [INFO] Running at [38;5;121m55.94[0m[38;5;159m FPS.[0m
[38;5;159m[Genesis] [22:47:01] [INFO] Running at [38;5;121m53.76[0m[38;5;159m FPS.[0m
[38;5;159m[Genesis] [22:47:01] [INFO] Running at [38;5;121m55.84[0m[38;5;159m FPS.[0m
[38;5;159m[Genesis] [22:47:01] [INFO] Running at [38;5;121m53.25[0m[38;5;159m FPS.[0m
[38;5;159m[Genesis] [22:47:01] [INFO] Running at [38;5;121m55.31[0m[38;5;159m FPS.[0m
[38;5;159m[Genesis] [22:47:02] [INFO] Running at [38;5;121m53.07[0m[38;5;159m FPS.[0m
[38;5;159m[Genesis] [22:47:02] [INFO] Running at [38;5;121m55.13[0m[38;5;159m FPS.[0m
[38;5;159m[Genesis] [22:47:02] [INFO] Running at [38;5;121m53.69[0m[38;5;159m FPS.[0m
[38;5;159m[Genesis] [22:47:02] [INFO] Running at [38;5;121m55.76[0m[38;5;159m FPS.[0m
[38;5;159m[Genesis] [22:47:02] [INFO] Running at [38;5;121m54.13[0m[38;5;159m FPS.[0m
[38;5;159m[Genesis] [22:47:02] [INFO] Running at [38;5;121m56.20[0m[38;5;159m FPS.[0m
[38;5;159m[Genesis] [22:47:02] [INFO] Running at [38;5;121m54.65[0m[38;5;159m FPS.[0m
[38;5;159m[Genesis] [22:47:02] [INFO] Running at [38;5;121m56.76[0m[38;5;159m FPS.[0m
[38;5;159m[Genesis] [22:47:02] [INFO] Running at [38;5;121m54.44[0m[38;5;159m FPS.[0m
[38;5;159m[Genesis] [22:47:02] [INFO] Running at [38;5;121m56.53[0m[38;5;159m FPS.[0m
[38;5;159m[Genesis] [22:47:02] [INFO] Running at [38;5;121m53.42[0m[38;5;159m FPS.[0m
[38;5;159m[Genesis] [22:47:02] [INFO] Running at [38;5;121m55.48[0m[38;5;159m FPS.[0m
[38;5;159m[Genesis] [22:47:02] [INFO] Running at [38;5;121m53.01[0m[38;5;159m FPS.[0m
[38;5;159m[Genesis] [22:47:02] [INFO] Running at [38;5;121m55.07[0m[38;5;159m FPS.[0m
[38;5;159m[Genesis] [22:47:02] [INFO] Running at [38;5;121m52.00[0m[38;5;159m FPS.[0m
[38;5;159m[Genesis] [22:47:02] [INFO] Running at [38;5;121m54.03[0m[38;5;159m FPS.[0m
[38;5;159m[Genesis] [22:47:02] [INFO] Running at [38;5;121m51.56[0m[38;5;159m FPS.[0m
[38;5;159m[Genesis] [22:47:02] [INFO] Running at [38;5;121m53.59[0m[38;5;159m FPS.[0m
[38;5;159m[Genesis] [22:47:02] [INFO] Running at [38;5;121m50.54[0m[38;5;159m FPS.[0m
[38;5;159m[Genesis] [22:47:02] [INFO] Running at [38;5;121m52.53[0m[38;5;159m FPS.[0m
[38;5;159m[Genesis] [22:47:02] [INFO] Running at [38;5;121m50.80[0m[38;5;159m FPS.[0m
[38;5;159m[Genesis] [22:47:02] [INFO] Running at [38;5;121m52.80[0m[38;5;159m FPS.[0m
[38;5;159m[Genesis] [22:47:02] [INFO] Running at [38;5;121m49.84[0m[38;5;159m FPS.[0m
[38;5;159m[Genesis] [22:47:02] [INFO] Running at [38;5;121m51.82[0m[38;5;159m FPS.[0m
[38;5;159m[Genesis] [22:47:02] [INFO] Running at [38;5;121m50.36[0m[38;5;159m FPS.[0m
[38;5;159m[Genesis] [22:47:02] [INFO] Running at [38;5;121m52.34[0m[38;5;159m FPS.[0m
[38;5;159m[Genesis] [22:47:02] [INFO] Running at [38;5;121m49.19[0m[38;5;159m FPS.[0m
[38;5;159m[Genesis] [22:47:02] [INFO] Running at [38;5;121m51.14[0m[38;5;159m FPS.[0m
[38;5;159m[Genesis] [22:47:02] [INFO] Running at [38;5;121m48.96[0m[38;5;159m FPS.[0m
[38;5;159m[Genesis] [22:47:02] [INFO] Running at [38;5;121m50.92[0m[38;5;159m FPS.[0m
[38;5;159m[Genesis] [22:47:02] [INFO] Running at [38;5;121m48.17[0m[38;5;159m FPS.[0m
[38;5;159m[Genesis] [22:47:02] [INFO] Running at [38;5;121m50.09[0m[38;5;159m FPS.[0m
[38;5;159m[Genesis] [22:47:02] [INFO] Running at [38;5;121m47.01[0m[38;5;159m FPS.[0m
[38;5;159m[Genesis] [22:47:02] [INFO] Running at [38;5;121m48.91[0m[38;5;159m FPS.[0m
[38;5;159m[Genesis] [22:47:02] [INFO] Running at [38;5;121m47.58[0m[38;5;159m FPS.[0m
[38;5;159m[Genesis] [22:47:02] [INFO] Running at [38;5;121m49.49[0m[38;5;159m FPS.[0m
[38;5;159m[Genesis] [22:47:02] [INFO] Running at [38;5;121m47.72[0m[38;5;159m FPS.[0m
[38;5;159m[Genesis] [22:47:02] [INFO] Running at [38;5;121m49.64[0m[38;5;159m FPS.[0m
[38;5;159m[Genesis] [22:47:02] [INFO] Running at [38;5;121m48.17[0m[38;5;159m FPS.[0m
[38;5;159m[Genesis] [22:47:02] [INFO] Running at [38;5;121m50.11[0m[38;5;159m FPS.[0m
[38;5;159m[Genesis] [22:47:02] [INFO] Running at [38;5;121m49.22[0m[38;5;159m FPS.[0m
[38;5;159m[Genesis] [22:47:02] [INFO] Running at [38;5;121m51.17[0m[38;5;159m FPS.[0m
[38;5;159m[Genesis] [22:47:02] [INFO] Running at [38;5;121m49.79[0m[38;5;159m FPS.[0m
[38;5;159m[Genesis] [22:47:02] [INFO] Running at [38;5;121m51.75[0m[38;5;159m FPS.[0m
[38;5;159m[Genesis] [22:47:02] [INFO] Running at [38;5;121m50.45[0m[38;5;159m FPS.[0m
[38;5;159m[Genesis] [22:47:02] [INFO] Running at [38;5;121m52.40[0m[38;5;159m FPS.[0m
[38;5;159m[Genesis] [22:47:02] [INFO] Running at [38;5;121m50.52[0m[38;5;159m FPS.[0m
[38;5;159m[Genesis] [22:47:02] [INFO] Running at [38;5;121m52.51[0m[38;5;159m FPS.[0m
[38;5;159m[Genesis] [22:47:02] [INFO] Running at [38;5;121m51.15[0m[38;5;159m FPS.[0m
[38;5;159m[Genesis] [22:47:02] [INFO] Running at [38;5;121m53.17[0m[38;5;159m FPS.[0m
[38;5;159m[Genesis] [22:47:02] [INFO] Running at [38;5;121m52.07[0m[38;5;159m FPS.[0m
[38;5;159m[Genesis] [22:47:02] [INFO] Running at [38;5;121m54.09[0m[38;5;159m FPS.[0m
[38;5;159m[Genesis] [22:47:03] [INFO] Running at [38;5;121m52.75[0m[38;5;159m FPS.[0m
[38;5;159m[Genesis] [22:47:03] [INFO] Running at [38;5;121m54.80[0m[38;5;159m FPS.[0m
[38;5;159m[Genesis] [22:47:03] [INFO] Running at [38;5;121m54.18[0m[38;5;159m FPS.[0m
[38;5;159m[Genesis] [22:47:03] [INFO] Running at [38;5;121m56.28[0m[38;5;159m FPS.[0m
[38;5;159m[Genesis] [22:47:03] [INFO] Running at [38;5;121m54.95[0m[38;5;159m FPS.[0m
[38;5;159m[Genesis] [22:47:03] [INFO] Running at [38;5;121m57.05[0m[38;5;159m FPS.[0m
[38;5;159m[Genesis] [22:47:03] [INFO] Scene [38;5;121m[3m<d0763ce>[0m[38;5;159m created.[0m
[38;5;159m[Genesis] [22:47:03] [INFO] Adding [38;5;121m<gs.RigidEntity>[0m[38;5;159m. idx: [38;5;121m0[0m[38;5;159m, uid: [38;5;121m[3m<9436af8>[0m[38;5;159m, morph: [38;5;121m<gs.morphs.Plane>[0m[38;5;159m, material: [38;5;121m<gs.materials.Rigid>[0m[38;5;159m.[0m
[38;5;159m[Genesis] [22:47:03] [INFO] Adding [38;5;121m<gs.RigidEntity>[0m[38;5;159m. idx: [38;5;121m1[0m[38;5;159m, uid: [38;5;121m[3m<7efd332>[0m[38;5;159m, morph: [38;5;121m<gs.morphs.URDF(file='/home/jkoba/SynologyDrive/genesis_humanoid_rl/assets/robots/g1/g1_29dof.urdf')>[0m[38;5;159m, material: [38;5;121m<gs.materials.Rigid>[0m[38;5;159m.[0m
[38;5;159m[Genesis] [22:47:04] [INFO] Building scene [38;5;121m[3m<d0763ce>[0m[38;5;159m...[0m
